dataset_type,scenario,scenario_description,replicate,phase,time_min,phase_time_min,probe_concentration_uM,probe_concentration_M,flow_rate_mL_min,assumed_flow_cell_volume_mL,assumed_path_length_cm,assumed_cross_section_area_cm2,residence_time_min,transport_rate_min_inv,kon_M_inv_min_inv,koff_min_inv,kobs_assoc_min_inv,KD_uM,KA_M_inv,damkohler_assoc,damkohler_dissociation,damkohler_regime,baseline_RFU,bulk_flow_component_clean_RFU,binding_component_clean_RFU,fluorescence_clean_RFU,fluorescence_noisy_RFU,normalized_fluorescence_noisy_0_to_1,notes
SYNTHETIC_SIMULATED_TRAINING_DATA_NOT_EXPERIMENTAL,bulk_flow_artifact_low_binding,Mostly wash-in/wash-out bulk fluorescence; weak true binding.,1,association_probe_injection,0,0,200.0,0.00019999999999999998,0.005,0.1,2.0,0.05,20.0,0.049999999999999996,54.965631381270825,0.09704630625673367,0.10803943253298784,1765.5815792157273,566.3856101422404,2.160788650659757,1.9409261251346734,Da>1: interaction/retention dominates over residence time,139.761902316193,0.0,0.0,139.761902316193,137.99640133769796,-0.0026063351305169553,Association model: baseline + bulk flow wash-in + binding buildup with random noise.
SYNTHETIC_SIMULATED_TRAINING_DATA_NOT_EXPERIMENTAL,bulk_flow_artifact_low_binding,Mostly wash-in/wash-out bulk fluorescence; weak true binding.,1,association_probe_injection,10,10,200.0,0.00019999999999999998,0.005,0.1,2.0,0.05,20.0,0.049999999999999996,54.965631381270825,0.09704630625673367,0.10803943253298784,1765.5815792157273,566.3856101422404,2.160788650659757,1.9409261251346734,Da>1: interaction/retention dominates over residence time,139.761902316193,236.12738649654014,51.04109740925771,426.93038622199083,414.1955663436352,0.4051349210584563,Association model: baseline + bulk flow wash-in + binding buildup with random noise.
SYNTHETIC_SIMULATED_TRAINING_DATA_NOT_EXPERIMENTAL,bulk_flow_artifact_low_binding,Mostly wash-in/wash-out bulk fluorescence; weak true binding.,1,association_probe_injection,20,20,200.0,0.00019999999999999998,0.005,0.1,2.0,0.05,20.0,0.049999999999999996,54.965631381270825,0.09704630625673367,0.10803943253298784,1765.5815792157273,566.3856101422404,2.160788650659757,1.9409261251346734,Da>1: interaction/retention dominates over residence time,139.761902316193,379.3458860045066,68.36759209047155,587.4753804111712,598.2164518609935,0.6767972449624478,Association model: baseline + bulk flow wash-in + binding buildup with random noise.
SYNTHETIC_SIMULATED_TRAINING_DATA_NOT_EXPERIMENTAL,bulk_flow_artifact_low_binding,Mostly wash-in/wash-out bulk fluorescence; weak true binding.,1,association_probe_injection,30,30,200.0,0.00019999999999999998,0.005,0.1,2.0,0.05,20.0,0.049999999999999996,54.965631381270825,0.09704630625673367,0.10803943253298784,1765.5815792157273,566.3856101422404,2.160788650659757,1.9409261251346734,Da>1: interaction/retention dominates over residence time,139.761902316193,466.2122969941269,74.24927240645317,680.2234717167731,689.9167977768324,0.8121706239365796,Association model: baseline + bulk flow wash-in + binding buildup with random noise.
SYNTHETIC_SIMULATED_TRAINING_DATA_NOT_EXPERIMENTAL,bulk_flow_artifact_low_binding,Mostly wash-in/wash-out bulk fluorescence; weak true binding.,1,association_probe_injection,40,40,200.0,0.00019999999999999998,0.005,0.1,2.0,0.05,20.0,0.049999999999999996,54.965631381270825,0.09704630625673367,0.10803943253298784,1765.5815792157273,566.3856101422404,2.160788650659757,1.9409261251346734,Da>1: interaction/retention dominates over residence time,139.761902316193,518.8994385585302,76.24587725791883,734.9072181326419,713.9686723935224,0.847677398802094,Association model: baseline + bulk flow wash-in + binding buildup with random noise.
SYNTHETIC_SIMULATED_TRAINING_DATA_NOT_EXPERIMENTAL,bulk_flow_artifact_low_binding,Mostly wash-in/wash-out bulk fluorescence; weak true binding.,1,association_probe_injection,50,50,200.0,0.00019999999999999998,0.005,0.1,2.0,0.05,20.0,0.049999999999999996,54.965631381270825,0.09704630625673367,0.10803943253298784,1765.5815792157273,566.3856101422404,2.160788650659757,1.9409261251346734,Da>1: interaction/retention dominates over residence time,139.761902316193,550.8558052899605,76.92364801707832,767.5413556232318,723.3328003794315,0.8615012686461858,Association model: baseline + bulk flow wash-in + binding buildup with random noise.
SYNTHETIC_SIMULATED_TRAINING_DATA_NOT_EXPERIMENTAL,bulk_flow_artifact_low_binding,Mostly wash-in/wash-out bulk fluorescence; weak true binding.,1,association_probe_injection,60,60,200.0,0.00019999999999999998,0.005,0.1,2.0,0.05,20.0,0.049999999999999996,54.965631381270825,0.09704630625673367,0.10803943253298784,1765.5815792157273,566.3856101422404,2.160788650659757,1.9409261251346734,Da>1: interaction/retention dominates over residence time,139.761902316193,570.2383214855938,77.1537251911543,787.1539489929411,770.5070054941176,0.9311425713371803,Association model: baseline + bulk flow wash-in + binding buildup with random noise.
SYNTHETIC_SIMULATED_TRAINING_DATA_NOT_EXPERIMENTAL,bulk_flow_artifact_low_binding,Mostly wash-in/wash-out bulk fluorescence; weak true binding.,1,association_probe_injection,70,70,200.0,0.00019999999999999998,0.005,0.1,2.0,0.05,20.0,0.049999999999999996,54.965631381270825,0.09704630625673367,0.10803943253298784,1765.5815792157273,566.3856101422404,2.160788650659757,1.9409261251346734,Da>1: interaction/retention dominates over residence time,139.761902316193,581.9944118206222,77.23182756620577,798.9881417030209,747.510695675629,0.8971940825613368,Association model: baseline + bulk flow wash-in + binding buildup with random noise.
SYNTHETIC_SIMULATED_TRAINING_DATA_NOT_EXPERIMENTAL,bulk_flow_artifact_low_binding,Mostly wash-in/wash-out bulk fluorescence; weak true binding.,1,association_probe_injection,80,80,200.0,0.00019999999999999998,0.005,0.1,2.0,0.05,20.0,0.049999999999999996,54.965631381270825,0.09704630625673367,0.10803943253298784,1765.5815792157273,566.3856101422404,2.160788650659757,1.9409261251346734,Da>1: interaction/retention dominates over residence time,139.761902316193,589.1248410471682,77.25834032660096,806.1450836899621,806.2240694820413,0.9838701765690964,Association model: baseline + bulk flow wash-in + binding buildup with random noise.
SYNTHETIC_SIMULATED_TRAINING_DATA_NOT_EXPERIMENTAL,bulk_flow_artifact_low_binding,Mostly wash-in/wash-out bulk fluorescence; weak true binding.,1,association_probe_injection,90,90,200.0,0.00019999999999999998,0.005,0.1,2.0,0.05,20.0,0.049999999999999996,54.965631381270825,0.09704630625673367,0.10803943253298784,1765.5815792157273,566.3856101422404,2.160788650659757,1.9409261251346734,Da>1: interaction/retention dominates over residence time,139.761902316193,593.4496649899794,77.2673403917502,810.4789076979225,853.711806577002,1.0539743333874372,Association model: baseline + bulk flow wash-in + binding buildup with random noise.
SYNTHETIC_SIMULATED_TRAINING_DATA_NOT_EXPERIMENTAL,bulk_flow_artifact_low_binding,Mostly wash-in/wash-out bulk fluorescence; weak true binding.,1,association_probe_injection,100,100,200.0,0.00019999999999999998,0.005,0.1,2.0,0.05,20.0,0.049999999999999996,54.965631381270825,0.09704630625673367,0.10803943253298784,1765.5815792157273,566.3856101422404,2.160788650659757,1.9409261251346734,Da>1: interaction/retention dominates over residence time,139.761902316193,596.0728033091536,77.27039556863419,813.1051011939808,786.3434802185194,0.9545212955183112,Association model: baseline + bulk flow wash-in + binding buildup with random noise.
SYNTHETIC_SIMULATED_TRAINING_DATA_NOT_EXPERIMENTAL,bulk_flow_artifact_low_binding,Mostly wash-in/wash-out bulk fluorescence; weak true binding.,1,association_probe_injection,110,110,200.0,0.00019999999999999998,0.005,0.1,2.0,0.05,20.0,0.049999999999999996,54.965631381270825,0.09704630625673367,0.10803943253298784,1765.5815792157273,566.3856101422404,2.160788650659757,1.9409261251346734,Da>1: interaction/retention dominates over residence time,139.761902316193,597.6638171243999,77.27143268399254,814.6971521245854,807.3193486485513,0.9854870913169046,Association model: baseline + bulk flow wash-in + binding buildup with random noise.
SYNTHETIC_SIMULATED_TRAINING_DATA_NOT_EXPERIMENTAL,bulk_flow_artifact_low_binding,Mostly wash-in/wash-out bulk fluorescence; weak true binding.,1,association_probe_injection,120,120,200.0,0.00019999999999999998,0.005,0.1,2.0,0.05,20.0,0.049999999999999996,54.965631381270825,0.09704630625673367,0.10803943253298784,1765.5815792157273,566.3856101422404,2.160788650659757,1.9409261251346734,Da>1: interaction/retention dominates over residence time,139.761902316193,598.628815783373,77.27178474487393,815.6625028444399,831.1149484438895,1.0206155384000546,Association model: baseline + bulk flow wash-in + binding buildup with random noise.
SYNTHETIC_SIMULATED_TRAINING_DATA_NOT_EXPERIMENTAL,bulk_flow_artifact_low_binding,Mostly wash-in/wash-out bulk fluorescence; weak true binding.,1,dissociation_buffer_wash,130,0,0.0,0.0,0.005,0.1,2.0,0.05,20.0,0.049999999999999996,54.965631381270825,0.09704630625673367,0.10803943253298784,1765.5815792157273,566.3856101422404,2.160788650659757,1.9409261251346734,Da>1: interaction/retention dominates over residence time,139.761902316193,598.628815783373,77.27178474487393,815.6625028444399,858.8625231801584,1.061578120524155,Dissociation model: bulk flow component washes out fast; bound component decays by koff.
SYNTHETIC_SIMULATED_TRAINING_DATA_NOT_EXPERIMENTAL,bulk_flow_artifact_low_binding,Mostly wash-in/wash-out bulk fluorescence; weak true binding.,1,dissociation_buffer_wash,140,10,0.0,0.0,0.005,0.1,2.0,0.05,20.0,0.049999999999999996,54.965631381270825,0.09704630625673367,0.10803943253298784,1765.5815792157273,566.3856101422404,2.160788650659757,1.9409261251346734,Da>1: interaction/retention dominates over residence time,139.761902316193,363.0867305600818,29.2788618362551,532.1274947125299,526.2885373557812,0.5706130781320451,Dissociation model: bulk flow component washes out fast; bound component decays by koff.
SYNTHETIC_SIMULATED_TRAINING_DATA_NOT_EXPERIMENTAL,bulk_flow_artifact_low_binding,Mostly wash-in/wash-out bulk fluorescence; weak true binding.,1,dissociation_buffer_wash,150,20,0.0,0.0,0.005,0.1,2.0,0.05,20.0,0.049999999999999996,54.965631381270825,0.09704630625673367,0.10803943253298784,1765.5815792157273,566.3856101422404,2.160788650659757,1.9409261251346734,Da>1: interaction/retention dominates over residence time,139.761902316193,220.2232342195096,11.093981499934022,371.07911803563667,374.57948430052767,0.3466513588174377,Dissociation model: bulk flow component washes out fast; bound component decays by koff.
SYNTHETIC_SIMULATED_TRAINING_DATA_NOT_EXPERIMENTAL,bulk_flow_artifact_low_binding,Mostly wash-in/wash-out bulk fluorescence; weak true binding.,1,dissociation_buffer_wash,160,30,0.0,0.0,0.005,0.1,2.0,0.05,20.0,0.049999999999999996,54.965631381270825,0.09704630625673367,0.10803943253298784,1765.5815792157273,566.3856101422404,2.160788650659757,1.9409261251346734,Da>1: interaction/retention dominates over residence time,139.761902316193,133.57214353520897,4.203593234231415,277.5376390856333,288.998553640155,0.22031181621769216,Dissociation model: bulk flow component washes out fast; bound component decays by koff.
SYNTHETIC_SIMULATED_TRAINING_DATA_NOT_EXPERIMENTAL,bulk_flow_artifact_low_binding,Mostly wash-in/wash-out bulk fluorescence; weak true binding.,1,dissociation_buffer_wash,170,40,0.0,0.0,0.005,0.1,2.0,0.05,20.0,0.049999999999999996,54.965631381270825,0.09704630625673367,0.10803943253298784,1765.5815792157273,566.3856101422404,2.160788650659757,1.9409261251346734,Da>1: interaction/retention dominates over residence time,139.761902316193,81.01560033764086,1.5927731697570633,222.3702758235909,241.08821329354734,0.1495837879235185,Dissociation model: bulk flow component washes out fast; bound component decays by koff.
SYNTHETIC_SIMULATED_TRAINING_DATA_NOT_EXPERIMENTAL,bulk_flow_artifact_low_binding,Mostly wash-in/wash-out bulk fluorescence; weak true binding.,1,dissociation_buffer_wash,180,50,0.0,0.0,0.005,0.1,2.0,0.05,20.0,0.049999999999999996,54.965631381270825,0.09704630625673367,0.10803943253298784,1765.5815792157273,566.3856101422404,2.160788650659757,1.9409261251346734,Da>1: interaction/retention dominates over residence time,139.761902316193,49.13844551980434,0.6035137628538443,189.5038615988512,209.59895716422866,0.10309751831314977,Dissociation model: bulk flow component washes out fast; bound component decays by koff.
SYNTHETIC_SIMULATED_TRAINING_DATA_NOT_EXPERIMENTAL,bulk_flow_artifact_low_binding,Mostly wash-in/wash-out bulk fluorescence; weak true binding.,1,dissociation_buffer_wash,190,60,0.0,0.0,0.005,0.1,2.0,0.05,20.0,0.049999999999999996,54.965631381270825,0.09704630625673367,0.10803943253298784,1765.5815792157273,566.3856101422404,2.160788650659757,1.9409261251346734,Da>1: interaction/retention dominates over residence time,139.761902316193,29.803973778380236,0.22867591498264628,169.79455200955587,178.31435086121377,0.05691336466773757,Dissociation model: bulk flow component washes out fast; bound component decays by koff.
SYNTHETIC_SIMULATED_TRAINING_DATA_NOT_EXPERIMENTAL,bulk_flow_artifact_low_binding,Mostly wash-in/wash-out bulk fluorescence; weak true binding.,1,dissociation_buffer_wash,200,70,0.0,0.0,0.005,0.1,2.0,0.05,20.0,0.049999999999999996,54.965631381270825,0.09704630625673367,0.10803943253298784,1765.5815792157273,566.3856101422404,2.160788650659757,1.9409261251346734,Da>1: interaction/retention dominates over residence time,139.761902316193,18.077023877858995,0.08664702830615384,157.92557322235814,145.0486139077217,0.0078045508406673885,Dissociation model: bulk flow component washes out fast; bound component decays by koff.
SYNTHETIC_SIMULATED_TRAINING_DATA_NOT_EXPERIMENTAL,bulk_flow_artifact_low_binding,Mostly wash-in/wash-out bulk fluorescence; weak true binding.,1,dissociation_buffer_wash,210,80,0.0,0.0,0.005,0.1,2.0,0.05,20.0,0.049999999999999996,54.965631381270825,0.09704630625673367,0.10803943253298784,1765.5815792157273,566.3856101422404,2.160788650659757,1.9409261251346734,Da>1: interaction/retention dominates over residence time,139.761902316193,10.964269218278842,0.03283121230697675,150.7590027467788,168.83159499316298,0.042914369451045764,Dissociation model: bulk flow component washes out fast; bound component decays by koff.
SYNTHETIC_SIMULATED_TRAINING_DATA_NOT_EXPERIMENTAL,bulk_flow_artifact_low_binding,Mostly wash-in/wash-out bulk fluorescence; weak true binding.,1,dissociation_buffer_wash,220,90,0.0,0.0,0.005,0.1,2.0,0.05,20.0,0.049999999999999996,54.965631381270825,0.09704630625673367,0.10803943253298784,1765.5815792157273,566.3856101422404,2.160788650659757,1.9409261251346734,Da>1: interaction/retention dominates over residence time,139.761902316193,6.650165442229582,0.012439993876503528,146.4245077522991,138.93297397877004,-0.0012237121773492896,Dissociation model: bulk flow component washes out fast; bound component decays by koff.
SYNTHETIC_SIMULATED_TRAINING_DATA_NOT_EXPERIMENTAL,bulk_flow_artifact_low_binding,Mostly wash-in/wash-out bulk fluorescence; weak true binding.,1,dissociation_buffer_wash,230,100,0.0,0.0,0.005,0.1,2.0,0.05,20.0,0.049999999999999996,54.965631381270825,0.09704630625673367,0.10803943253298784,1765.5815792157273,566.3856101422404,2.160788650659757,1.9409261251346734,Da>1: interaction/retention dominates over residence time,139.761902316193,4.033529232873665,0.0047136074720749675,143.80014515653872,157.69912961634435,0.02647997719961841,Dissociation model: bulk flow component washes out fast; bound component decays by koff.
SYNTHETIC_SIMULATED_TRAINING_DATA_NOT_EXPERIMENTAL,bulk_flow_artifact_low_binding,Mostly wash-in/wash-out bulk fluorescence; weak true binding.,1,dissociation_buffer_wash,240,110,0.0,0.0,0.005,0.1,2.0,0.05,20.0,0.049999999999999996,54.965631381270825,0.09704630625673367,0.10803943253298784,1765.5815792157273,566.3856101422404,2.160788650659757,1.9409261251346734,Da>1: interaction/retention dominates over residence time,139.761902316193,2.4464591465850587,0.0017860214097666215,142.21014748418781,127.64469938166674,-0.017888119053199307,Dissociation model: bulk flow component washes out fast; bound component decays by koff.
SYNTHETIC_SIMULATED_TRAINING_DATA_NOT_EXPERIMENTAL,bulk_flow_artifact_low_binding,Mostly wash-in/wash-out bulk fluorescence; weak true binding.,1,dissociation_buffer_wash,250,120,0.0,0.0,0.005,0.1,2.0,0.05,20.0,0.049999999999999996,54.965631381270825,0.09704630625673367,0.10803943253298784,1765.5815792157273,566.3856101422404,2.160788650659757,1.9409261251346734,Da>1: interaction/retention dominates over residence time,139.761902316193,1.4838524801382418,0.0006767369780030798,141.24643153330922,141.55014536666005,0.002639908298611136,Dissociation model: bulk flow component washes out fast; bound component decays by koff.
SYNTHETIC_SIMULATED_TRAINING_DATA_NOT_EXPERIMENTAL,bulk_flow_artifact_low_binding,Mostly wash-in/wash-out bulk fluorescence; weak true binding.,1,dissociation_buffer_wash,260,130,0.0,0.0,0.005,0.1,2.0,0.05,20.0,0.049999999999999996,54.965631381270825,0.09704630625673367,0.10803943253298784,1765.5815792157273,566.3856101422404,2.160788650659757,1.9409261251346734,Da>1: interaction/retention dominates over residence time,139.761902316193,0.9000020236944751,0.0002564207432746195,140.66216076063074,122.32804070681847,-0.025736879518365938,Dissociation model: bulk flow component washes out fast; bound component decays by koff.
SYNTHETIC_SIMULATED_TRAINING_DATA_NOT_EXPERIMENTAL,bulk_flow_artifact_low_binding,Mostly wash-in/wash-out bulk fluorescence; weak true binding.,2,association_probe_injection,0,0,200.0,0.00019999999999999998,0.005,0.1,2.0,0.05,20.0,0.049999999999999996,16.785137328987762,0.09488592378184092,0.09824295124763847,5652.972741424873,176.89807571015152,1.9648590249527695,1.8977184756368184,Da>1: interaction/retention dominates over residence time,141.882369998045,0.0,0.0,141.882369998045,134.17891026972873,-0.011508601400165781,Association model: baseline + bulk flow wash-in + binding buildup with random noise.
SYNTHETIC_SIMULATED_TRAINING_DATA_NOT_EXPERIMENTAL,bulk_flow_artifact_low_binding,Mostly wash-in/wash-out bulk fluorescence; weak true binding.,2,association_probe_injection,10,10,200.0,0.00019999999999999998,0.005,0.1,2.0,0.05,20.0,0.049999999999999996,16.785137328987762,0.09488592378184092,0.09824295124763847,5652.972741424873,176.89807571015152,1.9648590249527695,1.8977184756368184,Da>1: interaction/retention dominates over residence time,141.882369998045,231.50486937033378,50.67179063834902,424.0590300067278,452.20575480261766,0.46360833532217155,Association model: baseline + bulk flow wash-in + binding buildup with random noise.
SYNTHETIC_SIMULATED_TRAINING_DATA_NOT_EXPERIMENTAL,bulk_flow_artifact_low_binding,Mostly wash-in/wash-out bulk fluorescence; weak true binding.,2,association_probe_injection,20,20,200.0,0.00019999999999999998,0.005,0.1,2.0,0.05,20.0,0.049999999999999996,16.785137328987762,0.09488592378184092,0.09824295124763847,5652.972741424873,176.89807571015152,1.9648590249527695,1.8977184756368184,Da>1: interaction/retention dominates over residence time,141.882369998045,371.9196705162093,69.6433284403954,583.4453689546497,575.5899644571183,0.647938459456993,Association model: baseline + bulk flow wash-in + binding buildup with random noise.
SYNTHETIC_SIMULATED_TRAINING_DATA_NOT_EXPERIMENTAL,bulk_flow_artifact_low_binding,Mostly wash-in/wash-out bulk fluorescence; weak true binding.,2,association_probe_injection,30,30,200.0,0.00019999999999999998,0.005,0.1,2.0,0.05,20.0,0.049999999999999996,16.785137328987762,0.09488592378184092,0.09824295124763847,5652.972741424873,176.89807571015152,1.9648590249527695,1.8977184756368184,Da>1: interaction/retention dominates over residence time,141.882369998045,457.0855524886354,76.74627945199994,675.7142019386804,648.4324460282747,0.7567616525373559,Association model: baseline + bulk flow wash-in + binding buildup with random noise.
SYNTHETIC_SIMULATED_TRAINING_DATA_NOT_EXPERIMENTAL,bulk_flow_artifact_low_binding,Mostly wash-in/wash-out bulk fluorescence; weak true binding.,2,association_probe_injection,40,40,200.0,0.00019999999999999998,0.005,0.1,2.0,0.05,20.0,0.049999999999999996,16.785137328987762,0.09488592378184092,0.09824295124763847,5652.972741424873,176.89807571015152,1.9648590249527695,1.8977184756368184,Da>1: interaction/retention dominates over residence time,141.882369998045,508.74127106637934,79.40562702833672,730.0292680927611,743.1281467396313,0.8982325126744541,Association model: baseline + bulk flow wash-in + binding buildup with random noise.
SYNTHETIC_SIMULATED_TRAINING_DATA_NOT_EXPERIMENTAL,bulk_flow_artifact_low_binding,Mostly wash-in/wash-out bulk fluorescence; weak true binding.,2,association_probe_injection,50,50,200.0,0.00019999999999999998,0.005,0.1,2.0,0.05,20.0,0.049999999999999996,16.785137328987762,0.09488592378184092,0.09824295124763847,5652.972741424873,176.89807571015152,1.9648590249527695,1.8977184756368184,Da>1: interaction/retention dominates over residence time,141.882369998045,540.0720481332685,80.40128777838473,762.3557059096981,771.5898567108966,0.9407529498258805,Association model: baseline + bulk flow wash-in + binding buildup with random noise.
SYNTHETIC_SIMULATED_TRAINING_DATA_NOT_EXPERIMENTAL,bulk_flow_artifact_low_binding,Mostly wash-in/wash-out bulk fluorescence; weak true binding.,2,association_probe_injection,60,60,200.0,0.00019999999999999998,0.005,0.1,2.0,0.05,20.0,0.049999999999999996,16.785137328987762,0.09488592378184092,0.09824295124763847,5652.972741424873,176.89807571015152,1.9648590249527695,1.8977184756368184,Da>1: interaction/retention dominates over residence time,141.882369998045,559.0751250169582,80.77406354414292,781.731558559146,877.8185491898727,1.0994535495716697,Association model: baseline + bulk flow wash-in + binding buildup with random noise.
SYNTHETIC_SIMULATED_TRAINING_DATA_NOT_EXPERIMENTAL,bulk_flow_artifact_low_binding,Mostly wash-in/wash-out bulk fluorescence; weak true binding.,2,association_probe_injection,70,70,200.0,0.00019999999999999998,0.005,0.1,2.0,0.05,20.0,0.049999999999999996,16.785137328987762,0.09488592378184092,0.09824295124763847,5652.972741424873,176.89807571015152,1.9648590249527695,1.8977184756368184,Da>1: interaction/retention dominates over residence time,141.882369998045,570.6010737757924,80.91363093346696,793.3970747073043,797.1241319112432,0.9788999390601785,Association model: baseline + bulk flow wash-in + binding buildup with random noise.
SYNTHETIC_SIMULATED_TRAINING_DATA_NOT_EXPERIMENTAL,bulk_flow_artifact_low_binding,Mostly wash-in/wash-out bulk fluorescence; weak true binding.,2,association_probe_injection,80,80,200.0,0.00019999999999999998,0.005,0.1,2.0,0.05,20.0,0.049999999999999996,16.785137328987762,0.09488592378184092,0.09824295124763847,5652.972741424873,176.89807571015152,1.9648590249527695,1.8977184756368184,Da>1: interaction/retention dominates over residence time,141.882369998045,577.5919150803021,80.96588501742842,800.4401700957754,850.3900949107987,1.0584767471409093,Association model: baseline + bulk flow wash-in + binding buildup with random noise.
SYNTHETIC_SIMULATED_TRAINING_DATA_NOT_EXPERIMENTAL,bulk_flow_artifact_low_binding,Mostly wash-in/wash-out bulk fluorescence; weak true binding.,2,association_probe_injection,90,90,200.0,0.00019999999999999998,0.005,0.1,2.0,0.05,20.0,0.049999999999999996,16.785137328987762,0.09488592378184092,0.09824295124763847,5652.972741424873,176.89807571015152,1.9648590249527695,1.8977184756368184,Da>1: interaction/retention dominates over residence time,141.882369998045,581.8320746686728,80.98544896645602,804.6998936331738,866.7045437349333,1.0828497555296228,Association model: baseline + bulk flow wash-in + binding buildup with random noise.
SYNTHETIC_SIMULATED_TRAINING_DATA_NOT_EXPERIMENTAL,bulk_flow_artifact_low_binding,Mostly wash-in/wash-out bulk fluorescence; weak true binding.,2,association_probe_injection,100,100,200.0,0.00019999999999999998,0.005,0.1,2.0,0.05,20.0,0.049999999999999996,16.785137328987762,0.09488592378184092,0.09824295124763847,5652.972741424873,176.89807571015152,1.9648590249527695,1.8977184756368184,Da>1: interaction/retention dominates over residence time,141.882369998045,584.403861461094,80.99277371645714,807.2790051755961,820.900329102955,1.0144204436050837,Association model: baseline + bulk flow wash-in + binding buildup with random noise.
SYNTHETIC_SIMULATED_TRAINING_DATA_NOT_EXPERIMENTAL,bulk_flow_artifact_low_binding,Mostly wash-in/wash-out bulk fluorescence; weak true binding.,2,association_probe_injection,110,110,200.0,0.00019999999999999998,0.005,0.1,2.0,0.05,20.0,0.049999999999999996,16.785137328987762,0.09488592378184092,0.09824295124763847,5652.972741424873,176.89807571015152,1.9648590249527695,1.8977184756368184,Da>1: interaction/retention dominates over residence time,141.882369998045,585.9637290009416,80.99551610566,808.8416151046466,786.8067952039997,0.9634863301282711,Association model: baseline + bulk flow wash-in + binding buildup with random noise.
SYNTHETIC_SIMULATED_TRAINING_DATA_NOT_EXPERIMENTAL,bulk_flow_artifact_low_binding,Mostly wash-in/wash-out bulk fluorescence; weak true binding.,2,association_probe_injection,120,120,200.0,0.00019999999999999998,0.005,0.1,2.0,0.05,20.0,0.049999999999999996,16.785137328987762,0.09488592378184092,0.09824295124763847,5652.972741424873,176.89807571015152,1.9648590249527695,1.8977184756368184,Da>1: interaction/retention dominates over residence time,141.882369998045,586.9098364889496,80.9965428572268,809.7887493442214,790.6067027750622,0.9691632107942505,Association model: baseline + bulk flow wash-in + binding buildup with random noise.
SYNTHETIC_SIMULATED_TRAINING_DATA_NOT_EXPERIMENTAL,bulk_flow_artifact_low_binding,Mostly wash-in/wash-out bulk fluorescence; weak true binding.,2,dissociation_buffer_wash,130,0,0.0,0.0,0.005,0.1,2.0,0.05,20.0,0.049999999999999996,16.785137328987762,0.09488592378184092,0.09824295124763847,5652.972741424873,176.89807571015152,1.9648590249527695,1.8977184756368184,Da>1: interaction/retention dominates over residence time,141.882369998045,586.9098364889496,80.9965428572268,809.7887493442214,822.1419687589445,1.0162753940283196,Dissociation model: bulk flow component washes out fast; bound component decays by koff.
SYNTHETIC_SIMULATED_TRAINING_DATA_NOT_EXPERIMENTAL,bulk_flow_artifact_low_binding,Mostly wash-in/wash-out bulk fluorescence; weak true binding.,2,dissociation_buffer_wash,140,10,0.0,0.0,0.005,0.1,2.0,0.05,20.0,0.049999999999999996,16.785137328987762,0.09488592378184092,0.09824295124763847,5652.972741424873,176.89807571015152,1.9648590249527695,1.8977184756368184,Da>1: interaction/retention dominates over residence time,141.882369998045,355.9788103174764,31.36044028764353,529.221620603165,489.93929564800277,0.5199804455585844,Dissociation model: bulk flow component washes out fast; bound component decays by koff.
SYNTHETIC_SIMULATED_TRAINING_DATA_NOT_EXPERIMENTAL,bulk_flow_artifact_low_binding,Mostly wash-in/wash-out bulk fluorescence; weak true binding.,2,dissociation_buffer_wash,150,20,0.0,0.0,0.005,0.1,2.0,0.05,20.0,0.049999999999999996,16.785137328987762,0.09488592378184092,0.09824295124763847,5652.972741424873,176.89807571015152,1.9648590249527695,1.8977184756368184,Da>1: interaction/retention dominates over residence time,141.882369998045,215.91206266557742,12.142212251804844,369.9366449154272,398.10742704972796,0.3827880140014791,Dissociation model: bulk flow component washes out fast; bound component decays by koff.
SYNTHETIC_SIMULATED_TRAINING_DATA_NOT_EXPERIMENTAL,bulk_flow_artifact_low_binding,Mostly wash-in/wash-out bulk fluorescence; weak true binding.,2,dissociation_buffer_wash,160,30,0.0,0.0,0.005,0.1,2.0,0.05,20.0,0.049999999999999996,16.785137328987762,0.09488592378184092,0.09824295124763847,5652.972741424873,176.89807571015152,1.9648590249527695,1.8977184756368184,Da>1: interaction/retention dominates over residence time,141.882369998045,130.95728580846813,4.701251545437343,277.54090735195047,297.1734325982343,0.23199744056614852,Dissociation model: bulk flow component washes out fast; bound component decays by koff.
SYNTHETIC_SIMULATED_TRAINING_DATA_NOT_EXPERIMENTAL,bulk_flow_artifact_low_binding,Mostly wash-in/wash-out bulk fluorescence; weak true binding.,2,dissociation_buffer_wash,170,40,0.0,0.0,0.005,0.1,2.0,0.05,20.0,0.049999999999999996,16.785137328987762,0.09488592378184092,0.09824295124763847,5652.972741424873,176.89807571015152,1.9648590249527695,1.8977184756368184,Da>1: interaction/retention dominates over residence time,141.882369998045,79.42960895558606,1.8202421136388682,223.13222106726994,214.0641570288926,0.10783614695046233,Dissociation model: bulk flow component washes out fast; bound component decays by koff.
SYNTHETIC_SIMULATED_TRAINING_DATA_NOT_EXPERIMENTAL,bulk_flow_artifact_low_binding,Mostly wash-in/wash-out bulk fluorescence; weak true binding.,2,dissociation_buffer_wash,180,50,0.0,0.0,0.005,0.1,2.0,0.05,20.0,0.049999999999999996,16.785137328987762,0.09488592378184092,0.09824295124763847,5652.972741424873,176.89807571015152,1.9648590249527695,1.8977184756368184,Da>1: interaction/retention dominates over residence time,141.882369998045,48.1764931205481,0.704765809751256,190.76362892834433,183.69669790186805,0.06246861145934879,Dissociation model: bulk flow component washes out fast; bound component decays by koff.
SYNTHETIC_SIMULATED_TRAINING_DATA_NOT_EXPERIMENTAL,bulk_flow_artifact_low_binding,Mostly wash-in/wash-out bulk fluorescence; weak true binding.,2,dissociation_buffer_wash,190,60,0.0,0.0,0.005,0.1,2.0,0.05,20.0,0.049999999999999996,16.785137328987762,0.09488592378184092,0.09824295124763847,5652.972741424873,176.89807571015152,1.9648590249527695,1.8977184756368184,Da>1: interaction/retention dominates over residence time,141.882369998045,29.220520155047197,0.2728729562252546,171.37576310931743,206.30036600656427,0.09623741347468008,Dissociation model: bulk flow component washes out fast; bound component decays by koff.
SYNTHETIC_SIMULATED_TRAINING_DATA_NOT_EXPERIMENTAL,bulk_flow_artifact_low_binding,Mostly wash-in/wash-out bulk fluorescence; weak true binding.,2,dissociation_buffer_wash,200,70,0.0,0.0,0.005,0.1,2.0,0.05,20.0,0.049999999999999996,16.785137328987762,0.09488592378184092,0.09824295124763847,5652.972741424873,176.89807571015152,1.9648590249527695,1.8977184756368184,Da>1: interaction/retention dominates over residence time,141.882369998045,17.72314136678708,0.10565162101917219,159.71116298585125,152.96760312709742,0.016560809559532926,Dissociation model: bulk flow component washes out fast; bound component decays by koff.
SYNTHETIC_SIMULATED_TRAINING_DATA_NOT_EXPERIMENTAL,bulk_flow_artifact_low_binding,Mostly wash-in/wash-out bulk fluorescence; weak true binding.,2,dissociation_buffer_wash,210,80,0.0,0.0,0.005,0.1,2.0,0.05,20.0,0.049999999999999996,16.785137328987762,0.09488592378184092,0.09824295124763847,5652.972741424873,176.89807571015152,1.9648590249527695,1.8977184756368184,Da>1: interaction/retention dominates over residence time,141.882369998045,10.74962862537763,0.04090645397180519,152.67290507739443,157.72340883290497,0.023665756445097552,Dissociation model: bulk flow component washes out fast; bound component decays by koff.
SYNTHETIC_SIMULATED_TRAINING_DATA_NOT_EXPERIMENTAL,bulk_flow_artifact_low_binding,Mostly wash-in/wash-out bulk fluorescence; weak true binding.,2,dissociation_buffer_wash,220,90,0.0,0.0,0.005,0.1,2.0,0.05,20.0,0.049999999999999996,16.785137328987762,0.09488592378184092,0.09824295124763847,5652.972741424873,176.89807571015152,1.9648590249527695,1.8977184756368184,Da>1: interaction/retention dominates over residence time,141.882369998045,6.519979341816099,0.015838261262870357,148.41818760112398,148.38521460425525,0.009714939673793728,Dissociation model: bulk flow component washes out fast; bound component decays by koff.
SYNTHETIC_SIMULATED_TRAINING_DATA_NOT_EXPERIMENTAL,bulk_flow_artifact_low_binding,Mostly wash-in/wash-out bulk fluorescence; weak true binding.,2,dissociation_buffer_wash,230,100,0.0,0.0,0.005,0.1,2.0,0.05,20.0,0.049999999999999996,16.785137328987762,0.09488592378184092,0.09824295124763847,5652.972741424873,176.89807571015152,1.9648590249527695,1.8977184756368184,Da>1: interaction/retention dominates over residence time,141.882369998045,3.95456737150446,0.006132296874323033,145.84306966642376,164.3882172136101,0.03362266227275798,Dissociation model: bulk flow component washes out fast; bound component decays by koff.
SYNTHETIC_SIMULATED_TRAINING_DATA_NOT_EXPERIMENTAL,bulk_flow_artifact_low_binding,Mostly wash-in/wash-out bulk fluorescence; weak true binding.,2,dissociation_buffer_wash,240,110,0.0,0.0,0.005,0.1,2.0,0.05,20.0,0.049999999999999996,16.785137328987762,0.09488592378184092,0.09824295124763847,5652.972741424873,176.89807571015152,1.9648590249527695,1.8977184756368184,Da>1: interaction/retention dominates over residence time,141.882369998045,2.3985663567166573,0.0023743177568985815,144.28331067251855,148.57600254271873,0.009999967753795825,Dissociation model: bulk flow component washes out fast; bound component decays by koff.
SYNTHETIC_SIMULATED_TRAINING_DATA_NOT_EXPERIMENTAL,bulk_flow_artifact_low_binding,Mostly wash-in/wash-out bulk fluorescence; weak true binding.,2,dissociation_buffer_wash,250,120,0.0,0.0,0.005,0.1,2.0,0.05,20.0,0.049999999999999996,16.785137328987762,0.09488592378184092,0.09824295124763847,5652.972741424873,176.89807571015152,1.9648590249527695,1.8977184756368184,Da>1: interaction/retention dominates over residence time,141.882369998045,1.4548040347038818,0.0009192941774115012,143.33809332692627,123.42875066304147,-0.027568827099374815,Dissociation model: bulk flow component washes out fast; bound component decays by koff.
SYNTHETIC_SIMULATED_TRAINING_DATA_NOT_EXPERIMENTAL,bulk_flow_artifact_low_binding,Mostly wash-in/wash-out bulk fluorescence; weak true binding.,2,dissociation_buffer_wash,260,130,0.0,0.0,0.005,0.1,2.0,0.05,20.0,0.049999999999999996,16.785137328987762,0.09488592378184092,0.09824295124763847,5652.972741424873,176.89807571015152,1.9648590249527695,1.8977184756368184,Da>1: interaction/retention dominates over residence time,141.882369998045,0.8823832509215462,0.00035593457622394673,142.76510918354276,138.19250799155992,-0.005512477841372994,Dissociation model: bulk flow component washes out fast; bound component decays by koff.
SYNTHETIC_SIMULATED_TRAINING_DATA_NOT_EXPERIMENTAL,bulk_flow_artifact_low_binding,Mostly wash-in/wash-out bulk fluorescence; weak true binding.,3,association_probe_injection,0,0,200.0,0.00019999999999999998,0.005,0.1,2.0,0.05,20.0,0.049999999999999996,7.645795830420883,0.09364931027687207,0.09517846944295624,12248.471232289876,81.64284187268716,1.903569388859125,1.8729862055374413,Da>1: interaction/retention dominates over residence time,136.08985748136115,0.0,0.0,136.08985748136115,134.5024236937539,-0.0024254252049532568,Association model: baseline + bulk flow wash-in + binding buildup with random noise.
SYNTHETIC_SIMULATED_TRAINING_DATA_NOT_EXPERIMENTAL,bulk_flow_artifact_low_binding,Mostly wash-in/wash-out bulk fluorescence; weak true binding.,3,association_probe_injection,10,10,200.0,0.00019999999999999998,0.005,0.1,2.0,0.05,20.0,0.049999999999999996,7.645795830420883,0.09364931027687207,0.09517846944295624,12248.471232289876,81.64284187268716,1.903569388859125,1.8729862055374413,Da>1: interaction/retention dominates over residence time,136.08985748136115,226.83374976646022,47.88828201169577,410.8118892595171,393.484356083927,0.39327064183758603,Association model: baseline + bulk flow wash-in + binding buildup with random noise.
SYNTHETIC_SIMULATED_TRAINING_DATA_NOT_EXPERIMENTAL,bulk_flow_artifact_low_binding,Mostly wash-in/wash-out bulk fluorescence; weak true binding.,3,association_probe_injection,20,20,200.0,0.00019999999999999998,0.005,0.1,2.0,0.05,20.0,0.049999999999999996,7.645795830420883,0.09364931027687207,0.09517846944295624,12248.471232289876,81.64284187268716,1.903569388859125,1.8729862055374413,Da>1: interaction/retention dominates over residence time,136.08985748136115,364.41537365740174,66.37562149672871,566.8808526354916,577.5304604956495,0.6744729596907928,Association model: baseline + bulk flow wash-in + binding buildup with random noise.
SYNTHETIC_SIMULATED_TRAINING_DATA_NOT_EXPERIMENTAL,bulk_flow_artifact_low_binding,Mostly wash-in/wash-out bulk fluorescence; weak true binding.,3,association_probe_injection,30,30,200.0,0.00019999999999999998,0.005,0.1,2.0,0.05,20.0,0.049999999999999996,7.645795830420883,0.09364931027687207,0.09517846944295624,12248.471232289876,81.64284187268716,1.903569388859125,1.8729862055374413,Da>1: interaction/retention dominates over residence time,136.08985748136115,447.8628467603099,73.51268523919882,657.4653894808698,640.5623538331611,0.7707787987186759,Association model: baseline + bulk flow wash-in + binding buildup with random noise.
SYNTHETIC_SIMULATED_TRAINING_DATA_NOT_EXPERIMENTAL,bulk_flow_artifact_low_binding,Mostly wash-in/wash-out bulk fluorescence; weak true binding.,3,association_probe_injection,40,40,200.0,0.00019999999999999998,0.005,0.1,2.0,0.05,20.0,0.049999999999999996,7.645795830420883,0.09364931027687207,0.09517846944295624,12248.471232289876,81.64284187268716,1.903569388859125,1.8729862055374413,Da>1: interaction/retention dominates over residence time,136.08985748136115,498.476297672769,76.26795886336308,710.8341140174933,688.6378557819666,0.8442329075310948,Association model: baseline + bulk flow wash-in + binding buildup with random noise.
SYNTHETIC_SIMULATED_TRAINING_DATA_NOT_EXPERIMENTAL,bulk_flow_artifact_low_binding,Mostly wash-in/wash-out bulk fluorescence; weak true binding.,3,association_probe_injection,50,50,200.0,0.00019999999999999998,0.005,0.1,2.0,0.05,20.0,0.049999999999999996,7.645795830420883,0.09364931027687207,0.09517846944295624,12248.471232289876,81.64284187268716,1.903569388859125,1.8729862055374413,Da>1: interaction/retention dominates over residence time,136.08985748136115,529.1749074450358,77.33163617071858,742.5964010971156,741.1534722966015,0.924471025771129,Association model: baseline + bulk flow wash-in + binding buildup with random noise.
SYNTHETIC_SIMULATED_TRAINING_DATA_NOT_EXPERIMENTAL,bulk_flow_artifact_low_binding,Mostly wash-in/wash-out bulk fluorescence; weak true binding.,3,association_probe_injection,60,60,200.0,0.00019999999999999998,0.005,0.1,2.0,0.05,20.0,0.049999999999999996,7.645795830420883,0.09364931027687207,0.09517846944295624,12248.471232289876,81.64284187268716,1.903569388859125,1.8729862055374413,Da>1: interaction/retention dominates over residence time,136.08985748136115,547.7945554824696,77.7422703103773,761.6266832742081,776.1725321294759,0.9779763190535943,Association model: baseline + bulk flow wash-in + binding buildup with random noise.
SYNTHETIC_SIMULATED_TRAINING_DATA_NOT_EXPERIMENTAL,bulk_flow_artifact_low_binding,Mostly wash-in/wash-out bulk fluorescence; weak true binding.,3,association_probe_injection,70,70,200.0,0.00019999999999999998,0.005,0.1,2.0,0.05,20.0,0.049999999999999996,7.645795830420883,0.09364931027687207,0.09517846944295624,12248.471232289876,81.64284187268716,1.903569388859125,1.8729862055374413,Da>1: interaction/retention dominates over residence time,136.08985748136115,559.0879428902313,77.90079620491996,773.0785965765124,776.6210776564322,0.9786616475599811,Association model: baseline + bulk flow wash-in + binding buildup with random noise.
SYNTHETIC_SIMULATED_TRAINING_DATA_NOT_EXPERIMENTAL,bulk_flow_artifact_low_binding,Mostly wash-in/wash-out bulk fluorescence; weak true binding.,3,association_probe_injection,80,80,200.0,0.00019999999999999998,0.005,0.1,2.0,0.05,20.0,0.049999999999999996,7.645795830420883,0.09364931027687207,0.09517846944295624,12248.471232289876,81.64284187268716,1.903569388859125,1.8729862055374413,Da>1: interaction/retention dominates over residence time,136.08985748136115,565.9377286050512,77.96199535232022,779.9895814387326,741.5724973941477,0.9251112502901173,Association model: baseline + bulk flow wash-in + binding buildup with random noise.
SYNTHETIC_SIMULATED_TRAINING_DATA_NOT_EXPERIMENTAL,bulk_flow_artifact_low_binding,Mostly wash-in/wash-out bulk fluorescence; weak true binding.,3,association_probe_injection,90,90,200.0,0.00019999999999999998,0.005,0.1,2.0,0.05,20.0,0.049999999999999996,7.645795830420883,0.09364931027687207,0.09517846944295624,12248.471232289876,81.64284187268716,1.903569388859125,1.8729862055374413,Da>1: interaction/retention dominates over residence time,136.08985748136115,570.0923336535513,77.98562137034915,784.1678125052616,767.4451933147775,0.9646418998805951,Association model: baseline + bulk flow wash-in + binding buildup with random noise.
SYNTHETIC_SIMULATED_TRAINING_DATA_NOT_EXPERIMENTAL,bulk_flow_artifact_low_binding,Mostly wash-in/wash-out bulk fluorescence; weak true binding.,3,association_probe_injection,100,100,200.0,0.00019999999999999998,0.005,0.1,2.0,0.05,20.0,0.049999999999999996,7.645795830420883,0.09364931027687207,0.09517846944295624,12248.471232289876,81.64284187268716,1.903569388859125,1.8729862055374413,Da>1: interaction/retention dominates over residence time,136.08985748136115,572.6122289944634,77.99474222826328,786.6968287040878,707.3892245528955,0.8728829481182597,Association model: baseline + bulk flow wash-in + binding buildup with random noise.
SYNTHETIC_SIMULATED_TRAINING_DATA_NOT_EXPERIMENTAL,bulk_flow_artifact_low_binding,Mostly wash-in/wash-out bulk fluorescence; weak true binding.,3,association_probe_injection,110,110,200.0,0.00019999999999999998,0.005,0.1,2.0,0.05,20.0,0.049999999999999996,7.645795830420883,0.09364931027687207,0.09517846944295624,12248.471232289876,81.64284187268716,1.903569388859125,1.8729862055374413,Da>1: interaction/retention dominates over residence time,136.08985748136115,574.1406227779937,77.99826334845322,788.228743607808,760.4608741910787,0.9539706241560246,Association model: baseline + bulk flow wash-in + binding buildup with random noise.
SYNTHETIC_SIMULATED_TRAINING_DATA_NOT_EXPERIMENTAL,bulk_flow_artifact_low_binding,Mostly wash-in/wash-out bulk fluorescence; weak true binding.,3,association_probe_injection,120,120,200.0,0.00019999999999999998,0.005,0.1,2.0,0.05,20.0,0.049999999999999996,7.645795830420883,0.09364931027687207,0.09517846944295624,12248.471232289876,81.64284187268716,1.903569388859125,1.8729862055374413,Da>1: interaction/retention dominates over residence time,136.08985748136115,575.0676404678189,77.99962268191821,789.1571206310983,775.4048652882622,0.9768034080823006,Association model: baseline + bulk flow wash-in + binding buildup with random noise.
SYNTHETIC_SIMULATED_TRAINING_DATA_NOT_EXPERIMENTAL,bulk_flow_artifact_low_binding,Mostly wash-in/wash-out bulk fluorescence; weak true binding.,3,dissociation_buffer_wash,130,0,0.0,0.0,0.005,0.1,2.0,0.05,20.0,0.049999999999999996,7.645795830420883,0.09364931027687207,0.09517846944295624,12248.471232289876,81.64284187268716,1.903569388859125,1.8729862055374413,Da>1: interaction/retention dominates over residence time,136.08985748136115,575.0676404678189,77.99962268191821,789.1571206310983,770.6668228038965,0.9695641973804535,Dissociation model: bulk flow component washes out fast; bound component decays by koff.
SYNTHETIC_SIMULATED_TRAINING_DATA_NOT_EXPERIMENTAL,bulk_flow_artifact_low_binding,Mostly wash-in/wash-out bulk fluorescence; weak true binding.,3,dissociation_buffer_wash,140,10,0.0,0.0,0.005,0.1,2.0,0.05,20.0,0.049999999999999996,7.645795830420883,0.09364931027687207,0.09517846944295624,12248.471232289876,81.64284187268716,1.903569388859125,1.8729862055374413,Da>1: interaction/retention dominates over residence time,136.08985748136115,348.7961553523337,30.575862377732143,515.461875211427,532.5104650798969,0.6056873306707414,Dissociation model: bulk flow component washes out fast; bound component decays by koff.
SYNTHETIC_SIMULATED_TRAINING_DATA_NOT_EXPERIMENTAL,bulk_flow_artifact_low_binding,Mostly wash-in/wash-out bulk fluorescence; weak true binding.,3,dissociation_buffer_wash,150,20,0.0,0.0,0.005,0.1,2.0,0.05,20.0,0.049999999999999996,7.645795830420883,0.09364931027687207,0.09517846944295624,12248.471232289876,81.64284187268716,1.903569388859125,1.8729862055374413,Da>1: interaction/retention dominates over residence time,136.08985748136115,211.55556221108117,11.98574208434908,359.6311617767914,358.9128312023682,0.3404491330124585,Dissociation model: bulk flow component washes out fast; bound component decays by koff.
SYNTHETIC_SIMULATED_TRAINING_DATA_NOT_EXPERIMENTAL,bulk_flow_artifact_low_binding,Mostly wash-in/wash-out bulk fluorescence; weak true binding.,3,dissociation_buffer_wash,160,30,0.0,0.0,0.005,0.1,2.0,0.05,20.0,0.049999999999999996,7.645795830420883,0.09364931027687207,0.09517846944295624,12248.471232289876,81.64284187268716,1.903569388859125,1.8729862055374413,Da>1: interaction/retention dominates over residence time,136.08985748136115,128.31493471376413,4.698412477718377,269.1032046728437,258.88445305796904,0.1876167116188628,Dissociation model: bulk flow component washes out fast; bound component decays by koff.
SYNTHETIC_SIMULATED_TRAINING_DATA_NOT_EXPERIMENTAL,bulk_flow_artifact_low_binding,Mostly wash-in/wash-out bulk fluorescence; weak true binding.,3,dissociation_buffer_wash,170,40,0.0,0.0,0.005,0.1,2.0,0.05,20.0,0.049999999999999996,7.645795830420883,0.09364931027687207,0.09517846944295624,12248.471232289876,81.64284187268716,1.903569388859125,1.8729862055374413,Da>1: interaction/retention dominates over residence time,136.08985748136115,77.82694200292285,1.8417783108819994,215.75857779516602,235.05315450962848,0.15120509393934028,Dissociation model: bulk flow component washes out fast; bound component decays by koff.
SYNTHETIC_SIMULATED_TRAINING_DATA_NOT_EXPERIMENTAL,bulk_flow_artifact_low_binding,Mostly wash-in/wash-out bulk fluorescence; weak true binding.,3,dissociation_buffer_wash,180,50,0.0,0.0,0.005,0.1,2.0,0.05,20.0,0.049999999999999996,7.645795830420883,0.09364931027687207,0.09517846944295624,12248.471232289876,81.64284187268716,1.903569388859125,1.8729862055374413,Da>1: interaction/retention dominates over residence time,136.08985748136115,47.20442647644965,0.7219773407554527,184.01626129856623,183.68805080629028,0.07272483343984641,Dissociation model: bulk flow component washes out fast; bound component decays by koff.
SYNTHETIC_SIMULATED_TRAINING_DATA_NOT_EXPERIMENTAL,bulk_flow_artifact_low_binding,Mostly wash-in/wash-out bulk fluorescence; weak true binding.,3,dissociation_buffer_wash,190,60,0.0,0.0,0.005,0.1,2.0,0.05,20.0,0.049999999999999996,7.645795830420883,0.09364931027687207,0.09517846944295624,12248.471232289876,81.64284187268716,1.903569388859125,1.8729862055374413,Da>1: interaction/retention dominates over residence time,136.08985748136115,28.630931932117516,0.2830152127889352,165.0038046262676,137.49825854868925,0.002151882789725412,Dissociation model: bulk flow component washes out fast; bound component decays by koff.
SYNTHETIC_SIMULATED_TRAINING_DATA_NOT_EXPERIMENTAL,bulk_flow_artifact_low_binding,Mostly wash-in/wash-out bulk fluorescence; weak true binding.,3,dissociation_buffer_wash,200,70,0.0,0.0,0.005,0.1,2.0,0.05,20.0,0.049999999999999996,7.645795830420883,0.09364931027687207,0.09517846944295624,12248.471232289876,81.64284187268716,1.903569388859125,1.8729862055374413,Da>1: interaction/retention dominates over residence time,136.08985748136115,17.36553803297474,0.11094200073669187,153.56633751507258,173.18690614363726,0.056680232937768214,Dissociation model: bulk flow component washes out fast; bound component decays by koff.
SYNTHETIC_SIMULATED_TRAINING_DATA_NOT_EXPERIMENTAL,bulk_flow_artifact_low_binding,Mostly wash-in/wash-out bulk fluorescence; weak true binding.,3,dissociation_buffer_wash,210,80,0.0,0.0,0.005,0.1,2.0,0.05,20.0,0.049999999999999996,7.645795830420883,0.09364931027687207,0.09517846944295624,12248.471232289876,81.64284187268716,1.903569388859125,1.8729862055374413,Da>1: interaction/retention dominates over residence time,136.08985748136115,10.532731239404995,0.043489278919572445,146.6660779996857,139.39909950390447,0.00505615986847882,Dissociation model: bulk flow component washes out fast; bound component decays by koff.
SYNTHETIC_SIMULATED_TRAINING_DATA_NOT_EXPERIMENTAL,bulk_flow_artifact_low_binding,Mostly wash-in/wash-out bulk fluorescence; weak true binding.,3,dissociation_buffer_wash,220,90,0.0,0.0,0.005,0.1,2.0,0.05,20.0,0.049999999999999996,7.645795830420883,0.09364931027687207,0.09517846944295624,12248.471232289876,81.64284187268716,1.903569388859125,1.8729862055374413,Da>1: interaction/retention dominates over residence time,136.08985748136115,6.388424427212172,0.01704780307174371,142.49532971164504,143.0710806833141,0.010666545494753314,Dissociation model: bulk flow component washes out fast; bound component decays by koff.
SYNTHETIC_SIMULATED_TRAINING_DATA_NOT_EXPERIMENTAL,bulk_flow_artifact_low_binding,Mostly wash-in/wash-out bulk fluorescence; weak true binding.,3,dissociation_buffer_wash,230,100,0.0,0.0,0.005,0.1,2.0,0.05,20.0,0.049999999999999996,7.645795830420883,0.09364931027687207,0.09517846944295624,12248.471232289876,81.64284187268716,1.903569388859125,1.8729862055374413,Da>1: interaction/retention dominates over residence time,136.08985748136115,3.8747752823613006,0.006682741052350643,139.9713155047748,132.41339204275747,-0.005617237083865787,Dissociation model: bulk flow component washes out fast; bound component decays by koff.
SYNTHETIC_SIMULATED_TRAINING_DATA_NOT_EXPERIMENTAL,bulk_flow_artifact_low_binding,Mostly wash-in/wash-out bulk fluorescence; weak true binding.,3,dissociation_buffer_wash,240,110,0.0,0.0,0.005,0.1,2.0,0.05,20.0,0.049999999999999996,7.645795830420883,0.09364931027687207,0.09517846944295624,12248.471232289876,81.64284187268716,1.903569388859125,1.8729862055374413,Da>1: interaction/retention dominates over residence time,136.08985748136115,2.3501700082488077,0.0026196353738267707,138.44264712498378,157.42276190835236,0.03259434471914187,Dissociation model: bulk flow component washes out fast; bound component decays by koff.
SYNTHETIC_SIMULATED_TRAINING_DATA_NOT_EXPERIMENTAL,bulk_flow_artifact_low_binding,Mostly wash-in/wash-out bulk fluorescence; weak true binding.,3,dissociation_buffer_wash,250,120,0.0,0.0,0.005,0.1,2.0,0.05,20.0,0.049999999999999996,7.645795830420883,0.09364931027687207,0.09517846944295624,12248.471232289876,81.64284187268716,1.903569388859125,1.8729862055374413,Da>1: interaction/retention dominates over residence time,136.08985748136115,1.4254501655399943,0.0010268974120118972,137.51633454431314,118.4948065557479,-0.026883313389558034,Dissociation model: bulk flow component washes out fast; bound component decays by koff.
SYNTHETIC_SIMULATED_TRAINING_DATA_NOT_EXPERIMENTAL,bulk_flow_artifact_low_binding,Mostly wash-in/wash-out bulk fluorescence; weak true binding.,3,dissociation_buffer_wash,260,130,0.0,0.0,0.005,0.1,2.0,0.05,20.0,0.049999999999999996,7.645795830420883,0.09364931027687207,0.09517846944295624,12248.471232289876,81.64284187268716,1.903569388859125,1.8729862055374413,Da>1: interaction/retention dominates over residence time,136.08985748136115,0.8645792292924553,0.00040254392093365605,136.95483925457452,131.59714023551734,-0.006864380569360671,Dissociation model: bulk flow component washes out fast; bound component decays by koff.
SYNTHETIC_SIMULATED_TRAINING_DATA_NOT_EXPERIMENTAL,bulk_flow_artifact_low_binding,Mostly wash-in/wash-out bulk fluorescence; weak true binding.,1,association_probe_injection,0,0,200.0,0.00019999999999999998,0.05,0.1,2.0,0.05,2.0,0.5,47.4473183953051,0.09481857210139233,0.10430803578045335,1998.3968601010463,500.4011064896471,0.2086160715609067,0.18963714420278466,0.1<=Da<=1: mixed flow and interaction,138.5731912751026,0.0,0.0,138.5731912751026,138.05106038949558,-0.0007885712015622611,Association model: baseline + bulk flow wash-in + binding buildup with random noise.
SYNTHETIC_SIMULATED_TRAINING_DATA_NOT_EXPERIMENTAL,bulk_flow_artifact_low_binding,Mostly wash-in/wash-out bulk fluorescence; weak true binding.,1,association_probe_injection,10,10,200.0,0.00019999999999999998,0.05,0.1,2.0,0.05,2.0,0.5,47.4473183953051,0.09481857210139233,0.10430803578045335,1998.3968601010463,500.4011064896471,0.2086160715609067,0.18963714420278466,0.1<=Da<=1: mixed flow and interaction,138.5731912751026,578.5608884036607,51.57553113818357,768.7096108169469,760.7249573622832,0.9396321483014153,Association model: baseline + bulk flow wash-in + binding buildup with random noise.
SYNTHETIC_SIMULATED_TRAINING_DATA_NOT_EXPERIMENTAL,bulk_flow_artifact_low_binding,Mostly wash-in/wash-out bulk fluorescence; weak true binding.,1,association_probe_injection,20,20,200.0,0.00019999999999999998,0.05,0.1,2.0,0.05,2.0,0.5,47.4473183953051,0.09481857210139233,0.10430803578045335,1998.3968601010463,500.4011064896471,0.2086160715609067,0.18963714420278466,0.1<=Da<=1: mixed flow and interaction,138.5731912751026,582.4592010054683,69.74907676100091,790.7814690415719,733.5242855284963,0.8985511338229614,Association model: baseline + bulk flow wash-in + binding buildup with random noise.
SYNTHETIC_SIMULATED_TRAINING_DATA_NOT_EXPERIMENTAL,bulk_flow_artifact_low_binding,Mostly wash-in/wash-out bulk fluorescence; weak true binding.,1,association_probe_injection,30,30,200.0,0.00019999999999999998,0.05,0.1,2.0,0.05,2.0,0.5,47.4473183953051,0.09481857210139233,0.10430803578045335,1998.3968601010463,500.4011064896471,0.2086160715609067,0.18963714420278466,0.1<=Da<=1: mixed flow and interaction,138.5731912751026,582.4854676291652,76.1528452383381,797.2115041426059,755.6465292697638,0.9319622282615199,Association model: baseline + bulk flow wash-in + binding buildup with random noise.
SYNTHETIC_SIMULATED_TRAINING_DATA_NOT_EXPERIMENTAL,bulk_flow_artifact_low_binding,Mostly wash-in/wash-out bulk fluorescence; weak true binding.,1,association_probe_injection,40,40,200.0,0.00019999999999999998,0.05,0.1,2.0,0.05,2.0,0.5,47.4473183953051,0.09481857210139233,0.10430803578045335,1998.3968601010463,500.4011064896471,0.2086160715609067,0.18963714420278466,0.1<=Da<=1: mixed flow and interaction,138.5731912751026,582.4856446122835,78.40932570519047,799.4681615925765,848.4270150209503,1.0720880494821574,Association model: baseline + bulk flow wash-in + binding buildup with random noise.
SYNTHETIC_SIMULATED_TRAINING_DATA_NOT_EXPERIMENTAL,bulk_flow_artifact_low_binding,Mostly wash-in/wash-out bulk fluorescence; weak true binding.,1,association_probe_injection,50,50,200.0,0.00019999999999999998,0.05,0.1,2.0,0.05,2.0,0.5,47.4473183953051,0.09481857210139233,0.10430803578045335,1998.3968601010463,500.4011064896471,0.2086160715609067,0.18963714420278466,0.1<=Da<=1: mixed flow and interaction,138.5731912751026,582.4856458047864,79.20443628973231,800.2632733696212,814.8190907825698,1.0213301994310886,Association model: baseline + bulk flow wash-in + binding buildup with random noise.
SYNTHETIC_SIMULATED_TRAINING_DATA_NOT_EXPERIMENTAL,bulk_flow_artifact_low_binding,Mostly wash-in/wash-out bulk fluorescence; weak true binding.,1,association_probe_injection,60,60,200.0,0.00019999999999999998,0.05,0.1,2.0,0.05,2.0,0.5,47.4473183953051,0.09481857210139233,0.10430803578045335,1998.3968601010463,500.4011064896471,0.2086160715609067,0.18963714420278466,0.1<=Da<=1: mixed flow and interaction,138.5731912751026,582.4856458128213,79.4846074903864,800.5434445783103,798.3765687217601,0.9964971551971085,Association model: baseline + bulk flow wash-in + binding buildup with random noise.
SYNTHETIC_SIMULATED_TRAINING_DATA_NOT_EXPERIMENTAL,bulk_flow_artifact_low_binding,Mostly wash-in/wash-out bulk fluorescence; weak true binding.,1,association_probe_injection,70,70,200.0,0.00019999999999999998,0.05,0.1,2.0,0.05,2.0,0.5,47.4473183953051,0.09481857210139233,0.10430803578045335,1998.3968601010463,500.4011064896471,0.2086160715609067,0.18963714420278466,0.1<=Da<=1: mixed flow and interaction,138.5731912751026,582.4856458128755,79.58333074121718,800.6421678291954,798.6688492105677,0.9969385846980356,Association model: baseline + bulk flow wash-in + binding buildup with random noise.
SYNTHETIC_SIMULATED_TRAINING_DATA_NOT_EXPERIMENTAL,bulk_flow_artifact_low_binding,Mostly wash-in/wash-out bulk fluorescence; weak true binding.,1,association_probe_injection,80,80,200.0,0.00019999999999999998,0.05,0.1,2.0,0.05,2.0,0.5,47.4473183953051,0.09481857210139233,0.10430803578045335,1998.3968601010463,500.4011064896471,0.2086160715609067,0.18963714420278466,0.1<=Da<=1: mixed flow and interaction,138.5731912751026,582.4856458128759,79.61811761521368,800.6769547031921,765.2892246756219,0.9465255343445457,Association model: baseline + bulk flow wash-in + binding buildup with random noise.
SYNTHETIC_SIMULATED_TRAINING_DATA_NOT_EXPERIMENTAL,bulk_flow_artifact_low_binding,Mostly wash-in/wash-out bulk fluorescence; weak true binding.,1,association_probe_injection,90,90,200.0,0.00019999999999999998,0.05,0.1,2.0,0.05,2.0,0.5,47.4473183953051,0.09481857210139233,0.10430803578045335,1998.3968601010463,500.4011064896471,0.2086160715609067,0.18963714420278466,0.1<=Da<=1: mixed flow and interaction,138.5731912751026,582.4856458128759,79.630375382176,800.6892124701544,804.2420415409764,1.0053557442526144,Association model: baseline + bulk flow wash-in + binding buildup with random noise.
SYNTHETIC_SIMULATED_TRAINING_DATA_NOT_EXPERIMENTAL,bulk_flow_artifact_low_binding,Mostly wash-in/wash-out bulk fluorescence; weak true binding.,1,association_probe_injection,100,100,200.0,0.00019999999999999998,0.05,0.1,2.0,0.05,2.0,0.5,47.4473183953051,0.09481857210139233,0.10430803578045335,1998.3968601010463,500.4011064896471,0.2086160715609067,0.18963714420278466,0.1<=Da<=1: mixed flow and interaction,138.5731912751026,582.4856458128759,79.63469462198232,800.6935317099608,753.7493050016836,0.9290968616227052,Association model: baseline + bulk flow wash-in + binding buildup with random noise.
SYNTHETIC_SIMULATED_TRAINING_DATA_NOT_EXPERIMENTAL,bulk_flow_artifact_low_binding,Mostly wash-in/wash-out bulk fluorescence; weak true binding.,1,association_probe_injection,110,110,200.0,0.00019999999999999998,0.05,0.1,2.0,0.05,2.0,0.5,47.4473183953051,0.09481857210139233,0.10430803578045335,1998.3968601010463,500.4011064896471,0.2086160715609067,0.18963714420278466,0.1<=Da<=1: mixed flow and interaction,138.5731912751026,582.4856458128759,79.63621658210457,800.695053670083,767.4400770656773,0.9497739540422948,Association model: baseline + bulk flow wash-in + binding buildup with random noise.
SYNTHETIC_SIMULATED_TRAINING_DATA_NOT_EXPERIMENTAL,bulk_flow_artifact_low_binding,Mostly wash-in/wash-out bulk fluorescence; weak true binding.,1,association_probe_injection,120,120,200.0,0.00019999999999999998,0.05,0.1,2.0,0.05,2.0,0.5,47.4473183953051,0.09481857210139233,0.10430803578045335,1998.3968601010463,500.4011064896471,0.2086160715609067,0.18963714420278466,0.1<=Da<=1: mixed flow and interaction,138.5731912751026,582.4856458128759,79.6367528715253,800.6955899595038,788.7441417190136,0.9819493574228285,Association model: baseline + bulk flow wash-in + binding buildup with random noise.
SYNTHETIC_SIMULATED_TRAINING_DATA_NOT_EXPERIMENTAL,bulk_flow_artifact_low_binding,Mostly wash-in/wash-out bulk fluorescence; weak true binding.,1,dissociation_buffer_wash,130,0,0.0,0.0,0.05,0.1,2.0,0.05,2.0,0.5,47.4473183953051,0.09481857210139233,0.10430803578045335,1998.3968601010463,500.4011064896471,0.2086160715609067,0.18963714420278466,0.1<=Da<=1: mixed flow and interaction,138.5731912751026,582.4856458128759,79.6367528715253,800.6955899595038,812.455640642833,1.0177606946040416,Dissociation model: bulk flow component washes out fast; bound component decays by koff.
SYNTHETIC_SIMULATED_TRAINING_DATA_NOT_EXPERIMENTAL,bulk_flow_artifact_low_binding,Mostly wash-in/wash-out bulk fluorescence; weak true binding.,1,dissociation_buffer_wash,140,10,0.0,0.0,0.05,0.1,2.0,0.05,2.0,0.5,47.4473183953051,0.09481857210139233,0.10430803578045335,1998.3968601010463,500.4011064896471,0.2086160715609067,0.18963714420278466,0.1<=Da<=1: mixed flow and interaction,138.5731912751026,3.924757409215227,30.85472764397087,173.3526763282887,186.38702883751108,0.07221295728188161,Dissociation model: bulk flow component washes out fast; bound component decays by koff.
SYNTHETIC_SIMULATED_TRAINING_DATA_NOT_EXPERIMENTAL,bulk_flow_artifact_low_binding,Mostly wash-in/wash-out bulk fluorescence; weak true binding.,1,dissociation_buffer_wash,150,20,0.0,0.0,0.05,0.1,2.0,0.05,2.0,0.5,47.4473183953051,0.09481857210139233,0.10430803578045335,1998.3968601010463,500.4011064896471,0.2086160715609067,0.18963714420278466,0.1<=Da<=1: mixed flow and interaction,138.5731912751026,0.026444807407560195,11.954458006587306,150.55409408909748,141.4200282141914,0.004299561063312964,Dissociation model: bulk flow component washes out fast; bound component decays by koff.
SYNTHETIC_SIMULATED_TRAINING_DATA_NOT_EXPERIMENTAL,bulk_flow_artifact_low_binding,Mostly wash-in/wash-out bulk fluorescence; weak true binding.,1,dissociation_buffer_wash,160,30,0.0,0.0,0.05,0.1,2.0,0.05,2.0,0.5,47.4473183953051,0.09481857210139233,0.10430803578045335,1998.3968601010463,500.4011064896471,0.2086160715609067,0.18963714420278466,0.1<=Da<=1: mixed flow and interaction,138.5731912751026,0.00017818371071316334,4.631674856452162,143.20504431526547,164.59682166088012,0.03930333571144059,Dissociation model: bulk flow component washes out fast; bound component decays by koff.
SYNTHETIC_SIMULATED_TRAINING_DATA_NOT_EXPERIMENTAL,bulk_flow_artifact_low_binding,Mostly wash-in/wash-out bulk fluorescence; weak true binding.,1,dissociation_buffer_wash,170,40,0.0,0.0,0.05,0.1,2.0,0.05,2.0,0.5,47.4473183953051,0.09481857210139233,0.10430803578045335,1998.3968601010463,500.4011064896471,0.2086160715609067,0.18963714420278466,0.1<=Da<=1: mixed flow and interaction,138.5731912751026,1.200592398885672e-06,1.794511467108769,140.3677039428038,141.3695890285762,0.00422338305832833,Dissociation model: bulk flow component washes out fast; bound component decays by koff.
SYNTHETIC_SIMULATED_TRAINING_DATA_NOT_EXPERIMENTAL,bulk_flow_artifact_low_binding,Mostly wash-in/wash-out bulk fluorescence; weak true binding.,1,dissociation_buffer_wash,180,50,0.0,0.0,0.05,0.1,2.0,0.05,2.0,0.5,47.4473183953051,0.09481857210139233,0.10430803578045335,1998.3968601010463,500.4011064896471,0.2086160715609067,0.18963714420278466,0.1<=Da<=1: mixed flow and interaction,138.5731912751026,8.089527951196536e-09,0.6952714742268369,139.26846275741897,122.94656062083153,-0.023600808247690386,Dissociation model: bulk flow component washes out fast; bound component decays by koff.
SYNTHETIC_SIMULATED_TRAINING_DATA_NOT_EXPERIMENTAL,bulk_flow_artifact_low_binding,Mostly wash-in/wash-out bulk fluorescence; weak true binding.,1,dissociation_buffer_wash,190,60,0.0,0.0,0.05,0.1,2.0,0.05,2.0,0.5,47.4473183953051,0.09481857210139233,0.10430803578045335,1998.3968601010463,500.4011064896471,0.2086160715609067,0.18963714420278466,0.1<=Da<=1: mixed flow and interaction,138.5731912751026,5.45068105827827e-11,0.2693782858085569,138.84256956096567,134.0532195544039,-0.006826486670435037,Dissociation model: bulk flow component washes out fast; bound component decays by koff.
SYNTHETIC_SIMULATED_TRAINING_DATA_NOT_EXPERIMENTAL,bulk_flow_artifact_low_binding,Mostly wash-in/wash-out bulk fluorescence; weak true binding.,1,dissociation_buffer_wash,200,70,0.0,0.0,0.05,0.1,2.0,0.05,2.0,0.5,47.4473183953051,0.09481857210139233,0.10430803578045335,1998.3968601010463,500.4011064896471,0.2086160715609067,0.18963714420278466,0.1<=Da<=1: mixed flow and interaction,138.5731912751026,3.672640007959807e-13,0.1043688164336825,138.67756009153666,124.76029460478196,-0.020861536493300133,Dissociation model: bulk flow component washes out fast; bound component decays by koff.
SYNTHETIC_SIMULATED_TRAINING_DATA_NOT_EXPERIMENTAL,bulk_flow_artifact_low_binding,Mostly wash-in/wash-out bulk fluorescence; weak true binding.,1,dissociation_buffer_wash,210,80,0.0,0.0,0.05,0.1,2.0,0.05,2.0,0.5,47.4473183953051,0.09481857210139233,0.10430803578045335,1998.3968601010463,500.4011064896471,0.2086160715609067,0.18963714420278466,0.1<=Da<=1: mixed flow and interaction,138.5731912751026,2.4746053720354006e-15,0.04043700037318193,138.61362827547578,129.34749515609204,-0.013933514515921492,Dissociation model: bulk flow component washes out fast; bound component decays by koff.
SYNTHETIC_SIMULATED_TRAINING_DATA_NOT_EXPERIMENTAL,bulk_flow_artifact_low_binding,Mostly wash-in/wash-out bulk fluorescence; weak true binding.,1,dissociation_buffer_wash,220,90,0.0,0.0,0.05,0.1,2.0,0.05,2.0,0.5,47.4473183953051,0.09481857210139233,0.10430803578045335,1998.3968601010463,500.4011064896471,0.2086160715609067,0.18963714420278466,0.1<=Da<=1: mixed flow and interaction,138.5731912751026,1.6673759840426704e-17,0.015667045531935445,138.58885832063453,149.65981285405303,0.01674405927857522,Dissociation model: bulk flow component washes out fast; bound component decays by koff.
SYNTHETIC_SIMULATED_TRAINING_DATA_NOT_EXPERIMENTAL,bulk_flow_artifact_low_binding,Mostly wash-in/wash-out bulk fluorescence; weak true binding.,1,dissociation_buffer_wash,230,100,0.0,0.0,0.05,0.1,2.0,0.05,2.0,0.5,47.4473183953051,0.09481857210139233,0.10430803578045335,1998.3968601010463,500.4011064896471,0.2086160715609067,0.18963714420278466,0.1<=Da<=1: mixed flow and interaction,138.5731912751026,1.1234691008027488e-19,0.006070092079889449,138.57926136718248,151.82564623443398,0.02001510467778589,Dissociation model: bulk flow component washes out fast; bound component decays by koff.
SYNTHETIC_SIMULATED_TRAINING_DATA_NOT_EXPERIMENTAL,bulk_flow_artifact_low_binding,Mostly wash-in/wash-out bulk fluorescence; weak true binding.,1,dissociation_buffer_wash,240,110,0.0,0.0,0.05,0.1,2.0,0.05,2.0,0.5,47.4473183953051,0.09481857210139233,0.10430803578045335,1998.3968601010463,500.4011064896471,0.2086160715609067,0.18963714420278466,0.1<=Da<=1: mixed flow and interaction,138.5731912751026,7.569875256319129e-22,0.002351816606598241,138.5755430917092,126.92962303229886,-0.017585212544983308,Dissociation model: bulk flow component washes out fast; bound component decays by koff.
SYNTHETIC_SIMULATED_TRAINING_DATA_NOT_EXPERIMENTAL,bulk_flow_artifact_low_binding,Mostly wash-in/wash-out bulk fluorescence; weak true binding.,1,dissociation_buffer_wash,250,120,0.0,0.0,0.05,0.1,2.0,0.05,2.0,0.5,47.4473183953051,0.09481857210139233,0.10430803578045335,1998.3968601010463,500.4011064896471,0.2086160715609067,0.18963714420278466,0.1<=Da<=1: mixed flow and interaction,138.5731912751026,5.100541826676681e-24,0.0009111956257460939,138.57410247072835,132.67420260222642,-0.008909207851904827,Dissociation model: bulk flow component washes out fast; bound component decays by koff.
SYNTHETIC_SIMULATED_TRAINING_DATA_NOT_EXPERIMENTAL,bulk_flow_artifact_low_binding,Mostly wash-in/wash-out bulk fluorescence; weak true binding.,1,dissociation_buffer_wash,260,130,0.0,0.0,0.05,0.1,2.0,0.05,2.0,0.5,47.4473183953051,0.09481857210139233,0.10430803578045335,1998.3968601010463,500.4011064896471,0.2086160715609067,0.18963714420278466,0.1<=Da<=1: mixed flow and interaction,138.5731912751026,3.436718049476605e-26,0.00035303665517515045,138.5735443117578,119.33765069269666,-0.02905132365830565,Dissociation model: bulk flow component washes out fast; bound component decays by koff.
SYNTHETIC_SIMULATED_TRAINING_DATA_NOT_EXPERIMENTAL,bulk_flow_artifact_low_binding,Mostly wash-in/wash-out bulk fluorescence; weak true binding.,2,association_probe_injection,0,0,200.0,0.00019999999999999998,0.05,0.1,2.0,0.05,2.0,0.5,5.170326044713968,0.11275380095907737,0.109387542853431,21807.870525758135,45.85500444983203,0.218775085706862,0.22550760191815475,0.1<=Da<=1: mixed flow and interaction,138.35388308756967,0.0,0.0,138.35388308756967,129.03431927635782,-0.014181819135527575,Association model: baseline + bulk flow wash-in + binding buildup with random noise.
SYNTHETIC_SIMULATED_TRAINING_DATA_NOT_EXPERIMENTAL,bulk_flow_artifact_low_binding,Mostly wash-in/wash-out bulk fluorescence; weak true binding.,2,association_probe_injection,10,10,200.0,0.00019999999999999998,0.05,0.1,2.0,0.05,2.0,0.5,5.170326044713968,0.11275380095907737,0.109387542853431,21807.870525758135,45.85500444983203,0.218775085706862,0.22550760191815475,0.1<=Da<=1: mixed flow and interaction,138.35388308756967,570.3860615978928,55.131019682294,763.8709643677564,751.6941507161164,0.933335606713665,Association model: baseline + bulk flow wash-in + binding buildup with random noise.
SYNTHETIC_SIMULATED_TRAINING_DATA_NOT_EXPERIMENTAL,bulk_flow_artifact_low_binding,Mostly wash-in/wash-out bulk fluorescence; weak true binding.,2,association_probe_injection,20,20,200.0,0.00019999999999999998,0.05,0.1,2.0,0.05,2.0,0.5,5.170326044713968,0.11275380095907737,0.109387542853431,21807.870525758135,45.85500444983203,0.218775085706862,0.22550760191815475,0.1<=Da<=1: mixed flow and interaction,138.35388308756967,574.2292926499564,73.59528204893647,786.1784577864626,758.4089020854726,0.9435536159884857,Association model: baseline + bulk flow wash-in + binding buildup with random noise.
SYNTHETIC_SIMULATED_TRAINING_DATA_NOT_EXPERIMENTAL,bulk_flow_artifact_low_binding,Mostly wash-in/wash-out bulk fluorescence; weak true binding.,2,association_probe_injection,30,30,200.0,0.00019999999999999998,0.05,0.1,2.0,0.05,2.0,0.5,5.170326044713968,0.11275380095907737,0.109387542853431,21807.870525758135,45.85500444983203,0.218775085706862,0.22550760191815475,0.1<=Da<=1: mixed flow and interaction,138.35388308756967,574.2551881370905,79.77925953944717,792.3883307641073,816.8015986121026,1.0324112790456512,Association model: baseline + bulk flow wash-in + binding buildup with random noise.
SYNTHETIC_SIMULATED_TRAINING_DATA_NOT_EXPERIMENTAL,bulk_flow_artifact_low_binding,Mostly wash-in/wash-out bulk fluorescence; weak true binding.,2,association_probe_injection,40,40,200.0,0.00019999999999999998,0.05,0.1,2.0,0.05,2.0,0.5,5.170326044713968,0.11275380095907737,0.109387542853431,21807.870525758135,45.85500444983203,0.218775085706862,0.22550760191815475,0.1<=Da<=1: mixed flow and interaction,138.35388308756967,574.2553626195104,81.85037274417668,794.4596184512567,786.6622724952501,0.9865474939464316,Association model: baseline + bulk flow wash-in + binding buildup with random noise.
SYNTHETIC_SIMULATED_TRAINING_DATA_NOT_EXPERIMENTAL,bulk_flow_artifact_low_binding,Mostly wash-in/wash-out bulk fluorescence; weak true binding.,2,association_probe_injection,50,50,200.0,0.00019999999999999998,0.05,0.1,2.0,0.05,2.0,0.5,5.170326044713968,0.11275380095907737,0.109387542853431,21807.870525758135,45.85500444983203,0.218775085706862,0.22550760191815475,0.1<=Da<=1: mixed flow and interaction,138.35388308756967,574.2553637951636,82.54402176107351,795.1532686438068,772.537912185773,0.9650540928203996,Association model: baseline + bulk flow wash-in + binding buildup with random noise.
SYNTHETIC_SIMULATED_TRAINING_DATA_NOT_EXPERIMENTAL,bulk_flow_artifact_low_binding,Mostly wash-in/wash-out bulk fluorescence; weak true binding.,2,association_probe_injection,60,60,200.0,0.00019999999999999998,0.05,0.1,2.0,0.05,2.0,0.5,5.170326044713968,0.11275380095907737,0.109387542853431,21807.870525758135,45.85500444983203,0.218775085706862,0.22550760191815475,0.1<=Da<=1: mixed flow and interaction,138.35388308756967,574.2553638030851,82.77633593759617,795.3855828282509,787.4778492976025,0.9877885780718686,Association model: baseline + bulk flow wash-in + binding buildup with random noise.
SYNTHETIC_SIMULATED_TRAINING_DATA_NOT_EXPERIMENTAL,bulk_flow_artifact_low_binding,Mostly wash-in/wash-out bulk fluorescence; weak true binding.,2,association_probe_injection,70,70,200.0,0.00019999999999999998,0.05,0.1,2.0,0.05,2.0,0.5,5.170326044713968,0.11275380095907737,0.109387542853431,21807.870525758135,45.85500444983203,0.218775085706862,0.22550760191815475,0.1<=Da<=1: mixed flow and interaction,138.35388308756967,574.2553638031385,82.85414167983573,795.4633885705439,745.0454038370398,0.9232180381635648,Association model: baseline + bulk flow wash-in + binding buildup with random noise.
SYNTHETIC_SIMULATED_TRAINING_DATA_NOT_EXPERIMENTAL,bulk_flow_artifact_low_binding,Mostly wash-in/wash-out bulk fluorescence; weak true binding.,2,association_probe_injection,80,80,200.0,0.00019999999999999998,0.05,0.1,2.0,0.05,2.0,0.5,5.170326044713968,0.11275380095907737,0.109387542853431,21807.870525758135,45.85500444983203,0.218775085706862,0.22550760191815475,0.1<=Da<=1: mixed flow and interaction,138.35388308756967,574.2553638031388,82.88020007031393,795.4894469610224,807.5965678791031,1.018403747831012,Association model: baseline + bulk flow wash-in + binding buildup with random noise.
SYNTHETIC_SIMULATED_TRAINING_DATA_NOT_EXPERIMENTAL,bulk_flow_artifact_low_binding,Mostly wash-in/wash-out bulk fluorescence; weak true binding.,2,association_probe_injection,90,90,200.0,0.00019999999999999998,0.05,0.1,2.0,0.05,2.0,0.5,5.170326044713968,0.11275380095907737,0.109387542853431,21807.870525758135,45.85500444983203,0.218775085706862,0.22550760191815475,0.1<=Da<=1: mixed flow and interaction,138.35388308756967,574.2553638031388,82.88892744306007,795.4981743337686,795.0361325393998,0.9992902114188397,Association model: baseline + bulk flow wash-in + binding buildup with random noise.
SYNTHETIC_SIMULATED_TRAINING_DATA_NOT_EXPERIMENTAL,bulk_flow_artifact_low_binding,Mostly wash-in/wash-out bulk fluorescence; weak true binding.,2,association_probe_injection,100,100,200.0,0.00019999999999999998,0.05,0.1,2.0,0.05,2.0,0.5,5.170326044713968,0.11275380095907737,0.109387542853431,21807.870525758135,45.85500444983203,0.218775085706862,0.22550760191815475,0.1<=Da<=1: mixed flow and interaction,138.35388308756967,574.2553638031388,82.89185038011229,795.5010972708208,824.8110465159157,1.0445994612233036,Association model: baseline + bulk flow wash-in + binding buildup with random noise.
SYNTHETIC_SIMULATED_TRAINING_DATA_NOT_EXPERIMENTAL,bulk_flow_artifact_low_binding,Mostly wash-in/wash-out bulk fluorescence; weak true binding.,2,association_probe_injection,110,110,200.0,0.00019999999999999998,0.05,0.1,2.0,0.05,2.0,0.5,5.170326044713968,0.11275380095907737,0.109387542853431,21807.870525758135,45.85500444983203,0.218775085706862,0.22550760191815475,0.1<=Da<=1: mixed flow and interaction,138.35388308756967,574.2553638031388,82.89282931859238,795.5020762093009,777.3141336354827,0.9723221914270661,Association model: baseline + bulk flow wash-in + binding buildup with random noise.
SYNTHETIC_SIMULATED_TRAINING_DATA_NOT_EXPERIMENTAL,bulk_flow_artifact_low_binding,Mostly wash-in/wash-out bulk fluorescence; weak true binding.,2,association_probe_injection,120,120,200.0,0.00019999999999999998,0.05,0.1,2.0,0.05,2.0,0.5,5.170326044713968,0.11275380095907737,0.109387542853431,21807.870525758135,45.85500444983203,0.218775085706862,0.22550760191815475,0.1<=Da<=1: mixed flow and interaction,138.35388308756967,574.2553638031388,82.89315718078396,795.5024040714925,764.9576326250299,0.9535189871110673,Association model: baseline + bulk flow wash-in + binding buildup with random noise.
SYNTHETIC_SIMULATED_TRAINING_DATA_NOT_EXPERIMENTAL,bulk_flow_artifact_low_binding,Mostly wash-in/wash-out bulk fluorescence; weak true binding.,2,dissociation_buffer_wash,130,0,0.0,0.0,0.05,0.1,2.0,0.05,2.0,0.5,5.170326044713968,0.11275380095907737,0.109387542853431,21807.870525758135,45.85500444983203,0.218775085706862,0.22550760191815475,0.1<=Da<=1: mixed flow and interaction,138.35388308756967,574.2553638031388,82.89315718078396,795.5024040714925,768.8538841318015,0.9594480128997084,Dissociation model: bulk flow component washes out fast; bound component decays by koff.
SYNTHETIC_SIMULATED_TRAINING_DATA_NOT_EXPERIMENTAL,bulk_flow_artifact_low_binding,Mostly wash-in/wash-out bulk fluorescence; weak true binding.,2,dissociation_buffer_wash,140,10,0.0,0.0,0.05,0.1,2.0,0.05,2.0,0.5,5.170326044713968,0.11275380095907737,0.109387542853431,21807.870525758135,45.85500444983203,0.218775085706862,0.22550760191815475,0.1<=Da<=1: mixed flow and interaction,138.35388308756967,3.8693022052460924,26.843253043695622,169.0664383365114,161.97398660829592,0.0359433169705203,Dissociation model: bulk flow component washes out fast; bound component decays by koff.
SYNTHETIC_SIMULATED_TRAINING_DATA_NOT_EXPERIMENTAL,bulk_flow_artifact_low_binding,Mostly wash-in/wash-out bulk fluorescence; weak true binding.,2,dissociation_buffer_wash,150,20,0.0,0.0,0.05,0.1,2.0,0.05,2.0,0.5,5.170326044713968,0.11275380095907737,0.109387542853431,21807.870525758135,45.85500444983203,0.218775085706862,0.22550760191815475,0.1<=Da<=1: mixed flow and interaction,138.35388308756967,0.02607115318239269,8.692638312670184,147.07259255342223,155.18433352176444,0.025611327832753446,Dissociation model: bulk flow component washes out fast; bound component decays by koff.
SYNTHETIC_SIMULATED_TRAINING_DATA_NOT_EXPERIMENTAL,bulk_flow_artifact_low_binding,Mostly wash-in/wash-out bulk fluorescence; weak true binding.,2,dissociation_buffer_wash,160,30,0.0,0.0,0.05,0.1,2.0,0.05,2.0,0.5,5.170326044713968,0.11275380095907737,0.109387542853431,21807.870525758135,45.85500444983203,0.218775085706862,0.22550760191815475,0.1<=Da<=1: mixed flow and interaction,138.35388308756967,0.00017566604834800035,2.8149330750599146,141.16899182867792,175.75368093077202,0.056912231029471426,Dissociation model: bulk flow component washes out fast; bound component decays by koff.
SYNTHETIC_SIMULATED_TRAINING_DATA_NOT_EXPERIMENTAL,bulk_flow_artifact_low_binding,Mostly wash-in/wash-out bulk fluorescence; weak true binding.,2,dissociation_buffer_wash,170,40,0.0,0.0,0.05,0.1,2.0,0.05,2.0,0.5,5.170326044713968,0.11275380095907737,0.109387542853431,21807.870525758135,45.85500444983203,0.218775085706862,0.22550760191815475,0.1<=Da<=1: mixed flow and interaction,138.35388308756967,1.1836285233076115e-06,0.9115584857035472,139.26544275690173,133.57036280262645,-0.007279205431329173,Dissociation model: bulk flow component washes out fast; bound component decays by koff.
SYNTHETIC_SIMULATED_TRAINING_DATA_NOT_EXPERIMENTAL,bulk_flow_artifact_low_binding,Mostly wash-in/wash-out bulk fluorescence; weak true binding.,2,dissociation_buffer_wash,180,50,0.0,0.0,0.05,0.1,2.0,0.05,2.0,0.5,5.170326044713968,0.11275380095907737,0.109387542853431,21807.870525758135,45.85500444983203,0.218775085706862,0.22550760191815475,0.1<=Da<=1: mixed flow and interaction,138.35388308756967,7.975226256652483e-09,0.29518956603984536,138.64907266158474,145.7942411589822,0.011322183592475934,Dissociation model: bulk flow component washes out fast; bound component decays by koff.
SYNTHETIC_SIMULATED_TRAINING_DATA_NOT_EXPERIMENTAL,bulk_flow_artifact_low_binding,Mostly wash-in/wash-out bulk fluorescence; weak true binding.,2,dissociation_buffer_wash,190,60,0.0,0.0,0.05,0.1,2.0,0.05,2.0,0.5,5.170326044713968,0.11275380095907737,0.109387542853431,21807.870525758135,45.85500444983203,0.218775085706862,0.22550760191815475,0.1<=Da<=1: mixed flow and interaction,138.35388308756967,5.373665182303923e-11,0.0955911016850876,138.4494741893085,132.20411994984633,-0.009358252200666693,Dissociation model: bulk flow component washes out fast; bound component decays by koff.
SYNTHETIC_SIMULATED_TRAINING_DATA_NOT_EXPERIMENTAL,bulk_flow_artifact_low_binding,Mostly wash-in/wash-out bulk fluorescence; weak true binding.,2,dissociation_buffer_wash,200,70,0.0,0.0,0.05,0.1,2.0,0.05,2.0,0.5,5.170326044713968,0.11275380095907737,0.109387542853431,21807.870525758135,45.85500444983203,0.218775085706862,0.22550760191815475,0.1<=Da<=1: mixed flow and interaction,138.35388308756967,3.620747118919477e-13,0.030955222584443696,138.3848383101545,140.88713323354483,0.00385491168074281,Dissociation model: bulk flow component washes out fast; bound component decays by koff.
SYNTHETIC_SIMULATED_TRAINING_DATA_NOT_EXPERIMENTAL,bulk_flow_artifact_low_binding,Mostly wash-in/wash-out bulk fluorescence; weak true binding.,2,dissociation_buffer_wash,210,80,0.0,0.0,0.05,0.1,2.0,0.05,2.0,0.5,5.170326044713968,0.11275380095907737,0.109387542853431,21807.870525758135,45.85500444983203,0.218775085706862,0.22550760191815475,0.1<=Da<=1: mixed flow and interaction,138.35388308756967,2.4396402184370842e-15,0.010024215521745984,138.36390730309142,154.19750161477367,0.02410964042488633,Dissociation model: bulk flow component washes out fast; bound component decays by koff.
SYNTHETIC_SIMULATED_TRAINING_DATA_NOT_EXPERIMENTAL,bulk_flow_artifact_low_binding,Mostly wash-in/wash-out bulk fluorescence; weak true binding.,2,dissociation_buffer_wash,220,90,0.0,0.0,0.05,0.1,2.0,0.05,2.0,0.5,5.170326044713968,0.11275380095907737,0.109387542853431,21807.870525758135,45.85500444983203,0.218775085706862,0.22550760191815475,0.1<=Da<=1: mixed flow and interaction,138.35388308756967,1.6438166488666366e-17,0.003246137111509931,138.3571292246812,131.99515942912961,-0.009676232781228304,Dissociation model: bulk flow component washes out fast; bound component decays by koff.
SYNTHETIC_SIMULATED_TRAINING_DATA_NOT_EXPERIMENTAL,bulk_flow_artifact_low_binding,Mostly wash-in/wash-out bulk fluorescence; weak true binding.,2,dissociation_buffer_wash,230,100,0.0,0.0,0.05,0.1,2.0,0.05,2.0,0.5,5.170326044713968,0.11275380095907737,0.109387542853431,21807.870525758135,45.85500444983203,0.218775085706862,0.22550760191815475,0.1<=Da<=1: mixed flow and interaction,138.35388308756967,1.1075949456277684e-19,0.001051195090913874,138.3549342826606,133.7651391655067,-0.006982809247323178,Dissociation model: bulk flow component washes out fast; bound component decays by koff.
SYNTHETIC_SIMULATED_TRAINING_DATA_NOT_EXPERIMENTAL,bulk_flow_artifact_low_binding,Mostly wash-in/wash-out bulk fluorescence; weak true binding.,2,dissociation_buffer_wash,240,110,0.0,0.0,0.05,0.1,2.0,0.05,2.0,0.5,5.170326044713968,0.11275380095907737,0.109387542853431,21807.870525758135,45.85500444983203,0.218775085706862,0.22550760191815475,0.1<=Da<=1: mixed flow and interaction,138.35388308756967,7.462916040094853e-22,0.00034040802381493846,138.3542234955935,136.2458537429344,-0.0032078422878586096,Dissociation model: bulk flow component washes out fast; bound component decays by koff.
SYNTHETIC_SIMULATED_TRAINING_DATA_NOT_EXPERIMENTAL,bulk_flow_artifact_low_binding,Mostly wash-in/wash-out bulk fluorescence; weak true binding.,2,dissociation_buffer_wash,250,120,0.0,0.0,0.05,0.1,2.0,0.05,2.0,0.5,5.170326044713968,0.11275380095907737,0.109387542853431,21807.870525758135,45.85500444983203,0.218775085706862,0.22550760191815475,0.1<=Da<=1: mixed flow and interaction,138.35388308756967,5.028473273678391e-24,0.00011023417411210657,138.3539933217438,159.2717300542039,0.03183122390648413,Dissociation model: bulk flow component washes out fast; bound component decays by koff.
SYNTHETIC_SIMULATED_TRAINING_DATA_NOT_EXPERIMENTAL,bulk_flow_artifact_low_binding,Mostly wash-in/wash-out bulk fluorescence; weak true binding.,2,dissociation_buffer_wash,260,130,0.0,0.0,0.05,0.1,2.0,0.05,2.0,0.5,5.170326044713968,0.11275380095907737,0.109387542853431,21807.870525758135,45.85500444983203,0.218775085706862,0.22550760191815475,0.1<=Da<=1: mixed flow and interaction,138.35388308756967,3.3881586404362785e-26,3.569708200763324e-05,138.35391878465168,147.64530278142254,0.014138991510737465,Dissociation model: bulk flow component washes out fast; bound component decays by koff.
SYNTHETIC_SIMULATED_TRAINING_DATA_NOT_EXPERIMENTAL,bulk_flow_artifact_low_binding,Mostly wash-in/wash-out bulk fluorescence; weak true binding.,3,association_probe_injection,0,0,200.0,0.00019999999999999998,0.05,0.1,2.0,0.05,2.0,0.5,5.102732962745159,0.10258913529546428,0.10007469127972751,20104.74309442867,49.73950650864647,0.20014938255945502,0.20517827059092855,0.1<=Da<=1: mixed flow and interaction,135.73789489205484,0.0,0.0,135.73789489205484,119.71530533997299,-0.022887028630744172,Association model: baseline + bulk flow wash-in + binding buildup with random noise.
SYNTHETIC_SIMULATED_TRAINING_DATA_NOT_EXPERIMENTAL,bulk_flow_artifact_low_binding,Mostly wash-in/wash-out bulk fluorescence; weak true binding.,3,association_probe_injection,10,10,200.0,0.00019999999999999998,0.05,0.1,2.0,0.05,2.0,0.5,5.102732962745159,0.10258913529546428,0.10007469127972751,20104.74309442867,49.73950650864647,0.20014938255945502,0.20517827059092855,0.1<=Da<=1: mixed flow and interaction,135.73789489205484,617.8636573792035,49.33815699239447,802.9397092636527,775.8981060137291,0.9144192973664053,Association model: baseline + bulk flow wash-in + binding buildup with random noise.
SYNTHETIC_SIMULATED_TRAINING_DATA_NOT_EXPERIMENTAL,bulk_flow_artifact_low_binding,Mostly wash-in/wash-out bulk fluorescence; weak true binding.,3,association_probe_injection,20,20,200.0,0.00019999999999999998,0.05,0.1,2.0,0.05,2.0,0.5,5.102732962745159,0.10258913529546428,0.10007469127972751,20104.74309442867,49.73950650864647,0.20014938255945502,0.20517827059092855,0.1<=Da<=1: mixed flow and interaction,135.73789489205484,622.0267899552856,67.47509884084856,825.239783688189,878.9908968622724,1.0616793671637594,Association model: baseline + bulk flow wash-in + binding buildup with random noise.
SYNTHETIC_SIMULATED_TRAINING_DATA_NOT_EXPERIMENTAL,bulk_flow_artifact_low_binding,Mostly wash-in/wash-out bulk fluorescence; weak true binding.,3,association_probe_injection,30,30,200.0,0.00019999999999999998,0.05,0.1,2.0,0.05,2.0,0.5,5.102732962745159,0.10258913529546428,0.10007469127972751,20104.74309442867,49.73950650864647,0.20014938255945502,0.20517827059092855,0.1<=Da<=1: mixed flow and interaction,135.73789489205484,622.0548409219334,74.14232517572998,831.9350609897182,824.0062592629536,0.9831380695229426,Association model: baseline + bulk flow wash-in + binding buildup with random noise.
SYNTHETIC_SIMULATED_TRAINING_DATA_NOT_EXPERIMENTAL,bulk_flow_artifact_low_binding,Mostly wash-in/wash-out bulk fluorescence; weak true binding.,3,association_probe_injection,40,40,200.0,0.00019999999999999998,0.05,0.1,2.0,0.05,2.0,0.5,5.102732962745159,0.10258913529546428,0.10007469127972751,20104.74309442867,49.73950650864647,0.20014938255945502,0.20517827059092855,0.1<=Da<=1: mixed flow and interaction,135.73789489205484,622.05502992786,76.59322937843187,834.3861541983466,824.8973635254582,0.9844109429684381,Association model: baseline + bulk flow wash-in + binding buildup with random noise.
SYNTHETIC_SIMULATED_TRAINING_DATA_NOT_EXPERIMENTAL,bulk_flow_artifact_low_binding,Mostly wash-in/wash-out bulk fluorescence; weak true binding.,3,association_probe_injection,50,50,200.0,0.00019999999999999998,0.05,0.1,2.0,0.05,2.0,0.5,5.102732962745159,0.10258913529546428,0.10007469127972751,20104.74309442867,49.73950650864647,0.20014938255945502,0.20517827059092855,0.1<=Da<=1: mixed flow and interaction,135.73789489205484,622.0550312013719,77.4941934539118,835.2871195473385,851.0109576464555,1.0217121903327409,Association model: baseline + bulk flow wash-in + binding buildup with random noise.
SYNTHETIC_SIMULATED_TRAINING_DATA_NOT_EXPERIMENTAL,bulk_flow_artifact_low_binding,Mostly wash-in/wash-out bulk fluorescence; weak true binding.,3,association_probe_injection,60,60,200.0,0.00019999999999999998,0.05,0.1,2.0,0.05,2.0,0.5,5.102732962745159,0.10258913529546428,0.10007469127972751,20104.74309442867,49.73950650864647,0.20014938255945502,0.20517827059092855,0.1<=Da<=1: mixed flow and interaction,135.73789489205484,622.0550312099527,77.82539214556631,835.6183182475739,817.8009617553246,0.9742742824766759,Association model: baseline + bulk flow wash-in + binding buildup with random noise.
SYNTHETIC_SIMULATED_TRAINING_DATA_NOT_EXPERIMENTAL,bulk_flow_artifact_low_binding,Mostly wash-in/wash-out bulk fluorescence; weak true binding.,3,association_probe_injection,70,70,200.0,0.00019999999999999998,0.05,0.1,2.0,0.05,2.0,0.5,5.102732962745159,0.10258913529546428,0.10007469127972751,20104.74309442867,49.73950650864647,0.20014938255945502,0.20517827059092855,0.1<=Da<=1: mixed flow and interaction,135.73789489205484,622.0550312100105,77.94714236440298,835.7400684664684,796.2969742202273,0.9435575012228622,Association model: baseline + bulk flow wash-in + binding buildup with random noise.
SYNTHETIC_SIMULATED_TRAINING_DATA_NOT_EXPERIMENTAL,bulk_flow_artifact_low_binding,Mostly wash-in/wash-out bulk fluorescence; weak true binding.,3,association_probe_injection,80,80,200.0,0.00019999999999999998,0.05,0.1,2.0,0.05,2.0,0.5,5.102732962745159,0.10258913529546428,0.10007469127972751,20104.74309442867,49.73950650864647,0.20014938255945502,0.20517827059092855,0.1<=Da<=1: mixed flow and interaction,135.73789489205484,622.055031210011,77.99189832558363,835.7848244276495,789.9129370745313,0.9344383984424823,Association model: baseline + bulk flow wash-in + binding buildup with random noise.
SYNTHETIC_SIMULATED_TRAINING_DATA_NOT_EXPERIMENTAL,bulk_flow_artifact_low_binding,Mostly wash-in/wash-out bulk fluorescence; weak true binding.,3,association_probe_injection,90,90,200.0,0.00019999999999999998,0.05,0.1,2.0,0.05,2.0,0.5,5.102732962745159,0.10258913529546428,0.10007469127972751,20104.74309442867,49.73950650864647,0.20014938255945502,0.20517827059092855,0.1<=Da<=1: mixed flow and interaction,135.73789489205484,622.055031210011,78.00835083039509,835.801276932461,764.6607080336505,0.8983675444041814,Association model: baseline + bulk flow wash-in + binding buildup with random noise.
SYNTHETIC_SIMULATED_TRAINING_DATA_NOT_EXPERIMENTAL,bulk_flow_artifact_low_binding,Mostly wash-in/wash-out bulk fluorescence; weak true binding.,3,association_probe_injection,100,100,200.0,0.00019999999999999998,0.05,0.1,2.0,0.05,2.0,0.5,5.102732962745159,0.10258913529546428,0.10007469127972751,20104.74309442867,49.73950650864647,0.20014938255945502,0.20517827059092855,0.1<=Da<=1: mixed flow and interaction,135.73789489205484,622.055031210011,78.01439884964059,835.8073249517064,885.2077249963033,1.0705596248170857,Association model: baseline + bulk flow wash-in + binding buildup with random noise.
SYNTHETIC_SIMULATED_TRAINING_DATA_NOT_EXPERIMENTAL,bulk_flow_artifact_low_binding,Mostly wash-in/wash-out bulk fluorescence; weak true binding.,3,association_probe_injection,110,110,200.0,0.00019999999999999998,0.05,0.1,2.0,0.05,2.0,0.5,5.102732962745159,0.10258913529546428,0.10007469127972751,20104.74309442867,49.73950650864647,0.20014938255945502,0.20517827059092855,0.1<=Da<=1: mixed flow and interaction,135.73789489205484,622.055031210011,78.01662213036366,835.8095482324295,882.9489750680759,1.067333175427679,Association model: baseline + bulk flow wash-in + binding buildup with random noise.
SYNTHETIC_SIMULATED_TRAINING_DATA_NOT_EXPERIMENTAL,bulk_flow_artifact_low_binding,Mostly wash-in/wash-out bulk fluorescence; weak true binding.,3,association_probe_injection,120,120,200.0,0.00019999999999999998,0.05,0.1,2.0,0.05,2.0,0.5,5.102732962745159,0.10258913529546428,0.10007469127972751,20104.74309442867,49.73950650864647,0.20014938255945502,0.20517827059092855,0.1<=Da<=1: mixed flow and interaction,135.73789489205484,622.055031210011,78.01743941896228,835.8103655210282,867.7998092780558,1.0456937650164553,Association model: baseline + bulk flow wash-in + binding buildup with random noise.
SYNTHETIC_SIMULATED_TRAINING_DATA_NOT_EXPERIMENTAL,bulk_flow_artifact_low_binding,Mostly wash-in/wash-out bulk fluorescence; weak true binding.,3,dissociation_buffer_wash,130,0,0.0,0.0,0.05,0.1,2.0,0.05,2.0,0.5,5.102732962745159,0.10258913529546428,0.10007469127972751,20104.74309442867,49.73950650864647,0.20014938255945502,0.20517827059092855,0.1<=Da<=1: mixed flow and interaction,135.73789489205484,622.055031210011,78.01743941896228,835.8103655210282,881.2934252278399,1.0649683506613736,Dissociation model: bulk flow component washes out fast; bound component decays by koff.
SYNTHETIC_SIMULATED_TRAINING_DATA_NOT_EXPERIMENTAL,bulk_flow_artifact_low_binding,Mostly wash-in/wash-out bulk fluorescence; weak true binding.,3,dissociation_buffer_wash,140,10,0.0,0.0,0.05,0.1,2.0,0.05,2.0,0.5,5.102732962745159,0.10258913529546428,0.10007469127972751,20104.74309442867,49.73950650864647,0.20014938255945502,0.20517827059092855,0.1<=Da<=1: mixed flow and interaction,135.73789489205484,4.1913738308075095,27.967441528397476,167.89671025125983,170.1770226938754,0.04919362762529922,Dissociation model: bulk flow component washes out fast; bound component decays by koff.
SYNTHETIC_SIMULATED_TRAINING_DATA_NOT_EXPERIMENTAL,bulk_flow_artifact_low_binding,Mostly wash-in/wash-out bulk fluorescence; weak true binding.,3,dissociation_buffer_wash,150,20,0.0,0.0,0.05,0.1,2.0,0.05,2.0,0.5,5.102732962745159,0.10258913529546428,0.10007469127972751,20104.74309442867,49.73950650864647,0.20014938255945502,0.20517827059092855,0.1<=Da<=1: mixed flow and interaction,135.73789489205484,0.02824125472533482,10.025678764512516,145.7918149112927,155.04002246076885,0.027571594770212034,Dissociation model: bulk flow component washes out fast; bound component decays by koff.
SYNTHETIC_SIMULATED_TRAINING_DATA_NOT_EXPERIMENTAL,bulk_flow_artifact_low_binding,Mostly wash-in/wash-out bulk fluorescence; weak true binding.,3,dissociation_buffer_wash,160,30,0.0,0.0,0.05,0.1,2.0,0.05,2.0,0.5,5.102732962745159,0.10258913529546428,0.10007469127972751,20104.74309442867,49.73950650864647,0.20014938255945502,0.20517827059092855,0.1<=Da<=1: mixed flow and interaction,135.73789489205484,0.00019028807752697802,3.593973177243882,139.33205835737624,141.54971194477275,0.008301730681537623,Dissociation model: bulk flow component washes out fast; bound component decays by koff.
SYNTHETIC_SIMULATED_TRAINING_DATA_NOT_EXPERIMENTAL,bulk_flow_artifact_low_binding,Mostly wash-in/wash-out bulk fluorescence; weak true binding.,3,dissociation_buffer_wash,170,40,0.0,0.0,0.05,0.1,2.0,0.05,2.0,0.5,5.102732962745159,0.10258913529546428,0.10007469127972751,20104.74309442867,49.73950650864647,0.20014938255945502,0.20517827059092855,0.1<=Da<=1: mixed flow and interaction,135.73789489205484,1.2821509809346441e-06,1.2883559808906908,137.0262521550965,129.5890163159864,-0.008783196970751972,Dissociation model: bulk flow component washes out fast; bound component decays by koff.
SYNTHETIC_SIMULATED_TRAINING_DATA_NOT_EXPERIMENTAL,bulk_flow_artifact_low_binding,Mostly wash-in/wash-out bulk fluorescence; weak true binding.,3,dissociation_buffer_wash,180,50,0.0,0.0,0.05,0.1,2.0,0.05,2.0,0.5,5.102732962745159,0.10258913529546428,0.10007469127972751,20104.74309442867,49.73950650864647,0.20014938255945502,0.20517827059092855,0.1<=Da<=1: mixed flow and interaction,135.73789489205484,8.639065354363074e-09,0.46184572105507876,136.199740621749,135.97808419939287,0.0003430918289440791,Dissociation model: bulk flow component washes out fast; bound component decays by koff.
SYNTHETIC_SIMULATED_TRAINING_DATA_NOT_EXPERIMENTAL,bulk_flow_artifact_low_binding,Mostly wash-in/wash-out bulk fluorescence; weak true binding.,3,dissociation_buffer_wash,190,60,0.0,0.0,0.05,0.1,2.0,0.05,2.0,0.5,5.102732962745159,0.10258913529546428,0.10007469127972751,20104.74309442867,49.73950650864647,0.20014938255945502,0.20517827059092855,0.1<=Da<=1: mixed flow and interaction,135.73789489205484,5.82095644793339e-11,0.1655609732252898,135.90345586533834,149.44428093332493,0.01957851124694268,Dissociation model: bulk flow component washes out fast; bound component decays by koff.
SYNTHETIC_SIMULATED_TRAINING_DATA_NOT_EXPERIMENTAL,bulk_flow_artifact_low_binding,Mostly wash-in/wash-out bulk fluorescence; weak true binding.,3,dissociation_buffer_wash,200,70,0.0,0.0,0.05,0.1,2.0,0.05,2.0,0.5,5.102732962745159,0.10258913529546428,0.10007469127972751,20104.74309442867,49.73950650864647,0.20014938255945502,0.20517827059092855,0.1<=Da<=1: mixed flow and interaction,135.73789489205484,3.9221296030159985e-13,0.05934976682838258,135.7972446588836,121.55856638522923,-0.02025407294155387,Dissociation model: bulk flow component washes out fast; bound component decays by koff.
SYNTHETIC_SIMULATED_TRAINING_DATA_NOT_EXPERIMENTAL,bulk_flow_artifact_low_binding,Mostly wash-in/wash-out bulk fluorescence; weak true binding.,3,dissociation_buffer_wash,210,80,0.0,0.0,0.05,0.1,2.0,0.05,2.0,0.5,5.102732962745159,0.10258913529546428,0.10007469127972751,20104.74309442867,49.73950650864647,0.20014938255945502,0.20517827059092855,0.1<=Da<=1: mixed flow and interaction,135.73789489205484,2.642710138866592e-15,0.02127551411400694,135.75917040616883,128.05356044816497,-0.010976476795704323,Dissociation model: bulk flow component washes out fast; bound component decays by koff.
SYNTHETIC_SIMULATED_TRAINING_DATA_NOT_EXPERIMENTAL,bulk_flow_artifact_low_binding,Mostly wash-in/wash-out bulk fluorescence; weak true binding.,3,dissociation_buffer_wash,220,90,0.0,0.0,0.05,0.1,2.0,0.05,2.0,0.5,5.102732962745159,0.10258913529546428,0.10007469127972751,20104.74309442867,49.73950650864647,0.20014938255945502,0.20517827059092855,0.1<=Da<=1: mixed flow and interaction,135.73789489205484,1.7806440849628895e-17,0.007626778081945908,135.74552167013678,130.79809883591298,-0.007056116203904509,Dissociation model: bulk flow component washes out fast; bound component decays by koff.
SYNTHETIC_SIMULATED_TRAINING_DATA_NOT_EXPERIMENTAL,bulk_flow_artifact_low_binding,Mostly wash-in/wash-out bulk fluorescence; weak true binding.,3,dissociation_buffer_wash,230,100,0.0,0.0,0.05,0.1,2.0,0.05,2.0,0.5,5.102732962745159,0.10258913529546428,0.10007469127972751,20104.74309442867,49.73950650864647,0.20014938255945502,0.20517827059092855,0.1<=Da<=1: mixed flow and interaction,135.73789489205484,1.1997885468714987e-19,0.002734022952373932,135.74062891500722,95.84154123594641,-0.05698885223400147,Dissociation model: bulk flow component washes out fast; bound component decays by koff.
SYNTHETIC_SIMULATED_TRAINING_DATA_NOT_EXPERIMENTAL,bulk_flow_artifact_low_binding,Mostly wash-in/wash-out bulk fluorescence; weak true binding.,3,dissociation_buffer_wash,240,110,0.0,0.0,0.05,0.1,2.0,0.05,2.0,0.5,5.102732962745159,0.10258913529546428,0.10007469127972751,20104.74309442867,49.73950650864647,0.20014938255945502,0.20517827059092855,0.1<=Da<=1: mixed flow and interaction,135.73789489205484,8.084111638929928e-22,0.0009800837816170357,135.73887497583647,144.3862990374649,0.012353575721505548,Dissociation model: bulk flow component washes out fast; bound component decays by koff.
SYNTHETIC_SIMULATED_TRAINING_DATA_NOT_EXPERIMENTAL,bulk_flow_artifact_low_binding,Mostly wash-in/wash-out bulk fluorescence; weak true binding.,3,dissociation_buffer_wash,250,120,0.0,0.0,0.05,0.1,2.0,0.05,2.0,0.5,5.102732962745159,0.10258913529546428,0.10007469127972751,20104.74309442867,49.73950650864647,0.20014938255945502,0.20517827059092855,0.1<=Da<=1: mixed flow and interaction,135.73789489205484,5.447031575779981e-24,0.00035133729150104565,135.73824622934634,133.31056656815989,-0.0034672505754840223,Dissociation model: bulk flow component washes out fast; bound component decays by koff.
SYNTHETIC_SIMULATED_TRAINING_DATA_NOT_EXPERIMENTAL,bulk_flow_artifact_low_binding,Mostly wash-in/wash-out bulk fluorescence; weak true binding.,3,dissociation_buffer_wash,260,130,0.0,0.0,0.05,0.1,2.0,0.05,2.0,0.5,5.102732962745159,0.10258913529546428,0.10007469127972751,20104.74309442867,49.73950650864647,0.20014938255945502,0.20517827059092855,0.1<=Da<=1: mixed flow and interaction,135.73789489205484,3.6701810059950504e-26,0.0001259462657321307,135.73802083832058,151.56650776152705,0.022609947958225362,Dissociation model: bulk flow component washes out fast; bound component decays by koff.
SYNTHETIC_SIMULATED_TRAINING_DATA_NOT_EXPERIMENTAL,bulk_flow_artifact_low_binding,Mostly wash-in/wash-out bulk fluorescence; weak true binding.,1,association_probe_injection,0,0,200.0,0.00019999999999999998,0.5,0.1,2.0,0.05,0.2,5.0,5.057338648820291,0.10288876817108002,0.10134553259297131,20344.448990988676,49.15345706550901,0.020269106518594263,0.020577753634216003,Da<0.1: flow/transport faster than interaction; low capture,142.95800022222127,0.0,0.0,142.95800022222127,130.91163429575442,-0.017671271757476636,Association model: baseline + bulk flow wash-in + binding buildup with random noise.
SYNTHETIC_SIMULATED_TRAINING_DATA_NOT_EXPERIMENTAL,bulk_flow_artifact_low_binding,Mostly wash-in/wash-out bulk fluorescence; weak true binding.,1,association_probe_injection,10,10,200.0,0.00019999999999999998,0.5,0.1,2.0,0.05,0.2,5.0,5.057338648820291,0.10288876817108002,0.10134553259297131,20344.448990988676,49.15345706550901,0.020269106518594263,0.020577753634216003,Da<0.1: flow/transport faster than interaction; low capture,142.95800022222127,606.939529290541,47.62016368568845,797.5176931984507,760.1690730851103,0.905410367480243,Association model: baseline + bulk flow wash-in + binding buildup with random noise.
SYNTHETIC_SIMULATED_TRAINING_DATA_NOT_EXPERIMENTAL,bulk_flow_artifact_low_binding,Mostly wash-in/wash-out bulk fluorescence; weak true binding.,1,association_probe_injection,20,20,200.0,0.00019999999999999998,0.5,0.1,2.0,0.05,0.2,5.0,5.057338648820291,0.10288876817108002,0.10134553259297131,20344.448990988676,49.15345706550901,0.020269106518594263,0.020577753634216003,Da<0.1: flow/transport faster than interaction; low capture,142.95800022222127,606.939529290541,64.90450477814919,814.8020342909115,806.5767863629877,0.973487604879668,Association model: baseline + bulk flow wash-in + binding buildup with random noise.
SYNTHETIC_SIMULATED_TRAINING_DATA_NOT_EXPERIMENTAL,bulk_flow_artifact_low_binding,Mostly wash-in/wash-out bulk fluorescence; weak true binding.,1,association_probe_injection,30,30,200.0,0.00019999999999999998,0.5,0.1,2.0,0.05,0.2,5.0,5.057338648820291,0.10288876817108002,0.10134553259297131,20344.448990988676,49.15345706550901,0.020269106518594263,0.020577753634216003,Da<0.1: flow/transport faster than interaction; low capture,142.95800022222127,606.939529290541,71.17807512898592,821.0756046417482,816.4854731632214,0.9880230339273565,Association model: baseline + bulk flow wash-in + binding buildup with random noise.
SYNTHETIC_SIMULATED_TRAINING_DATA_NOT_EXPERIMENTAL,bulk_flow_artifact_low_binding,Mostly wash-in/wash-out bulk fluorescence; weak true binding.,1,association_probe_injection,40,40,200.0,0.00019999999999999998,0.5,0.1,2.0,0.05,0.2,5.0,5.057338648820291,0.10288876817108002,0.10134553259297131,20344.448990988676,49.15345706550901,0.020269106518594263,0.020577753634216003,Da<0.1: flow/transport faster than interaction; low capture,142.95800022222127,606.939529290541,73.45514688638518,823.3526763991474,887.1164800422796,1.0916343408296127,Association model: baseline + bulk flow wash-in + binding buildup with random noise.
SYNTHETIC_SIMULATED_TRAINING_DATA_NOT_EXPERIMENTAL,bulk_flow_artifact_low_binding,Mostly wash-in/wash-out bulk fluorescence; weak true binding.,1,association_probe_injection,50,50,200.0,0.00019999999999999998,0.5,0.1,2.0,0.05,0.2,5.0,5.057338648820291,0.10288876817108002,0.10134553259297131,20344.448990988676,49.15345706550901,0.020269106518594263,0.020577753634216003,Da<0.1: flow/transport faster than interaction; low capture,142.95800022222127,606.939529290541,74.28163889944658,824.1791684122088,830.9243123606828,1.0092039156039005,Association model: baseline + bulk flow wash-in + binding buildup with random noise.
SYNTHETIC_SIMULATED_TRAINING_DATA_NOT_EXPERIMENTAL,bulk_flow_artifact_low_binding,Mostly wash-in/wash-out bulk fluorescence; weak true binding.,1,association_probe_injection,60,60,200.0,0.00019999999999999998,0.5,0.1,2.0,0.05,0.2,5.0,5.057338648820291,0.10288876817108002,0.10134553259297131,20344.448990988676,49.15345706550901,0.020269106518594263,0.020577753634216003,Da<0.1: flow/transport faster than interaction; low capture,142.95800022222127,606.939529290541,74.58162463570393,824.4791541484663,863.3963761103623,1.0568384193662308,Association model: baseline + bulk flow wash-in + binding buildup with random noise.
SYNTHETIC_SIMULATED_TRAINING_DATA_NOT_EXPERIMENTAL,bulk_flow_artifact_low_binding,Mostly wash-in/wash-out bulk fluorescence; weak true binding.,1,association_probe_injection,70,70,200.0,0.00019999999999999998,0.5,0.1,2.0,0.05,0.2,5.0,5.057338648820291,0.10288876817108002,0.10134553259297131,20344.448990988676,49.15345706550901,0.020269106518594263,0.020577753634216003,Da<0.1: flow/transport faster than interaction; low capture,142.95800022222127,606.939529290541,74.6905082553103,824.5880377680726,762.5761021839071,0.9089413298960151,Association model: baseline + bulk flow wash-in + binding buildup with random noise.
SYNTHETIC_SIMULATED_TRAINING_DATA_NOT_EXPERIMENTAL,bulk_flow_artifact_low_binding,Mostly wash-in/wash-out bulk fluorescence; weak true binding.,1,association_probe_injection,80,80,200.0,0.00019999999999999998,0.5,0.1,2.0,0.05,0.2,5.0,5.057338648820291,0.10288876817108002,0.10134553259297131,20344.448990988676,49.15345706550901,0.020269106518594263,0.020577753634216003,Da<0.1: flow/transport faster than interaction; low capture,142.95800022222127,606.939529290541,74.73002894308198,824.6275584558442,851.1201872875582,1.0388300116723186,Association model: baseline + bulk flow wash-in + binding buildup with random noise.
SYNTHETIC_SIMULATED_TRAINING_DATA_NOT_EXPERIMENTAL,bulk_flow_artifact_low_binding,Mostly wash-in/wash-out bulk fluorescence; weak true binding.,1,association_probe_injection,90,90,200.0,0.00019999999999999998,0.5,0.1,2.0,0.05,0.2,5.0,5.057338648820291,0.10288876817108002,0.10134553259297131,20344.448990988676,49.15345706550901,0.020269106518594263,0.020577753634216003,Da<0.1: flow/transport faster than interaction; low capture,142.95800022222127,606.939529290541,74.74437347688415,824.6419029896464,795.5051708046071,0.9572462314629272,Association model: baseline + bulk flow wash-in + binding buildup with random noise.
SYNTHETIC_SIMULATED_TRAINING_DATA_NOT_EXPERIMENTAL,bulk_flow_artifact_low_binding,Mostly wash-in/wash-out bulk fluorescence; weak true binding.,1,association_probe_injection,100,100,200.0,0.00019999999999999998,0.5,0.1,2.0,0.05,0.2,5.0,5.057338648820291,0.10288876817108002,0.10134553259297131,20344.448990988676,49.15345706550901,0.020269106518594263,0.020577753634216003,Da<0.1: flow/transport faster than interaction; low capture,142.95800022222127,606.939529290541,74.74958000697265,824.647109519735,834.3782691021217,1.0142706559461008,Association model: baseline + bulk flow wash-in + binding buildup with random noise.
SYNTHETIC_SIMULATED_TRAINING_DATA_NOT_EXPERIMENTAL,bulk_flow_artifact_low_binding,Mostly wash-in/wash-out bulk fluorescence; weak true binding.,1,association_probe_injection,110,110,200.0,0.00019999999999999998,0.5,0.1,2.0,0.05,0.2,5.0,5.057338648820291,0.10288876817108002,0.10134553259297131,20344.448990988676,49.15345706550901,0.020269106518594263,0.020577753634216003,Da<0.1: flow/transport faster than interaction; low capture,142.95800022222127,606.939529290541,74.75146978296233,824.6489992957246,824.6930005207342,1.0000629675701553,Association model: baseline + bulk flow wash-in + binding buildup with random noise.
SYNTHETIC_SIMULATED_TRAINING_DATA_NOT_EXPERIMENTAL,bulk_flow_artifact_low_binding,Mostly wash-in/wash-out bulk fluorescence; weak true binding.,1,association_probe_injection,120,120,200.0,0.00019999999999999998,0.5,0.1,2.0,0.05,0.2,5.0,5.057338648820291,0.10288876817108002,0.10134553259297131,20344.448990988676,49.15345706550901,0.020269106518594263,0.020577753634216003,Da<0.1: flow/transport faster than interaction; low capture,142.95800022222127,606.939529290541,74.75215570107487,824.6496852138372,827.0494120550376,1.0035196771578692,Association model: baseline + bulk flow wash-in + binding buildup with random noise.
SYNTHETIC_SIMULATED_TRAINING_DATA_NOT_EXPERIMENTAL,bulk_flow_artifact_low_binding,Mostly wash-in/wash-out bulk fluorescence; weak true binding.,1,dissociation_buffer_wash,130,0,0.0,0.0,0.5,0.1,2.0,0.05,0.2,5.0,5.057338648820291,0.10288876817108002,0.10134553259297131,20344.448990988676,49.15345706550901,0.020269106518594263,0.020577753634216003,Da<0.1: flow/transport faster than interaction; low capture,142.95800022222127,606.939529290541,74.75215570107487,824.6496852138372,788.6206636344727,0.9471470863877766,Dissociation model: bulk flow component washes out fast; bound component decays by koff.
SYNTHETIC_SIMULATED_TRAINING_DATA_NOT_EXPERIMENTAL,bulk_flow_artifact_low_binding,Mostly wash-in/wash-out bulk fluorescence; weak true binding.,1,dissociation_buffer_wash,140,10,0.0,0.0,0.5,0.1,2.0,0.05,0.2,5.0,5.057338648820291,0.10288876817108002,0.10134553259297131,20344.448990988676,49.15345706550901,0.020269106518594263,0.020577753634216003,Da<0.1: flow/transport faster than interaction; low capture,142.95800022222127,1.1706345248424228e-19,26.71674090082026,169.67474112304154,152.8358252703418,0.014490156771233269,Dissociation model: bulk flow component washes out fast; bound component decays by koff.
SYNTHETIC_SIMULATED_TRAINING_DATA_NOT_EXPERIMENTAL,bulk_flow_artifact_low_binding,Mostly wash-in/wash-out bulk fluorescence; weak true binding.,1,dissociation_buffer_wash,150,20,0.0,0.0,0.5,0.1,2.0,0.05,0.2,5.0,5.057338648820291,0.10288876817108002,0.10134553259297131,20344.448990988676,49.15345706550901,0.020269106518594263,0.020577753634216003,Da<0.1: flow/transport faster than interaction; low capture,142.95800022222127,2.2578611618111362e-41,9.548677729320637,152.50667795154192,137.63563111233853,-0.007807585416917712,Dissociation model: bulk flow component washes out fast; bound component decays by koff.
SYNTHETIC_SIMULATED_TRAINING_DATA_NOT_EXPERIMENTAL,bulk_flow_artifact_low_binding,Mostly wash-in/wash-out bulk fluorescence; weak true binding.,1,dissociation_buffer_wash,160,30,0.0,0.0,0.5,0.1,2.0,0.05,0.2,5.0,5.057338648820291,0.10288876817108002,0.10134553259297131,20344.448990988676,49.15345706550901,0.020269106518594263,0.020577753634216003,Da<0.1: flow/transport faster than interaction; low capture,142.95800022222127,4.354849372566864e-63,3.412738354460912,146.3707385766822,147.8815404915712,0.007222528241268575,Dissociation model: bulk flow component washes out fast; bound component decays by koff.
SYNTHETIC_SIMULATED_TRAINING_DATA_NOT_EXPERIMENTAL,bulk_flow_artifact_low_binding,Mostly wash-in/wash-out bulk fluorescence; weak true binding.,1,dissociation_buffer_wash,170,40,0.0,0.0,0.5,0.1,2.0,0.05,0.2,5.0,5.057338648820291,0.10288876817108002,0.10134553259297131,20344.448990988676,49.15345706550901,0.020269106518594263,0.020577753634216003,Da<0.1: flow/transport faster than interaction; low capture,142.95800022222127,8.399415065244101e-85,1.219727317872023,144.1777275400933,149.77746500080832,0.010003731920361534,Dissociation model: bulk flow component washes out fast; bound component decays by koff.
SYNTHETIC_SIMULATED_TRAINING_DATA_NOT_EXPERIMENTAL,bulk_flow_artifact_low_binding,Mostly wash-in/wash-out bulk fluorescence; weak true binding.,1,dissociation_buffer_wash,180,50,0.0,0.0,0.5,0.1,2.0,0.05,0.2,5.0,5.057338648820291,0.10288876817108002,0.10134553259297131,20344.448990988676,49.15345706550901,0.020269106518594263,0.020577753634216003,Da<0.1: flow/transport faster than interaction; low capture,142.95800022222127,1.62003705300754e-106,0.4359357722277794,143.39393599444907,139.50668237872216,-0.005062869242574047,Dissociation model: bulk flow component washes out fast; bound component decays by koff.
SYNTHETIC_SIMULATED_TRAINING_DATA_NOT_EXPERIMENTAL,bulk_flow_artifact_low_binding,Mostly wash-in/wash-out bulk fluorescence; weak true binding.,1,dissociation_buffer_wash,190,60,0.0,0.0,0.5,0.1,2.0,0.05,0.2,5.0,5.057338648820291,0.10288876817108002,0.10134553259297131,20344.448990988676,49.15345706550901,0.020269106518594263,0.020577753634216003,Da<0.1: flow/transport faster than interaction; low capture,142.95800022222127,3.124646219684206e-128,0.15580531379700532,143.11380553601828,155.86425880279333,0.01893268095471557,Dissociation model: bulk flow component washes out fast; bound component decays by koff.
SYNTHETIC_SIMULATED_TRAINING_DATA_NOT_EXPERIMENTAL,bulk_flow_artifact_low_binding,Mostly wash-in/wash-out bulk fluorescence; weak true binding.,1,dissociation_buffer_wash,200,70,0.0,0.0,0.5,0.1,2.0,0.05,0.2,5.0,5.057338648820291,0.10288876817108002,0.10134553259297131,20344.448990988676,49.15345706550901,0.020269106518594263,0.020577753634216003,Da<0.1: flow/transport faster than interaction; low capture,142.95800022222127,6.026660921156943e-150,0.05568548706918072,143.01368570929046,131.20105733600602,-0.01724670610602784,Dissociation model: bulk flow component washes out fast; bound component decays by koff.
SYNTHETIC_SIMULATED_TRAINING_DATA_NOT_EXPERIMENTAL,bulk_flow_artifact_low_binding,Mostly wash-in/wash-out bulk fluorescence; weak true binding.,1,dissociation_buffer_wash,210,80,0.0,0.0,0.5,0.1,2.0,0.05,0.2,5.0,5.057338648820291,0.10288876817108002,0.10134553259297131,20344.448990988676,49.15345706550901,0.020269106518594263,0.020577753634216003,Da<0.1: flow/transport faster than interaction; low capture,142.95800022222127,1.1623921335411539e-171,0.019902231795328497,142.9779024540166,159.36310419791232,0.024065270168089868,Dissociation model: bulk flow component washes out fast; bound component decays by koff.
SYNTHETIC_SIMULATED_TRAINING_DATA_NOT_EXPERIMENTAL,bulk_flow_artifact_low_binding,Mostly wash-in/wash-out bulk fluorescence; weak true binding.,1,dissociation_buffer_wash,220,90,0.0,0.0,0.5,0.1,2.0,0.05,0.2,5.0,5.057338648820291,0.10288876817108002,0.10134553259297131,20344.448990988676,49.15345706550901,0.020269106518594263,0.020577753634216003,Da<0.1: flow/transport faster than interaction; low capture,142.95800022222127,2.2419636508419546e-193,0.00711314296205925,142.96511336518333,151.4043386433761,0.012390254663268362,Dissociation model: bulk flow component washes out fast; bound component decays by koff.
SYNTHETIC_SIMULATED_TRAINING_DATA_NOT_EXPERIMENTAL,bulk_flow_artifact_low_binding,Mostly wash-in/wash-out bulk fluorescence; weak true binding.,1,dissociation_buffer_wash,230,100,0.0,0.0,0.5,0.1,2.0,0.05,0.2,5.0,5.057338648820291,0.10288876817108002,0.10134553259297131,20344.448990988676,49.15345706550901,0.020269106518594263,0.020577753634216003,Da<0.1: flow/transport faster than interaction; low capture,142.95800022222127,4.32418705070205e-215,0.0025422677878050516,142.9605424900091,131.2588072321892,-0.017161990589692977,Dissociation model: bulk flow component washes out fast; bound component decays by koff.
SYNTHETIC_SIMULATED_TRAINING_DATA_NOT_EXPERIMENTAL,bulk_flow_artifact_low_binding,Mostly wash-in/wash-out bulk fluorescence; weak true binding.,1,dissociation_buffer_wash,240,110,0.0,0.0,0.5,0.1,2.0,0.05,0.2,5.0,5.057338648820291,0.10288876817108002,0.10134553259297131,20344.448990988676,49.15345706550901,0.020269106518594263,0.020577753634216003,Da<0.1: flow/transport faster than interaction; low capture,142.95800022222127,8.34027511660912e-237,0.0009086174057494421,142.95890883962701,152.02005521900372,0.013293472695985884,Dissociation model: bulk flow component washes out fast; bound component decays by koff.
SYNTHETIC_SIMULATED_TRAINING_DATA_NOT_EXPERIMENTAL,bulk_flow_artifact_low_binding,Mostly wash-in/wash-out bulk fluorescence; weak true binding.,1,dissociation_buffer_wash,250,120,0.0,0.0,0.5,0.1,2.0,0.05,0.2,5.0,5.057338648820291,0.10288876817108002,0.10134553259297131,20344.448990988676,49.15345706550901,0.020269106518594263,0.020577753634216003,Da<0.1: flow/transport faster than interaction; low capture,142.95800022222127,1.6086304363137087e-258,0.00032474375594541207,142.95832496597723,150.51931727919379,0.011091983206705923,Dissociation model: bulk flow component washes out fast; bound component decays by koff.
SYNTHETIC_SIMULATED_TRAINING_DATA_NOT_EXPERIMENTAL,bulk_flow_artifact_low_binding,Mostly wash-in/wash-out bulk fluorescence; weak true binding.,1,dissociation_buffer_wash,260,130,0.0,0.0,0.5,0.1,2.0,0.05,0.2,5.0,5.057338648820291,0.10288876817108002,0.10134553259297131,20344.448990988676,49.15345706550901,0.020269106518594263,0.020577753634216003,Da<0.1: flow/transport faster than interaction; low capture,142.95800022222127,3.1026457094701965e-280,0.0001160648105112511,142.95811628703177,146.18672187504825,0.004736334435184207,Dissociation model: bulk flow component washes out fast; bound component decays by koff.
SYNTHETIC_SIMULATED_TRAINING_DATA_NOT_EXPERIMENTAL,bulk_flow_artifact_low_binding,Mostly wash-in/wash-out bulk fluorescence; weak true binding.,2,association_probe_injection,0,0,200.0,0.00019999999999999998,0.5,0.1,2.0,0.05,0.2,5.0,5.021963286432371,0.09874464506922173,0.08807561911313427,19662.558134583745,50.85808230827997,0.017615123822626855,0.019748929013844348,Da<0.1: flow/transport faster than interaction; low capture,136.04782806998605,0.0,0.0,136.04782806998605,158.37865159796485,0.03225622418508414,Association model: baseline + bulk flow wash-in + binding buildup with random noise.
SYNTHETIC_SIMULATED_TRAINING_DATA_NOT_EXPERIMENTAL,bulk_flow_artifact_low_binding,Mostly wash-in/wash-out bulk fluorescence; weak true binding.,2,association_probe_injection,10,10,200.0,0.00019999999999999998,0.5,0.1,2.0,0.05,0.2,5.0,5.021963286432371,0.09874464506922173,0.08807561911313427,19662.558134583745,50.85808230827997,0.017615123822626855,0.019748929013844348,Da<0.1: flow/transport faster than interaction; low capture,136.04782806998605,610.0497097817283,48.157150804551065,794.2546886562654,834.9457072621407,1.0095376305963972,Association model: baseline + bulk flow wash-in + binding buildup with random noise.
SYNTHETIC_SIMULATED_TRAINING_DATA_NOT_EXPERIMENTAL,bulk_flow_artifact_low_binding,Mostly wash-in/wash-out bulk fluorescence; weak true binding.,2,association_probe_injection,20,20,200.0,0.00019999999999999998,0.5,0.1,2.0,0.05,0.2,5.0,5.021963286432371,0.09874464506922173,0.08807561911313427,19662.558134583745,50.85808230827997,0.017615123822626855,0.019748929013844348,Da<0.1: flow/transport faster than interaction; low capture,136.04782806998605,610.0497097817283,68.11681500434281,814.2143528560572,796.1266662094145,0.9534646564278508,Association model: baseline + bulk flow wash-in + binding buildup with random noise.
SYNTHETIC_SIMULATED_TRAINING_DATA_NOT_EXPERIMENTAL,bulk_flow_artifact_low_binding,Mostly wash-in/wash-out bulk fluorescence; weak true binding.,2,association_probe_injection,30,30,200.0,0.00019999999999999998,0.5,0.1,2.0,0.05,0.2,5.0,5.021963286432371,0.09874464506922173,0.08807561911313427,19662.558134583745,50.85808230827997,0.017615123822626855,0.019748929013844348,Da<0.1: flow/transport faster than interaction; low capture,136.04782806998605,610.0497097817283,76.38948455211845,822.4870224038328,847.1259301485627,1.0271316077981991,Association model: baseline + bulk flow wash-in + binding buildup with random noise.
SYNTHETIC_SIMULATED_TRAINING_DATA_NOT_EXPERIMENTAL,bulk_flow_artifact_low_binding,Mostly wash-in/wash-out bulk fluorescence; weak true binding.,2,association_probe_injection,40,40,200.0,0.00019999999999999998,0.5,0.1,2.0,0.05,0.2,5.0,5.021963286432371,0.09874464506922173,0.08807561911313427,19662.558134583745,50.85808230827997,0.017615123822626855,0.019748929013844348,Da<0.1: flow/transport faster than interaction; low capture,136.04782806998605,610.0497097817283,79.81825272986205,825.9157905815764,813.7201194897355,0.9788778872694635,Association model: baseline + bulk flow wash-in + binding buildup with random noise.
SYNTHETIC_SIMULATED_TRAINING_DATA_NOT_EXPERIMENTAL,bulk_flow_artifact_low_binding,Mostly wash-in/wash-out bulk fluorescence; weak true binding.,2,association_probe_injection,50,50,200.0,0.00019999999999999998,0.5,0.1,2.0,0.05,0.2,5.0,5.021963286432371,0.09874464506922173,0.08807561911313427,19662.558134583745,50.85808230827997,0.017615123822626855,0.019748929013844348,Da<0.1: flow/transport faster than interaction; low capture,136.04782806998605,610.0497097817283,81.2393721337996,827.336909985514,841.8236852718663,1.0194726695054557,Association model: baseline + bulk flow wash-in + binding buildup with random noise.
SYNTHETIC_SIMULATED_TRAINING_DATA_NOT_EXPERIMENTAL,bulk_flow_artifact_low_binding,Mostly wash-in/wash-out bulk fluorescence; weak true binding.,2,association_probe_injection,60,60,200.0,0.00019999999999999998,0.5,0.1,2.0,0.05,0.2,5.0,5.021963286432371,0.09874464506922173,0.08807561911313427,19662.558134583745,50.85808230827997,0.017615123822626855,0.019748929013844348,Da<0.1: flow/transport faster than interaction; low capture,136.04782806998605,610.0497097817283,81.82838260506945,827.9259204567838,773.5164706756113,0.9208048875172614,Association model: baseline + bulk flow wash-in + binding buildup with random noise.
SYNTHETIC_SIMULATED_TRAINING_DATA_NOT_EXPERIMENTAL,bulk_flow_artifact_low_binding,Mostly wash-in/wash-out bulk fluorescence; weak true binding.,2,association_probe_injection,70,70,200.0,0.00019999999999999998,0.5,0.1,2.0,0.05,0.2,5.0,5.021963286432371,0.09874464506922173,0.08807561911313427,19662.558134583745,50.85808230827997,0.017615123822626855,0.019748929013844348,Da<0.1: flow/transport faster than interaction; low capture,136.04782806998605,610.0497097817283,82.07250940701464,828.170047258729,853.7486895681526,1.0366979908872291,Association model: baseline + bulk flow wash-in + binding buildup with random noise.
SYNTHETIC_SIMULATED_TRAINING_DATA_NOT_EXPERIMENTAL,bulk_flow_artifact_low_binding,Mostly wash-in/wash-out bulk fluorescence; weak true binding.,2,association_probe_injection,80,80,200.0,0.00019999999999999998,0.5,0.1,2.0,0.05,0.2,5.0,5.021963286432371,0.09874464506922173,0.08807561911313427,19662.558134583745,50.85808230827997,0.017615123822626855,0.019748929013844348,Da<0.1: flow/transport faster than interaction; low capture,136.04782806998605,610.0497097817283,82.17369249005814,828.2712303417725,791.3811147089997,0.9466098455030566,Association model: baseline + bulk flow wash-in + binding buildup with random noise.
SYNTHETIC_SIMULATED_TRAINING_DATA_NOT_EXPERIMENTAL,bulk_flow_artifact_low_binding,Mostly wash-in/wash-out bulk fluorescence; weak true binding.,2,association_probe_injection,90,90,200.0,0.00019999999999999998,0.5,0.1,2.0,0.05,0.2,5.0,5.021963286432371,0.09874464506922173,0.08807561911313427,19662.558134583745,50.85808230827997,0.017615123822626855,0.019748929013844348,Da<0.1: flow/transport faster than interaction; low capture,136.04782806998605,610.0497097817283,82.21562977925625,828.3131676309706,836.0026573667215,1.0110643642380424,Association model: baseline + bulk flow wash-in + binding buildup with random noise.
SYNTHETIC_SIMULATED_TRAINING_DATA_NOT_EXPERIMENTAL,bulk_flow_artifact_low_binding,Mostly wash-in/wash-out bulk fluorescence; weak true binding.,2,association_probe_injection,100,100,200.0,0.00019999999999999998,0.5,0.1,2.0,0.05,0.2,5.0,5.021963286432371,0.09874464506922173,0.08807561911313427,19662.558134583745,50.85808230827997,0.017615123822626855,0.019748929013844348,Da<0.1: flow/transport faster than interaction; low capture,136.04782806998605,610.0497097817283,82.23301150130291,828.3305493530173,836.493588251902,1.0117734996029752,Association model: baseline + bulk flow wash-in + binding buildup with random noise.
SYNTHETIC_SIMULATED_TRAINING_DATA_NOT_EXPERIMENTAL,bulk_flow_artifact_low_binding,Mostly wash-in/wash-out bulk fluorescence; weak true binding.,2,association_probe_injection,110,110,200.0,0.00019999999999999998,0.5,0.1,2.0,0.05,0.2,5.0,5.021963286432371,0.09874464506922173,0.08807561911313427,19662.558134583745,50.85808230827997,0.017615123822626855,0.019748929013844348,Da<0.1: flow/transport faster than interaction; low capture,136.04782806998605,610.0497097817283,82.24021569277748,828.3377535444919,828.9665068334753,1.0009008497256453,Association model: baseline + bulk flow wash-in + binding buildup with random noise.
SYNTHETIC_SIMULATED_TRAINING_DATA_NOT_EXPERIMENTAL,bulk_flow_artifact_low_binding,Mostly wash-in/wash-out bulk fluorescence; weak true binding.,2,association_probe_injection,120,120,200.0,0.00019999999999999998,0.5,0.1,2.0,0.05,0.2,5.0,5.021963286432371,0.09874464506922173,0.08807561911313427,19662.558134583745,50.85808230827997,0.017615123822626855,0.019748929013844348,Da<0.1: flow/transport faster than interaction; low capture,136.04782806998605,610.0497097817283,82.24320160951594,828.3407394612303,933.6915542653296,1.1521731305496394,Association model: baseline + bulk flow wash-in + binding buildup with random noise.
SYNTHETIC_SIMULATED_TRAINING_DATA_NOT_EXPERIMENTAL,bulk_flow_artifact_low_binding,Mostly wash-in/wash-out bulk fluorescence; weak true binding.,2,dissociation_buffer_wash,130,0,0.0,0.0,0.5,0.1,2.0,0.05,0.2,5.0,5.021963286432371,0.09874464506922173,0.08807561911313427,19662.558134583745,50.85808230827997,0.017615123822626855,0.019748929013844348,Da<0.1: flow/transport faster than interaction; low capture,136.04782806998605,610.0497097817283,82.24320160951594,828.3407394612303,855.1009375493089,1.0386512737108275,Dissociation model: bulk flow component washes out fast; bound component decays by koff.
SYNTHETIC_SIMULATED_TRAINING_DATA_NOT_EXPERIMENTAL,bulk_flow_artifact_low_binding,Mostly wash-in/wash-out bulk fluorescence; weak true binding.,2,dissociation_buffer_wash,140,10,0.0,0.0,0.5,0.1,2.0,0.05,0.2,5.0,5.021963286432371,0.09874464506922173,0.08807561911313427,19662.558134583745,50.85808230827997,0.017615123822626855,0.019748929013844348,Da<0.1: flow/transport faster than interaction; low capture,136.04782806998605,1.1766332849919408e-19,30.637792022093336,166.68562009207938,160.99216246179367,0.03603136450752641,Dissociation model: bulk flow component washes out fast; bound component decays by koff.
SYNTHETIC_SIMULATED_TRAINING_DATA_NOT_EXPERIMENTAL,bulk_flow_artifact_low_binding,Mostly wash-in/wash-out bulk fluorescence; weak true binding.,2,dissociation_buffer_wash,150,20,0.0,0.0,0.5,0.1,2.0,0.05,0.2,5.0,5.021963286432371,0.09874464506922173,0.08807561911313427,19662.558134583745,50.85808230827997,0.017615123822626855,0.019748929013844348,Da<0.1: flow/transport faster than interaction; low capture,136.04782806998605,2.269431269537491e-41,11.413396871948102,147.46122494193415,176.4791079399499,0.05840180618244648,Dissociation model: bulk flow component washes out fast; bound component decays by koff.
SYNTHETIC_SIMULATED_TRAINING_DATA_NOT_EXPERIMENTAL,bulk_flow_artifact_low_binding,Mostly wash-in/wash-out bulk fluorescence; weak true binding.,2,dissociation_buffer_wash,160,30,0.0,0.0,0.5,0.1,2.0,0.05,0.2,5.0,5.021963286432371,0.09874464506922173,0.08807561911313427,19662.558134583745,50.85808230827997,0.017615123822626855,0.019748929013844348,Da<0.1: flow/transport faster than interaction; low capture,136.04782806998605,4.377165216084996e-63,4.251795562247383,140.29962363223345,135.1347698866016,-0.0013188859524313607,Dissociation model: bulk flow component washes out fast; bound component decays by koff.
SYNTHETIC_SIMULATED_TRAINING_DATA_NOT_EXPERIMENTAL,bulk_flow_artifact_low_binding,Mostly wash-in/wash-out bulk fluorescence; weak true binding.,2,dissociation_buffer_wash,170,40,0.0,0.0,0.5,0.1,2.0,0.05,0.2,5.0,5.021963286432371,0.09874464506922173,0.08807561911313427,19662.558134583745,50.85808230827997,0.017615123822626855,0.019748929013844348,Da<0.1: flow/transport faster than interaction; low capture,136.04782806998605,8.442456745036885e-85,1.5839075523237214,137.63173562230978,115.70098320529942,-0.029390424790745013,Dissociation model: bulk flow component washes out fast; bound component decays by koff.
SYNTHETIC_SIMULATED_TRAINING_DATA_NOT_EXPERIMENTAL,bulk_flow_artifact_low_binding,Mostly wash-in/wash-out bulk fluorescence; weak true binding.,2,dissociation_buffer_wash,180,50,0.0,0.0,0.5,0.1,2.0,0.05,0.2,5.0,5.021963286432371,0.09874464506922173,0.08807561911313427,19662.558134583745,50.85808230827997,0.017615123822626855,0.019748929013844348,Da<0.1: flow/transport faster than interaction; low capture,136.04782806998605,1.6283387163431844e-106,0.590047921537897,136.63787599152394,105.34194090061452,-0.04435375968540445,Dissociation model: bulk flow component washes out fast; bound component decays by koff.
SYNTHETIC_SIMULATED_TRAINING_DATA_NOT_EXPERIMENTAL,bulk_flow_artifact_low_binding,Mostly wash-in/wash-out bulk fluorescence; weak true binding.,2,dissociation_buffer_wash,190,60,0.0,0.0,0.5,0.1,2.0,0.05,0.2,5.0,5.021963286432371,0.09874464506922173,0.08807561911313427,19662.558134583745,50.85808230827997,0.017615123822626855,0.019748929013844348,Da<0.1: flow/transport faster than interaction; low capture,136.04782806998605,3.140658051580678e-128,0.21980863037139908,136.26763670035746,134.6757182866475,-0.001981972618361437,Dissociation model: bulk flow component washes out fast; bound component decays by koff.
SYNTHETIC_SIMULATED_TRAINING_DATA_NOT_EXPERIMENTAL,bulk_flow_artifact_low_binding,Mostly wash-in/wash-out bulk fluorescence; weak true binding.,2,dissociation_buffer_wash,200,70,0.0,0.0,0.5,0.1,2.0,0.05,0.2,5.0,5.021963286432371,0.09874464506922173,0.08807561911313427,19662.558134583745,50.85808230827997,0.017615123822626855,0.019748929013844348,Da<0.1: flow/transport faster than interaction; low capture,136.04782806998605,6.057543739492888e-150,0.08188459313579187,136.12971266312184,171.15459312995782,0.050710699619685044,Dissociation model: bulk flow component washes out fast; bound component decays by koff.
SYNTHETIC_SIMULATED_TRAINING_DATA_NOT_EXPERIMENTAL,bulk_flow_artifact_low_binding,Mostly wash-in/wash-out bulk fluorescence; weak true binding.,2,dissociation_buffer_wash,210,80,0.0,0.0,0.5,0.1,2.0,0.05,0.2,5.0,5.021963286432371,0.09874464506922173,0.08807561911313427,19662.558134583745,50.85808230827997,0.017615123822626855,0.019748929013844348,Da<0.1: flow/transport faster than interaction; low capture,136.04782806998605,1.1683486566581688e-171,0.030504200775396922,136.07833227076145,119.56021332797972,-0.023815879281349154,Dissociation model: bulk flow component washes out fast; bound component decays by koff.
SYNTHETIC_SIMULATED_TRAINING_DATA_NOT_EXPERIMENTAL,bulk_flow_artifact_low_binding,Mostly wash-in/wash-out bulk fluorescence; weak true binding.,2,dissociation_buffer_wash,220,90,0.0,0.0,0.5,0.1,2.0,0.05,0.2,5.0,5.021963286432371,0.09874464506922173,0.08807561911313427,19662.558134583745,50.85808230827997,0.017615123822626855,0.019748929013844348,Da<0.1: flow/transport faster than interaction; low capture,136.04782806998605,2.2534522938982905e-193,0.011363630559934996,136.059191700546,150.12279919504073,0.020330885846619844,Dissociation model: bulk flow component washes out fast; bound component decays by koff.
SYNTHETIC_SIMULATED_TRAINING_DATA_NOT_EXPERIMENTAL,bulk_flow_artifact_low_binding,Mostly wash-in/wash-out bulk fluorescence; weak true binding.,2,dissociation_buffer_wash,230,100,0.0,0.0,0.5,0.1,2.0,0.05,0.2,5.0,5.021963286432371,0.09874464506922173,0.08807561911313427,19662.558134583745,50.85808230827997,0.017615123822626855,0.019748929013844348,Da<0.1: flow/transport faster than interaction; low capture,136.04782806998605,4.34634576925027e-215,0.004233256280126488,136.05206132626617,102.70279337393612,-0.048165931420646936,Dissociation model: bulk flow component washes out fast; bound component decays by koff.
SYNTHETIC_SIMULATED_TRAINING_DATA_NOT_EXPERIMENTAL,bulk_flow_artifact_low_binding,Mostly wash-in/wash-out bulk fluorescence; weak true binding.,2,dissociation_buffer_wash,240,110,0.0,0.0,0.5,0.1,2.0,0.05,0.2,5.0,5.021963286432371,0.09874464506922173,0.08807561911313427,19662.558134583745,50.85808230827997,0.017615123822626855,0.019748929013844348,Da<0.1: flow/transport faster than interaction; low capture,136.04782806998605,8.383013741640076e-237,0.0015770011739393317,136.04940507115998,138.16538357397334,0.003058747250202968,Dissociation model: bulk flow component washes out fast; bound component decays by koff.
SYNTHETIC_SIMULATED_TRAINING_DATA_NOT_EXPERIMENTAL,bulk_flow_artifact_low_binding,Mostly wash-in/wash-out bulk fluorescence; weak true binding.,2,dissociation_buffer_wash,250,120,0.0,0.0,0.5,0.1,2.0,0.05,0.2,5.0,5.021963286432371,0.09874464506922173,0.08807561911313427,19662.558134583745,50.85808230827997,0.017615123822626855,0.019748929013844348,Da<0.1: flow/transport faster than interaction; low capture,136.04782806998605,1.616873647966773e-258,0.0005874751108930561,136.04841554509696,137.31581745681896,0.0018315737381894787,Dissociation model: bulk flow component washes out fast; bound component decays by koff.
SYNTHETIC_SIMULATED_TRAINING_DATA_NOT_EXPERIMENTAL,bulk_flow_artifact_low_binding,Mostly wash-in/wash-out bulk fluorescence; weak true binding.,2,dissociation_buffer_wash,260,130,0.0,0.0,0.5,0.1,2.0,0.05,0.2,5.0,5.021963286432371,0.09874464506922173,0.08807561911313427,19662.558134583745,50.85808230827997,0.017615123822626855,0.019748929013844348,Da<0.1: flow/transport faster than interaction; low capture,136.04782806998605,3.118544802692778e-280,0.0002188501896017518,136.04804692017566,143.49196126874014,0.0107528335899385,Dissociation model: bulk flow component washes out fast; bound component decays by koff.
SYNTHETIC_SIMULATED_TRAINING_DATA_NOT_EXPERIMENTAL,bulk_flow_artifact_low_binding,Mostly wash-in/wash-out bulk fluorescence; weak true binding.,3,association_probe_injection,0,0,200.0,0.00019999999999999998,0.5,0.1,2.0,0.05,0.2,5.0,4.756543647145161,0.1014756910073813,0.0998236657126309,21333.913558910823,46.87372512495798,0.019964733142526184,0.02029513820147626,Da<0.1: flow/transport faster than interaction; low capture,139.22782636180338,0.0,0.0,139.22782636180338,129.70743029674136,-0.014972287922316321,Association model: baseline + bulk flow wash-in + binding buildup with random noise.
SYNTHETIC_SIMULATED_TRAINING_DATA_NOT_EXPERIMENTAL,bulk_flow_artifact_low_binding,Mostly wash-in/wash-out bulk fluorescence; weak true binding.,3,association_probe_injection,10,10,200.0,0.00019999999999999998,0.5,0.1,2.0,0.05,0.2,5.0,4.756543647145161,0.1014756910073813,0.0998236657126309,21333.913558910823,46.87372512495798,0.019964733142526184,0.02029513820147626,Da<0.1: flow/transport faster than interaction; low capture,139.22782636180338,562.6326702345528,46.245893723317494,748.1063903196738,775.0234992135754,0.9998865392411126,Association model: baseline + bulk flow wash-in + binding buildup with random noise.
SYNTHETIC_SIMULATED_TRAINING_DATA_NOT_EXPERIMENTAL,bulk_flow_artifact_low_binding,Mostly wash-in/wash-out bulk fluorescence; weak true binding.,3,association_probe_injection,20,20,200.0,0.00019999999999999998,0.5,0.1,2.0,0.05,0.2,5.0,4.756543647145161,0.1014756910073813,0.0998236657126309,21333.913558910823,46.87372512495798,0.019964733142526184,0.02029513820147626,Da<0.1: flow/transport faster than interaction; low capture,139.22782636180338,562.6326702345528,63.28883332791972,765.149329924276,743.9106210089468,0.9509567502503826,Association model: baseline + bulk flow wash-in + binding buildup with random noise.
SYNTHETIC_SIMULATED_TRAINING_DATA_NOT_EXPERIMENTAL,bulk_flow_artifact_low_binding,Mostly wash-in/wash-out bulk fluorescence; weak true binding.,3,association_probe_injection,30,30,200.0,0.00019999999999999998,0.5,0.1,2.0,0.05,0.2,5.0,4.756543647145161,0.1014756910073813,0.0998236657126309,21333.913558910823,46.87372512495798,0.019964733142526184,0.02029513820147626,Da<0.1: flow/transport faster than interaction; low capture,139.22782636180338,562.6326702345528,69.569645892683,771.4301424890392,775.4892647580003,1.0006190272371756,Association model: baseline + bulk flow wash-in + binding buildup with random noise.
SYNTHETIC_SIMULATED_TRAINING_DATA_NOT_EXPERIMENTAL,bulk_flow_artifact_low_binding,Mostly wash-in/wash-out bulk fluorescence; weak true binding.,3,association_probe_injection,40,40,200.0,0.00019999999999999998,0.5,0.1,2.0,0.05,0.2,5.0,4.756543647145161,0.1014756910073813,0.0998236657126309,21333.913558910823,46.87372512495798,0.019964733142526184,0.02029513820147626,Da<0.1: flow/transport faster than interaction; low capture,139.22782636180338,562.6326702345528,71.88430565143938,773.7448022477956,791.3677884575825,1.025590449327893,Association model: baseline + bulk flow wash-in + binding buildup with random noise.
SYNTHETIC_SIMULATED_TRAINING_DATA_NOT_EXPERIMENTAL,bulk_flow_artifact_low_binding,Mostly wash-in/wash-out bulk fluorescence; weak true binding.,3,association_probe_injection,50,50,200.0,0.00019999999999999998,0.5,0.1,2.0,0.05,0.2,5.0,4.756543647145161,0.1014756910073813,0.0998236657126309,21333.913558910823,46.87372512495798,0.019964733142526184,0.02029513820147626,Da<0.1: flow/transport faster than interaction; low capture,139.22782636180338,562.6326702345528,72.73732422882277,774.597820825179,797.0140049842428,1.0344699937219684,Association model: baseline + bulk flow wash-in + binding buildup with random noise.
SYNTHETIC_SIMULATED_TRAINING_DATA_NOT_EXPERIMENTAL,bulk_flow_artifact_low_binding,Mostly wash-in/wash-out bulk fluorescence; weak true binding.,3,association_probe_injection,60,60,200.0,0.00019999999999999998,0.5,0.1,2.0,0.05,0.2,5.0,4.756543647145161,0.1014756910073813,0.0998236657126309,21333.913558910823,46.87372512495798,0.019964733142526184,0.02029513820147626,Da<0.1: flow/transport faster than interaction; low capture,139.22782636180338,562.6326702345528,73.05168606563637,774.9121826619926,744.1740900862379,0.9513710959201291,Association model: baseline + bulk flow wash-in + binding buildup with random noise.
SYNTHETIC_SIMULATED_TRAINING_DATA_NOT_EXPERIMENTAL,bulk_flow_artifact_low_binding,Mostly wash-in/wash-out bulk fluorescence; weak true binding.,3,association_probe_injection,70,70,200.0,0.00019999999999999998,0.5,0.1,2.0,0.05,0.2,5.0,4.756543647145161,0.1014756910073813,0.0998236657126309,21333.913558910823,46.87372512495798,0.019964733142526184,0.02029513820147626,Da<0.1: flow/transport faster than interaction; low capture,139.22782636180338,562.6326702345528,73.16753742815648,775.0280340245127,787.5230003384795,1.019543928329595,Association model: baseline + bulk flow wash-in + binding buildup with random noise.
SYNTHETIC_SIMULATED_TRAINING_DATA_NOT_EXPERIMENTAL,bulk_flow_artifact_low_binding,Mostly wash-in/wash-out bulk fluorescence; weak true binding.,3,association_probe_injection,80,80,200.0,0.00019999999999999998,0.5,0.1,2.0,0.05,0.2,5.0,4.756543647145161,0.1014756910073813,0.0998236657126309,21333.913558910823,46.87372512495798,0.019964733142526184,0.02029513820147626,Da<0.1: flow/transport faster than interaction; low capture,139.22782636180338,562.6326702345528,73.21023198145788,775.0707285778142,743.8420985855214,0.9508489881945135,Association model: baseline + bulk flow wash-in + binding buildup with random noise.
SYNTHETIC_SIMULATED_TRAINING_DATA_NOT_EXPERIMENTAL,bulk_flow_artifact_low_binding,Mostly wash-in/wash-out bulk fluorescence; weak true binding.,3,association_probe_injection,90,90,200.0,0.00019999999999999998,0.5,0.1,2.0,0.05,0.2,5.0,4.756543647145161,0.1014756910073813,0.0998236657126309,21333.913558910823,46.87372512495798,0.019964733142526184,0.02029513820147626,Da<0.1: flow/transport faster than interaction; low capture,139.22782636180338,562.6326702345528,73.22596615015433,775.0864627465106,835.023596874774,1.094245926330825,Association model: baseline + bulk flow wash-in + binding buildup with random noise.
SYNTHETIC_SIMULATED_TRAINING_DATA_NOT_EXPERIMENTAL,bulk_flow_artifact_low_binding,Mostly wash-in/wash-out bulk fluorescence; weak true binding.,3,association_probe_injection,100,100,200.0,0.00019999999999999998,0.5,0.1,2.0,0.05,0.2,5.0,4.756543647145161,0.1014756910073813,0.0998236657126309,21333.913558910823,46.87372512495798,0.019964733142526184,0.02029513820147626,Da<0.1: flow/transport faster than interaction; low capture,139.22782636180338,562.6326702345528,73.23176464306327,775.0922612394195,809.916625787491,1.0547613505414224,Association model: baseline + bulk flow wash-in + binding buildup with random noise.
SYNTHETIC_SIMULATED_TRAINING_DATA_NOT_EXPERIMENTAL,bulk_flow_artifact_low_binding,Mostly wash-in/wash-out bulk fluorescence; weak true binding.,3,association_probe_injection,110,110,200.0,0.00019999999999999998,0.5,0.1,2.0,0.05,0.2,5.0,4.756543647145161,0.1014756910073813,0.0998236657126309,21333.913558910823,46.87372512495798,0.019964733142526184,0.02029513820147626,Da<0.1: flow/transport faster than interaction; low capture,139.22782636180338,562.6326702345528,73.23390155418097,775.0943981505372,708.408615475053,0.8951243830840843,Association model: baseline + bulk flow wash-in + binding buildup with random noise.
SYNTHETIC_SIMULATED_TRAINING_DATA_NOT_EXPERIMENTAL,bulk_flow_artifact_low_binding,Mostly wash-in/wash-out bulk fluorescence; weak true binding.,3,association_probe_injection,120,120,200.0,0.00019999999999999998,0.5,0.1,2.0,0.05,0.2,5.0,4.756543647145161,0.1014756910073813,0.0998236657126309,21333.913558910823,46.87372512495798,0.019964733142526184,0.02029513820147626,Da<0.1: flow/transport faster than interaction; low capture,139.22782636180338,562.6326702345528,73.23468906728077,775.095185663637,792.9118611540853,1.0280187412631272,Association model: baseline + bulk flow wash-in + binding buildup with random noise.
SYNTHETIC_SIMULATED_TRAINING_DATA_NOT_EXPERIMENTAL,bulk_flow_artifact_low_binding,Mostly wash-in/wash-out bulk fluorescence; weak true binding.,3,dissociation_buffer_wash,130,0,0.0,0.0,0.5,0.1,2.0,0.05,0.2,5.0,4.756543647145161,0.1014756910073813,0.0998236657126309,21333.913558910823,46.87372512495798,0.019964733142526184,0.02029513820147626,Da<0.1: flow/transport faster than interaction; low capture,139.22782636180338,562.6326702345528,73.23468906728077,775.095185663637,737.8981858036116,0.9415012706260731,Dissociation model: bulk flow component washes out fast; bound component decays by koff.
SYNTHETIC_SIMULATED_TRAINING_DATA_NOT_EXPERIMENTAL,bulk_flow_artifact_low_binding,Mostly wash-in/wash-out bulk fluorescence; weak true binding.,3,dissociation_buffer_wash,140,10,0.0,0.0,0.5,0.1,2.0,0.05,0.2,5.0,4.756543647145161,0.1014756910073813,0.0998236657126309,21333.913558910823,46.87372512495798,0.019964733142526184,0.02029513820147626,Da<0.1: flow/transport faster than interaction; low capture,139.22782636180338,1.085177677174427e-19,26.54688176123723,165.77470812304063,153.05081246916603,0.02173877289676225,Dissociation model: bulk flow component washes out fast; bound component decays by koff.
SYNTHETIC_SIMULATED_TRAINING_DATA_NOT_EXPERIMENTAL,bulk_flow_artifact_low_binding,Mostly wash-in/wash-out bulk fluorescence; weak true binding.,3,dissociation_buffer_wash,150,20,0.0,0.0,0.5,0.1,2.0,0.05,0.2,5.0,4.756543647145161,0.1014756910073813,0.0998236657126309,21333.913558910823,46.87372512495798,0.019964733142526184,0.02029513820147626,Da<0.1: flow/transport faster than interaction; low capture,139.22782636180338,2.0930362798640135e-41,9.622993423207786,148.85081978501117,155.78184145152383,0.02603373625423315,Dissociation model: bulk flow component washes out fast; bound component decays by koff.
SYNTHETIC_SIMULATED_TRAINING_DATA_NOT_EXPERIMENTAL,bulk_flow_artifact_low_binding,Mostly wash-in/wash-out bulk fluorescence; weak true binding.,3,dissociation_buffer_wash,160,30,0.0,0.0,0.5,0.1,2.0,0.05,0.2,5.0,4.756543647145161,0.1014756910073813,0.0998236657126309,21333.913558910823,46.87372512495798,0.019964733142526184,0.02029513820147626,Da<0.1: flow/transport faster than interaction; low capture,139.22782636180338,4.03694340657068e-63,3.4882440527653347,142.71607041456872,156.12640671785292,0.02657561816127281,Dissociation model: bulk flow component washes out fast; bound component decays by koff.
SYNTHETIC_SIMULATED_TRAINING_DATA_NOT_EXPERIMENTAL,bulk_flow_artifact_low_binding,Mostly wash-in/wash-out bulk fluorescence; weak true binding.,3,dissociation_buffer_wash,170,40,0.0,0.0,0.5,0.1,2.0,0.05,0.2,5.0,4.756543647145161,0.1014756910073813,0.0998236657126309,21333.913558910823,46.87372512495798,0.019964733142526184,0.02029513820147626,Da<0.1: flow/transport faster than interaction; low capture,139.22782636180338,7.786253981662139e-85,1.2644554595982072,140.49228182140158,152.3624332271662,0.020656190602860582,Dissociation model: bulk flow component washes out fast; bound component decays by koff.
SYNTHETIC_SIMULATED_TRAINING_DATA_NOT_EXPERIMENTAL,bulk_flow_artifact_low_binding,Mostly wash-in/wash-out bulk fluorescence; weak true binding.,3,dissociation_buffer_wash,180,50,0.0,0.0,0.5,0.1,2.0,0.05,0.2,5.0,4.756543647145161,0.1014756910073813,0.0998236657126309,21333.913558910823,46.87372512495798,0.019964733142526184,0.02029513820147626,Da<0.1: flow/transport faster than interaction; low capture,139.22782636180338,1.50177361833393e-106,0.45835313846237724,139.68617950026575,164.41372690690048,0.039608704508404396,Dissociation model: bulk flow component washes out fast; bound component decays by koff.
SYNTHETIC_SIMULATED_TRAINING_DATA_NOT_EXPERIMENTAL,bulk_flow_artifact_low_binding,Mostly wash-in/wash-out bulk fluorescence; weak true binding.,3,dissociation_buffer_wash,190,60,0.0,0.0,0.5,0.1,2.0,0.05,0.2,5.0,4.756543647145161,0.1014756910073813,0.0998236657126309,21333.913558910823,46.87372512495798,0.019964733142526184,0.02029513820147626,Da<0.1: flow/transport faster than interaction; low capture,139.22782636180338,2.89654563803779e-128,0.1661486752606284,139.393975037064,136.4799805725047,-0.00432141037435257,Dissociation model: bulk flow component washes out fast; bound component decays by koff.
SYNTHETIC_SIMULATED_TRAINING_DATA_NOT_EXPERIMENTAL,bulk_flow_artifact_low_binding,Mostly wash-in/wash-out bulk fluorescence; weak true binding.,3,dissociation_buffer_wash,200,70,0.0,0.0,0.5,0.1,2.0,0.05,0.2,5.0,4.756543647145161,0.1014756910073813,0.0998236657126309,21333.913558910823,46.87372512495798,0.019964733142526184,0.02029513820147626,Da<0.1: flow/transport faster than interaction; low capture,139.22782636180338,5.586711958985937e-150,0.060227322503929294,139.2880536843073,106.49414743606424,-0.051478747552466654,Dissociation model: bulk flow component washes out fast; bound component decays by koff.
SYNTHETIC_SIMULATED_TRAINING_DATA_NOT_EXPERIMENTAL,bulk_flow_artifact_low_binding,Mostly wash-in/wash-out bulk fluorescence; weak true binding.,3,dissociation_buffer_wash,210,80,0.0,0.0,0.5,0.1,2.0,0.05,0.2,5.0,4.756543647145161,0.1014756910073813,0.0998236657126309,21333.913558910823,46.87372512495798,0.019964733142526184,0.02029513820147626,Da<0.1: flow/transport faster than interaction; low capture,139.22782636180338,1.0775369841512327e-171,0.02183183447176038,139.24965819627513,131.60318336714195,-0.01199092447843444,Dissociation model: bulk flow component washes out fast; bound component decays by koff.
SYNTHETIC_SIMULATED_TRAINING_DATA_NOT_EXPERIMENTAL,bulk_flow_artifact_low_binding,Mostly wash-in/wash-out bulk fluorescence; weak true binding.,3,dissociation_buffer_wash,220,90,0.0,0.0,0.5,0.1,2.0,0.05,0.2,5.0,4.756543647145161,0.1014756910073813,0.0998236657126309,21333.913558910823,46.87372512495798,0.019964733142526184,0.02029513820147626,Da<0.1: flow/transport faster than interaction; low capture,139.22782636180338,2.0782992943571884e-193,0.007913833399637658,139.23574019520302,133.22553843090307,-0.009439521473679185,Dissociation model: bulk flow component washes out fast; bound component decays by koff.
SYNTHETIC_SIMULATED_TRAINING_DATA_NOT_EXPERIMENTAL,bulk_flow_artifact_low_binding,Mostly wash-in/wash-out bulk fluorescence; weak true binding.,3,dissociation_buffer_wash,230,100,0.0,0.0,0.5,0.1,2.0,0.05,0.2,5.0,4.756543647145161,0.1014756910073813,0.0998236657126309,21333.913558910823,46.87372512495798,0.019964733142526184,0.02029513820147626,Da<0.1: flow/transport faster than interaction; low capture,139.22782636180338,4.008519448014945e-215,0.0028686897181375826,139.2306950515215,147.9784091136898,0.013761638019462482,Dissociation model: bulk flow component washes out fast; bound component decays by koff.
SYNTHETIC_SIMULATED_TRAINING_DATA_NOT_EXPERIMENTAL,bulk_flow_artifact_low_binding,Mostly wash-in/wash-out bulk fluorescence; weak true binding.,3,dissociation_buffer_wash,240,110,0.0,0.0,0.5,0.1,2.0,0.05,0.2,5.0,4.756543647145161,0.1014756910073813,0.0998236657126309,21333.913558910823,46.87372512495798,0.019964733142526184,0.02029513820147626,Da<0.1: flow/transport faster than interaction; low capture,139.22782636180338,7.731431275919233e-237,0.001039872876187294,139.22886623467957,137.04254331833857,-0.003436693882787286,Dissociation model: bulk flow component washes out fast; bound component decays by koff.
SYNTHETIC_SIMULATED_TRAINING_DATA_NOT_EXPERIMENTAL,bulk_flow_artifact_low_binding,Mostly wash-in/wash-out bulk fluorescence; weak true binding.,3,dissociation_buffer_wash,250,120,0.0,0.0,0.5,0.1,2.0,0.05,0.2,5.0,4.756543647145161,0.1014756910073813,0.0998236657126309,21333.913558910823,46.87372512495798,0.019964733142526184,0.02029513820147626,Da<0.1: flow/transport faster than interaction; low capture,139.22782636180338,1.4911996897972699e-258,0.0003769440772186616,139.2282033058806,126.4258310494063,-0.02013310774966214,Dissociation model: bulk flow component washes out fast; bound component decays by koff.
SYNTHETIC_SIMULATED_TRAINING_DATA_NOT_EXPERIMENTAL,bulk_flow_artifact_low_binding,Mostly wash-in/wash-out bulk fluorescence; weak true binding.,3,dissociation_buffer_wash,260,130,0.0,0.0,0.5,0.1,2.0,0.05,0.2,5.0,4.756543647145161,0.1014756910073813,0.0998236657126309,21333.913558910823,46.87372512495798,0.019964733142526184,0.02029513820147626,Da<0.1: flow/transport faster than interaction; low capture,139.22782636180338,2.8761511749803255e-280,0.00013663866094016354,139.2279630004643,139.6580660134848,0.000676618062583674,Dissociation model: bulk flow component washes out fast; bound component decays by koff.
SYNTHETIC_SIMULATED_TRAINING_DATA_NOT_EXPERIMENTAL,weak_reversible_interaction,Weak reversible binding; interaction is slow relative to flow at most flow rates.,1,association_probe_injection,0,0,200.0,0.00019999999999999998,0.005,0.1,2.0,0.05,20.0,0.049999999999999996,36.69365948566182,0.025859356144136737,0.0331980880412691,704.7363633556739,1418.9703440849828,0.663961760825382,0.5171871228827347,0.1<=Da<=1: mixed flow and interaction,138.39677087855776,0.0,0.0,138.39677087855776,149.59512080285893,0.0247889697505206,Association model: baseline + bulk flow wash-in + binding buildup with random noise.
SYNTHETIC_SIMULATED_TRAINING_DATA_NOT_EXPERIMENTAL,weak_reversible_interaction,Weak reversible binding; interaction is slow relative to flow at most flow rates.,1,association_probe_injection,10,10,200.0,0.00019999999999999998,0.005,0.1,2.0,0.05,20.0,0.049999999999999996,36.69365948566182,0.025859356144136737,0.0331980880412691,704.7363633556739,1418.9703440849828,0.663961760825382,0.5171871228827347,0.1<=Da<=1: mixed flow and interaction,138.39677087855776,37.109496816887145,100.97465496545749,276.48092266090237,289.8305139219332,0.3352178223475726,Association model: baseline + bulk flow wash-in + binding buildup with random noise.
SYNTHETIC_SIMULATED_TRAINING_DATA_NOT_EXPERIMENTAL,weak_reversible_interaction,Weak reversible binding; interaction is slow relative to flow at most flow rates.,1,association_probe_injection,20,20,200.0,0.00019999999999999998,0.005,0.1,2.0,0.05,20.0,0.049999999999999996,36.69365948566182,0.025859356144136737,0.0331980880412691,704.7363633556739,1418.9703440849828,0.663961760825382,0.5171871228827347,0.1<=Da<=1: mixed flow and interaction,138.39677087855776,59.617544402837574,173.4240750225448,371.43839030394014,416.45321137509006,0.6155132442725584,Association model: baseline + bulk flow wash-in + binding buildup with random noise.
SYNTHETIC_SIMULATED_TRAINING_DATA_NOT_EXPERIMENTAL,weak_reversible_interaction,Weak reversible binding; interaction is slow relative to flow at most flow rates.,1,association_probe_injection,30,30,200.0,0.00019999999999999998,0.005,0.1,2.0,0.05,20.0,0.049999999999999996,36.69365948566182,0.025859356144136737,0.0331980880412691,704.7363633556739,1418.9703440849828,0.663961760825382,0.5171871228827347,0.1<=Da<=1: mixed flow and interaction,138.39677087855776,73.26936535398742,225.40660933676344,437.0727455693086,440.0046405202769,0.6676473237224821,Association model: baseline + bulk flow wash-in + binding buildup with random noise.
SYNTHETIC_SIMULATED_TRAINING_DATA_NOT_EXPERIMENTAL,weak_reversible_interaction,Weak reversible binding; interaction is slow relative to flow at most flow rates.,1,association_probe_injection,40,40,200.0,0.00019999999999999998,0.005,0.1,2.0,0.05,20.0,0.049999999999999996,36.69365948566182,0.025859356144136737,0.0331980880412691,704.7363633556739,1418.9703440849828,0.663961760825382,0.5171871228827347,0.1<=Da<=1: mixed flow and interaction,138.39677087855776,81.54961332176711,262.7041318234819,482.65051602380674,457.1282954077534,0.7055527085241183,Association model: baseline + bulk flow wash-in + binding buildup with random noise.
SYNTHETIC_SIMULATED_TRAINING_DATA_NOT_EXPERIMENTAL,weak_reversible_interaction,Weak reversible binding; interaction is slow relative to flow at most flow rates.,1,association_probe_injection,50,50,200.0,0.00019999999999999998,0.005,0.1,2.0,0.05,20.0,0.049999999999999996,36.69365948566182,0.025859356144136737,0.0331980880412691,704.7363633556739,1418.9703440849828,0.663961760825382,0.5171871228827347,0.1<=Da<=1: mixed flow and interaction,138.39677087855776,86.5718375842487,289.4651430361799,514.4337514989863,553.581762791749,0.9190647081916856,Association model: baseline + bulk flow wash-in + binding buildup with random noise.
SYNTHETIC_SIMULATED_TRAINING_DATA_NOT_EXPERIMENTAL,weak_reversible_interaction,Weak reversible binding; interaction is slow relative to flow at most flow rates.,1,association_probe_injection,60,60,200.0,0.00019999999999999998,0.005,0.1,2.0,0.05,20.0,0.049999999999999996,36.69365948566182,0.025859356144136737,0.0331980880412691,704.7363633556739,1418.9703440849828,0.663961760825382,0.5171871228827347,0.1<=Da<=1: mixed flow and interaction,138.39677087855776,89.61797057939646,308.66619644076377,536.680937898718,509.22243756119997,0.820869708149105,Association model: baseline + bulk flow wash-in + binding buildup with random noise.
SYNTHETIC_SIMULATED_TRAINING_DATA_NOT_EXPERIMENTAL,weak_reversible_interaction,Weak reversible binding; interaction is slow relative to flow at most flow rates.,1,association_probe_injection,70,70,200.0,0.00019999999999999998,0.005,0.1,2.0,0.05,20.0,0.049999999999999996,36.69365948566182,0.025859356144136737,0.0331980880412691,704.7363633556739,1418.9703440849828,0.663961760825382,0.5171871228827347,0.1<=Da<=1: mixed flow and interaction,138.39677087855776,91.46554363451585,322.44297224775363,552.3052867608272,547.6746831078791,0.9059886371109274,Association model: baseline + bulk flow wash-in + binding buildup with random noise.
SYNTHETIC_SIMULATED_TRAINING_DATA_NOT_EXPERIMENTAL,weak_reversible_interaction,Weak reversible binding; interaction is slow relative to flow at most flow rates.,1,association_probe_injection,80,80,200.0,0.00019999999999999998,0.005,0.1,2.0,0.05,20.0,0.049999999999999996,36.69365948566182,0.025859356144136737,0.0331980880412691,704.7363633556739,1418.9703440849828,0.663961760825382,0.5171871228827347,0.1<=Da<=1: mixed flow and interaction,138.39677087855776,92.5861533385047,332.3278232315414,563.3107474486039,539.4828161432245,0.8878548992156289,Association model: baseline + bulk flow wash-in + binding buildup with random noise.
SYNTHETIC_SIMULATED_TRAINING_DATA_NOT_EXPERIMENTAL,weak_reversible_interaction,Weak reversible binding; interaction is slow relative to flow at most flow rates.,1,association_probe_injection,90,90,200.0,0.00019999999999999998,0.005,0.1,2.0,0.05,20.0,0.049999999999999996,36.69365948566182,0.025859356144136737,0.0331980880412691,704.7363633556739,1418.9703440849828,0.663961760825382,0.5171871228827347,0.1<=Da<=1: mixed flow and interaction,138.39677087855776,93.26583748154545,339.4202141030045,571.0828224631077,578.1152448820151,0.9733726865564978,Association model: baseline + bulk flow wash-in + binding buildup with random noise.
SYNTHETIC_SIMULATED_TRAINING_DATA_NOT_EXPERIMENTAL,weak_reversible_interaction,Weak reversible binding; interaction is slow relative to flow at most flow rates.,1,association_probe_injection,100,100,200.0,0.00019999999999999998,0.005,0.1,2.0,0.05,20.0,0.049999999999999996,36.69365948566182,0.025859356144136737,0.0331980880412691,704.7363633556739,1418.9703440849828,0.663961760825382,0.5171871228827347,0.1<=Da<=1: mixed flow and interaction,138.39677087855776,93.67808675322016,344.50901193679226,576.5838695685702,571.7046089740179,0.9591819298218747,Association model: baseline + bulk flow wash-in + binding buildup with random noise.
SYNTHETIC_SIMULATED_TRAINING_DATA_NOT_EXPERIMENTAL,weak_reversible_interaction,Weak reversible binding; interaction is slow relative to flow at most flow rates.,1,association_probe_injection,110,110,200.0,0.00019999999999999998,0.005,0.1,2.0,0.05,20.0,0.049999999999999996,36.69365948566182,0.025859356144136737,0.0331980880412691,704.7363633556739,1418.9703440849828,0.663961760825382,0.5171871228827347,0.1<=Da<=1: mixed flow and interaction,138.39677087855776,93.92812857593508,348.16022968021315,580.485129134706,595.542318919393,1.0119497281807444,Association model: baseline + bulk flow wash-in + binding buildup with random noise.
SYNTHETIC_SIMULATED_TRAINING_DATA_NOT_EXPERIMENTAL,weak_reversible_interaction,Weak reversible binding; interaction is slow relative to flow at most flow rates.,1,association_probe_injection,120,120,200.0,0.00019999999999999998,0.005,0.1,2.0,0.05,20.0,0.049999999999999996,36.69365948566182,0.025859356144136737,0.0331980880412691,704.7363633556739,1418.9703440849828,0.663961760825382,0.5171871228827347,0.1<=Da<=1: mixed flow and interaction,138.39677087855776,94.0797866076221,350.7799822122073,583.2565396983871,578.9035031278198,0.9751175962925697,Association model: baseline + bulk flow wash-in + binding buildup with random noise.
SYNTHETIC_SIMULATED_TRAINING_DATA_NOT_EXPERIMENTAL,weak_reversible_interaction,Weak reversible binding; interaction is slow relative to flow at most flow rates.,1,dissociation_buffer_wash,130,0,0.0,0.0,0.005,0.1,2.0,0.05,20.0,0.049999999999999996,36.69365948566182,0.025859356144136737,0.0331980880412691,704.7363633556739,1418.9703440849828,0.663961760825382,0.5171871228827347,0.1<=Da<=1: mixed flow and interaction,138.39677087855776,94.0797866076221,350.7799822122073,583.2565396983871,556.7046912296591,0.9259777069016474,Dissociation model: bulk flow component washes out fast; bound component decays by koff.
SYNTHETIC_SIMULATED_TRAINING_DATA_NOT_EXPERIMENTAL,weak_reversible_interaction,Weak reversible binding; interaction is slow relative to flow at most flow rates.,1,dissociation_buffer_wash,140,10,0.0,0.0,0.005,0.1,2.0,0.05,20.0,0.049999999999999996,36.69365948566182,0.025859356144136737,0.0331980880412691,704.7363633556739,1418.9703440849828,0.663961760825382,0.5171871228827347,0.1<=Da<=1: mixed flow and interaction,138.39677087855776,57.06227503674481,270.85012786166845,466.309173776971,418.90337691398213,0.6209369968644969,Dissociation model: bulk flow component washes out fast; bound component decays by koff.
SYNTHETIC_SIMULATED_TRAINING_DATA_NOT_EXPERIMENTAL,weak_reversible_interaction,Weak reversible binding; interaction is slow relative to flow at most flow rates.,1,dissociation_buffer_wash,150,20,0.0,0.0,0.005,0.1,2.0,0.05,20.0,0.049999999999999996,36.69365948566182,0.025859356144136737,0.0331980880412691,704.7363633556739,1418.9703440849828,0.663961760825382,0.5171871228827347,0.1<=Da<=1: mixed flow and interaction,138.39677087855776,34.61001932274057,209.13334706283925,382.1401372641376,400.6650942173621,0.5805642418493269,Dissociation model: bulk flow component washes out fast; bound component decays by koff.
SYNTHETIC_SIMULATED_TRAINING_DATA_NOT_EXPERIMENTAL,weak_reversible_interaction,Weak reversible binding; interaction is slow relative to flow at most flow rates.,1,dissociation_buffer_wash,160,30,0.0,0.0,0.005,0.1,2.0,0.05,20.0,0.049999999999999996,36.69365948566182,0.025859356144136737,0.0331980880412691,704.7363633556739,1418.9703440849828,0.663961760825382,0.5171871228827347,0.1<=Da<=1: mixed flow and interaction,138.39677087855776,20.992037852488828,161.47955032919052,320.86835906023714,333.1746600449089,0.43116559450755365,Dissociation model: bulk flow component washes out fast; bound component decays by koff.
SYNTHETIC_SIMULATED_TRAINING_DATA_NOT_EXPERIMENTAL,weak_reversible_interaction,Weak reversible binding; interaction is slow relative to flow at most flow rates.,1,dissociation_buffer_wash,170,40,0.0,0.0,0.005,0.1,2.0,0.05,20.0,0.049999999999999996,36.69365948566182,0.025859356144136737,0.0331980880412691,704.7363633556739,1418.9703440849828,0.663961760825382,0.5171871228827347,0.1<=Da<=1: mixed flow and interaction,138.39677087855776,12.732314567382621,124.68430090530951,275.8133863512499,262.091760870024,0.27381456963899575,Dissociation model: bulk flow component washes out fast; bound component decays by koff.
SYNTHETIC_SIMULATED_TRAINING_DATA_NOT_EXPERIMENTAL,weak_reversible_interaction,Weak reversible binding; interaction is slow relative to flow at most flow rates.,1,dissociation_buffer_wash,180,50,0.0,0.0,0.005,0.1,2.0,0.05,20.0,0.049999999999999996,36.69365948566182,0.025859356144136737,0.0331980880412691,704.7363633556739,1418.9703440849828,0.663961760825382,0.5171871228827347,0.1<=Da<=1: mixed flow and interaction,138.39677087855776,7.722539154223353,96.27333529572937,242.39264532851047,278.0760913775271,0.309197915231096,Dissociation model: bulk flow component washes out fast; bound component decays by koff.
SYNTHETIC_SIMULATED_TRAINING_DATA_NOT_EXPERIMENTAL,weak_reversible_interaction,Weak reversible binding; interaction is slow relative to flow at most flow rates.,1,dissociation_buffer_wash,190,60,0.0,0.0,0.005,0.1,2.0,0.05,20.0,0.049999999999999996,36.69365948566182,0.025859356144136737,0.0331980880412691,704.7363633556739,1418.9703440849828,0.663961760825382,0.5171871228827347,0.1<=Da<=1: mixed flow and interaction,138.39677087855776,4.683956767867734,74.3361836387314,217.41691128515689,230.21779939505387,0.20325750791352898,Dissociation model: bulk flow component washes out fast; bound component decays by koff.
SYNTHETIC_SIMULATED_TRAINING_DATA_NOT_EXPERIMENTAL,weak_reversible_interaction,Weak reversible binding; interaction is slow relative to flow at most flow rates.,1,dissociation_buffer_wash,200,70,0.0,0.0,0.005,0.1,2.0,0.05,20.0,0.049999999999999996,36.69365948566182,0.025859356144136737,0.0331980880412691,704.7363633556739,1418.9703440849828,0.663961760825382,0.5171871228827347,0.1<=Da<=1: mixed flow and interaction,138.39677087855776,2.840963388480271,57.39770187661008,198.63543614364812,199.53193218440734,0.13533044373039413,Dissociation model: bulk flow component washes out fast; bound component decays by koff.
SYNTHETIC_SIMULATED_TRAINING_DATA_NOT_EXPERIMENTAL,weak_reversible_interaction,Weak reversible binding; interaction is slow relative to flow at most flow rates.,1,dissociation_buffer_wash,210,80,0.0,0.0,0.005,0.1,2.0,0.05,20.0,0.049999999999999996,36.69365948566182,0.025859356144136737,0.0331980880412691,704.7363633556739,1418.9703440849828,0.663961760825382,0.5171871228827347,0.1<=Da<=1: mixed flow and interaction,138.39677087855776,1.7231313982343772,44.318877018589326,184.43877929538147,173.39935651124893,0.07748266863458775,Dissociation model: bulk flow component washes out fast; bound component decays by koff.
SYNTHETIC_SIMULATED_TRAINING_DATA_NOT_EXPERIMENTAL,weak_reversible_interaction,Weak reversible binding; interaction is slow relative to flow at most flow rates.,1,dissociation_buffer_wash,220,90,0.0,0.0,0.005,0.1,2.0,0.05,20.0,0.049999999999999996,36.69365948566182,0.025859356144136737,0.0331980880412691,704.7363633556739,1418.9703440849828,0.663961760825382,0.5171871228827347,0.1<=Da<=1: mixed flow and interaction,138.39677087855776,1.0451320237426487,34.22023523539804,173.66213813769843,188.1769459768264,0.11019473967398886,Dissociation model: bulk flow component washes out fast; bound component decays by koff.
SYNTHETIC_SIMULATED_TRAINING_DATA_NOT_EXPERIMENTAL,weak_reversible_interaction,Weak reversible binding; interaction is slow relative to flow at most flow rates.,1,dissociation_buffer_wash,230,100,0.0,0.0,0.005,0.1,2.0,0.05,20.0,0.049999999999999996,36.69365948566182,0.025859356144136737,0.0331980880412691,704.7363633556739,1418.9703440849828,0.663961760825382,0.5171871228827347,0.1<=Da<=1: mixed flow and interaction,138.39677087855776,0.6339046158474284,26.422702431625186,165.45337792603038,165.0386920850246,0.05897527612078735,Dissociation model: bulk flow component washes out fast; bound component decays by koff.
SYNTHETIC_SIMULATED_TRAINING_DATA_NOT_EXPERIMENTAL,weak_reversible_interaction,Weak reversible binding; interaction is slow relative to flow at most flow rates.,1,dissociation_buffer_wash,240,110,0.0,0.0,0.005,0.1,2.0,0.05,20.0,0.049999999999999996,36.69365948566182,0.025859356144136737,0.0331980880412691,704.7363633556739,1418.9703440849828,0.663961760825382,0.5171871228827347,0.1<=Da<=1: mixed flow and interaction,138.39677087855776,0.3844825848448246,20.401940518165194,159.18319398156777,180.03498254979107,0.09217146959697176,Dissociation model: bulk flow component washes out fast; bound component decays by koff.
SYNTHETIC_SIMULATED_TRAINING_DATA_NOT_EXPERIMENTAL,weak_reversible_interaction,Weak reversible binding; interaction is slow relative to flow at most flow rates.,1,dissociation_buffer_wash,250,120,0.0,0.0,0.005,0.1,2.0,0.05,20.0,0.049999999999999996,36.69365948566182,0.025859356144136737,0.0331980880412691,704.7363633556739,1418.9703440849828,0.663961760825382,0.5171871228827347,0.1<=Da<=1: mixed flow and interaction,138.39677087855776,0.23320047583395,15.753088768412896,154.3830601228046,148.85494283600136,0.023150491818105103,Dissociation model: bulk flow component washes out fast; bound component decays by koff.
SYNTHETIC_SIMULATED_TRAINING_DATA_NOT_EXPERIMENTAL,weak_reversible_interaction,Weak reversible binding; interaction is slow relative to flow at most flow rates.,1,dissociation_buffer_wash,260,130,0.0,0.0,0.005,0.1,2.0,0.05,20.0,0.049999999999999996,36.69365948566182,0.025859356144136737,0.0331980880412691,704.7363633556739,1418.9703440849828,0.663961760825382,0.5171871228827347,0.1<=Da<=1: mixed flow and interaction,138.39677087855776,0.14144323845286572,12.163539322376879,150.70175343938752,144.45059705245637,0.01340091307327562,Dissociation model: bulk flow component washes out fast; bound component decays by koff.
SYNTHETIC_SIMULATED_TRAINING_DATA_NOT_EXPERIMENTAL,weak_reversible_interaction,Weak reversible binding; interaction is slow relative to flow at most flow rates.,2,association_probe_injection,0,0,200.0,0.00019999999999999998,0.005,0.1,2.0,0.05,20.0,0.049999999999999996,62.124927130656296,0.023164163733243027,0.035589149159374285,372.864239897231,2681.941288538746,0.7117829831874857,0.4632832746648605,0.1<=Da<=1: mixed flow and interaction,139.752950426094,0.0,0.0,139.752950426094,142.88825458179704,0.007302329666001059,Association model: baseline + bulk flow wash-in + binding buildup with random noise.
SYNTHETIC_SIMULATED_TRAINING_DATA_NOT_EXPERIMENTAL,weak_reversible_interaction,Weak reversible binding; interaction is slow relative to flow at most flow rates.,2,association_probe_injection,10,10,200.0,0.00019999999999999998,0.005,0.1,2.0,0.05,20.0,0.049999999999999996,62.124927130656296,0.023164163733243027,0.035589149159374285,372.864239897231,2681.941288538746,0.7117829831874857,0.4632832746648605,0.1<=Da<=1: mixed flow and interaction,139.752950426094,39.15788312266311,98.77019196437521,277.68102551313234,309.1761252707066,0.3945977214126076,Association model: baseline + bulk flow wash-in + binding buildup with random noise.
SYNTHETIC_SIMULATED_TRAINING_DATA_NOT_EXPERIMENTAL,weak_reversible_interaction,Weak reversible binding; interaction is slow relative to flow at most flow rates.,2,association_probe_injection,20,20,200.0,0.00019999999999999998,0.005,0.1,2.0,0.05,20.0,0.049999999999999996,62.124927130656296,0.023164163733243027,0.035589149159374285,372.864239897231,2681.941288538746,0.7117829831874857,0.4632832746648605,0.1<=Da<=1: mixed flow and interaction,139.752950426094,62.908339806002154,167.9635147806535,370.6248050127497,387.9789200611956,0.5781346153103378,Association model: baseline + bulk flow wash-in + binding buildup with random noise.
SYNTHETIC_SIMULATED_TRAINING_DATA_NOT_EXPERIMENTAL,weak_reversible_interaction,Weak reversible binding; interaction is slow relative to flow at most flow rates.,2,association_probe_injection,30,30,200.0,0.00019999999999999998,0.005,0.1,2.0,0.05,20.0,0.049999999999999996,62.124927130656296,0.023164163733243027,0.035589149159374285,372.864239897231,2681.941288538746,0.7117829831874857,0.4632832746648605,0.1<=Da<=1: mixed flow and interaction,139.752950426094,77.3137199666241,216.4368023903865,433.5034727831046,430.87749189814025,0.6780482116305504,Association model: baseline + bulk flow wash-in + binding buildup with random noise.
SYNTHETIC_SIMULATED_TRAINING_DATA_NOT_EXPERIMENTAL,weak_reversible_interaction,Weak reversible binding; interaction is slow relative to flow at most flow rates.,2,association_probe_injection,40,40,200.0,0.00019999999999999998,0.005,0.1,2.0,0.05,20.0,0.049999999999999996,62.124927130656296,0.023164163733243027,0.035589149159374285,372.864239897231,2681.941288538746,0.7117829831874857,0.4632832746648605,0.1<=Da<=1: mixed flow and interaction,139.752950426094,86.05102469885742,250.3946976909879,476.1986728159393,450.12768554113177,0.7228831791917634,Association model: baseline + bulk flow wash-in + binding buildup with random noise.
SYNTHETIC_SIMULATED_TRAINING_DATA_NOT_EXPERIMENTAL,weak_reversible_interaction,Weak reversible binding; interaction is slow relative to flow at most flow rates.,2,association_probe_injection,50,50,200.0,0.00019999999999999998,0.005,0.1,2.0,0.05,20.0,0.049999999999999996,62.124927130656296,0.023164163733243027,0.035589149159374285,372.864239897231,2681.941288538746,0.7117829831874857,0.4632832746648605,0.1<=Da<=1: mixed flow and interaction,139.752950426094,91.3504679022092,274.1838547733532,505.2872731016564,468.7831414313295,0.7663329633959431,Association model: baseline + bulk flow wash-in + binding buildup with random noise.
SYNTHETIC_SIMULATED_TRAINING_DATA_NOT_EXPERIMENTAL,weak_reversible_interaction,Weak reversible binding; interaction is slow relative to flow at most flow rates.,2,association_probe_injection,60,60,200.0,0.00019999999999999998,0.005,0.1,2.0,0.05,20.0,0.049999999999999996,62.124927130656296,0.023164163733243027,0.035589149159374285,372.864239897231,2681.941288538746,0.7117829831874857,0.4632832746648605,0.1<=Da<=1: mixed flow and interaction,139.752950426094,94.56474268444781,290.84931621257925,525.1670093231211,529.1917432298964,0.9070285715693726,Association model: baseline + bulk flow wash-in + binding buildup with random noise.
SYNTHETIC_SIMULATED_TRAINING_DATA_NOT_EXPERIMENTAL,weak_reversible_interaction,Weak reversible binding; interaction is slow relative to flow at most flow rates.,2,association_probe_injection,70,70,200.0,0.00019999999999999998,0.005,0.1,2.0,0.05,20.0,0.049999999999999996,62.124927130656296,0.023164163733243027,0.035589149159374285,372.864239897231,2681.941288538746,0.7117829831874857,0.4632832746648605,0.1<=Da<=1: mixed flow and interaction,139.752950426094,96.51429888861666,302.524282417591,538.7915317323017,540.9238757052101,0.9343534800201533,Association model: baseline + bulk flow wash-in + binding buildup with random noise.
SYNTHETIC_SIMULATED_TRAINING_DATA_NOT_EXPERIMENTAL,weak_reversible_interaction,Weak reversible binding; interaction is slow relative to flow at most flow rates.,2,association_probe_injection,80,80,200.0,0.00019999999999999998,0.005,0.1,2.0,0.05,20.0,0.049999999999999996,62.124927130656296,0.023164163733243027,0.035589149159374285,372.864239897231,2681.941288538746,0.7117829831874857,0.4632832746648605,0.1<=Da<=1: mixed flow and interaction,139.752950426094,97.69676449927805,310.7031640156332,548.1528789410053,570.2218650780452,1.0025904249309938,Association model: baseline + bulk flow wash-in + binding buildup with random noise.
SYNTHETIC_SIMULATED_TRAINING_DATA_NOT_EXPERIMENTAL,weak_reversible_interaction,Weak reversible binding; interaction is slow relative to flow at most flow rates.,2,association_probe_injection,90,90,200.0,0.00019999999999999998,0.005,0.1,2.0,0.05,20.0,0.049999999999999996,62.124927130656296,0.023164163733243027,0.035589149159374285,372.864239897231,2681.941288538746,0.7117829831874857,0.4632832746648605,0.1<=Da<=1: mixed flow and interaction,139.752950426094,98.41396614620001,316.432868326561,554.599784898855,551.056772907746,0.9579536642989335,Association model: baseline + bulk flow wash-in + binding buildup with random noise.
SYNTHETIC_SIMULATED_TRAINING_DATA_NOT_EXPERIMENTAL,weak_reversible_interaction,Weak reversible binding; interaction is slow relative to flow at most flow rates.,2,association_probe_injection,100,100,200.0,0.00019999999999999998,0.005,0.1,2.0,0.05,20.0,0.049999999999999996,62.124927130656296,0.023164163733243027,0.035589149159374285,372.864239897231,2681.941288538746,0.7117829831874857,0.4632832746648605,0.1<=Da<=1: mixed flow and interaction,139.752950426094,98.84897093425457,320.44680484063446,559.0487262009831,536.852088535713,0.9248700197991165,Association model: baseline + bulk flow wash-in + binding buildup with random noise.
SYNTHETIC_SIMULATED_TRAINING_DATA_NOT_EXPERIMENTAL,weak_reversible_interaction,Weak reversible binding; interaction is slow relative to flow at most flow rates.,2,association_probe_injection,110,110,200.0,0.00019999999999999998,0.005,0.1,2.0,0.05,20.0,0.049999999999999996,62.124927130656296,0.023164163733243027,0.035589149159374285,372.864239897231,2681.941288538746,0.7117829831874857,0.4632832746648605,0.1<=Da<=1: mixed flow and interaction,139.752950426094,99.11281467533146,323.2587625726039,562.1245276740294,580.0004288204676,1.025365343267796,Association model: baseline + bulk flow wash-in + binding buildup with random noise.
SYNTHETIC_SIMULATED_TRAINING_DATA_NOT_EXPERIMENTAL,weak_reversible_interaction,Weak reversible binding; interaction is slow relative to flow at most flow rates.,2,association_probe_injection,120,120,200.0,0.00019999999999999998,0.005,0.1,2.0,0.05,20.0,0.049999999999999996,62.124927130656296,0.023164163733243027,0.035589149159374285,372.864239897231,2681.941288538746,0.7117829831874857,0.4632832746648605,0.1<=Da<=1: mixed flow and interaction,139.752950426094,99.27284399366786,325.22867571364617,564.2544701334081,540.4344425902239,0.9332135580930936,Association model: baseline + bulk flow wash-in + binding buildup with random noise.
SYNTHETIC_SIMULATED_TRAINING_DATA_NOT_EXPERIMENTAL,weak_reversible_interaction,Weak reversible binding; interaction is slow relative to flow at most flow rates.,2,dissociation_buffer_wash,130,0,0.0,0.0,0.005,0.1,2.0,0.05,20.0,0.049999999999999996,62.124927130656296,0.023164163733243027,0.035589149159374285,372.864239897231,2681.941288538746,0.7117829831874857,0.4632832746648605,0.1<=Da<=1: mixed flow and interaction,139.752950426094,99.27284399366786,325.22867571364617,564.2544701334081,554.4690168800672,0.9659010050190963,Dissociation model: bulk flow component washes out fast; bound component decays by koff.
SYNTHETIC_SIMULATED_TRAINING_DATA_NOT_EXPERIMENTAL,weak_reversible_interaction,Weak reversible binding; interaction is slow relative to flow at most flow rates.,2,dissociation_buffer_wash,140,10,0.0,0.0,0.005,0.1,2.0,0.05,20.0,0.049999999999999996,62.124927130656296,0.023164163733243027,0.035589149159374285,372.864239897231,2681.941288538746,0.7117829831874857,0.4632832746648605,0.1<=Da<=1: mixed flow and interaction,139.752950426094,60.21202355902871,257.9812518814216,457.9462258665443,493.1032939481261,0.8229761987522436,Dissociation model: bulk flow component washes out fast; bound component decays by koff.
SYNTHETIC_SIMULATED_TRAINING_DATA_NOT_EXPERIMENTAL,weak_reversible_interaction,Weak reversible binding; interaction is slow relative to flow at most flow rates.,2,dissociation_buffer_wash,150,20,0.0,0.0,0.005,0.1,2.0,0.05,20.0,0.049999999999999996,62.124927130656296,0.023164163733243027,0.035589149159374285,372.864239897231,2681.941288538746,0.7117829831874857,0.4632832746648605,0.1<=Da<=1: mixed flow and interaction,139.752950426094,36.520438371890314,204.63855524506255,380.9119440430469,383.8679064408006,0.5685597941042551,Dissociation model: bulk flow component washes out fast; bound component decays by koff.
SYNTHETIC_SIMULATED_TRAINING_DATA_NOT_EXPERIMENTAL,weak_reversible_interaction,Weak reversible binding; interaction is slow relative to flow at most flow rates.,2,dissociation_buffer_wash,160,30,0.0,0.0,0.005,0.1,2.0,0.05,20.0,0.049999999999999996,62.124927130656296,0.023164163733243027,0.035589149159374285,372.864239897231,2681.941288538746,0.7117829831874857,0.4632832746648605,0.1<=Da<=1: mixed flow and interaction,139.752950426094,22.150765578697204,162.32551004146148,324.2292260462527,313.10782823902474,0.4037549163122572,Dissociation model: bulk flow component washes out fast; bound component decays by koff.
SYNTHETIC_SIMULATED_TRAINING_DATA_NOT_EXPERIMENTAL,weak_reversible_interaction,Weak reversible binding; interaction is slow relative to flow at most flow rates.,2,dissociation_buffer_wash,170,40,0.0,0.0,0.005,0.1,2.0,0.05,20.0,0.049999999999999996,62.124927130656296,0.023164163733243027,0.035589149159374285,372.864239897231,2681.941288538746,0.7117829831874857,0.4632832746648605,0.1<=Da<=1: mixed flow and interaction,139.752950426094,13.435118459587109,128.76151895553596,281.94958784121707,293.91064104195476,0.3590434042511551,Dissociation model: bulk flow component washes out fast; bound component decays by koff.
SYNTHETIC_SIMULATED_TRAINING_DATA_NOT_EXPERIMENTAL,weak_reversible_interaction,Weak reversible binding; interaction is slow relative to flow at most flow rates.,2,dissociation_buffer_wash,180,50,0.0,0.0,0.005,0.1,2.0,0.05,20.0,0.049999999999999996,62.124927130656296,0.023164163733243027,0.035589149159374285,372.864239897231,2681.941288538746,0.7117829831874857,0.4632832746648605,0.1<=Da<=1: mixed flow and interaction,139.752950426094,8.148811262610748,102.13754301158254,250.0393047002873,249.12871908681348,0.25474336159062244,Dissociation model: bulk flow component washes out fast; bound component decays by koff.
SYNTHETIC_SIMULATED_TRAINING_DATA_NOT_EXPERIMENTAL,weak_reversible_interaction,Weak reversible binding; interaction is slow relative to flow at most flow rates.,2,dissociation_buffer_wash,190,60,0.0,0.0,0.005,0.1,2.0,0.05,20.0,0.049999999999999996,62.124927130656296,0.023164163733243027,0.035589149159374285,372.864239897231,2681.941288538746,0.7117829831874857,0.4632832746648605,0.1<=Da<=1: mixed flow and interaction,139.752950426094,4.9425038709850355,81.01859761413102,225.71405191121005,231.73713554509789,0.2142372192425516,Dissociation model: bulk flow component washes out fast; bound component decays by koff.
SYNTHETIC_SIMULATED_TRAINING_DATA_NOT_EXPERIMENTAL,weak_reversible_interaction,Weak reversible binding; interaction is slow relative to flow at most flow rates.,2,dissociation_buffer_wash,200,70,0.0,0.0,0.005,0.1,2.0,0.05,20.0,0.049999999999999996,62.124927130656296,0.023164163733243027,0.035589149159374285,372.864239897231,2681.941288538746,0.7117829831874857,0.4632832746648605,0.1<=Da<=1: mixed flow and interaction,139.752950426094,2.997780133500798,64.26640944961942,207.01714000921424,218.48697088825975,0.18337671396205776,Dissociation model: bulk flow component washes out fast; bound component decays by koff.
SYNTHETIC_SIMULATED_TRAINING_DATA_NOT_EXPERIMENTAL,weak_reversible_interaction,Weak reversible binding; interaction is slow relative to flow at most flow rates.,2,dissociation_buffer_wash,210,80,0.0,0.0,0.005,0.1,2.0,0.05,20.0,0.049999999999999996,62.124927130656296,0.023164163733243027,0.035589149159374285,372.864239897231,2681.941288538746,0.7117829831874857,0.4632832746648605,0.1<=Da<=1: mixed flow and interaction,139.752950426094,1.8182455620456655,50.97806559448223,192.5492615826219,185.46451807785436,0.1064652486540065,Dissociation model: bulk flow component washes out fast; bound component decays by koff.
SYNTHETIC_SIMULATED_TRAINING_DATA_NOT_EXPERIMENTAL,weak_reversible_interaction,Weak reversible binding; interaction is slow relative to flow at most flow rates.,2,dissociation_buffer_wash,220,90,0.0,0.0,0.005,0.1,2.0,0.05,20.0,0.049999999999999996,62.124927130656296,0.023164163733243027,0.035589149159374285,372.864239897231,2681.941288538746,0.7117829831874857,0.4632832746648605,0.1<=Da<=1: mixed flow and interaction,139.752950426094,1.102821680267125,40.43734812651375,181.29312023287486,192.9591280649774,0.12392068842195604,Dissociation model: bulk flow component washes out fast; bound component decays by koff.
SYNTHETIC_SIMULATED_TRAINING_DATA_NOT_EXPERIMENTAL,weak_reversible_interaction,Weak reversible binding; interaction is slow relative to flow at most flow rates.,2,dissociation_buffer_wash,230,100,0.0,0.0,0.005,0.1,2.0,0.05,20.0,0.049999999999999996,62.124927130656296,0.023164163733243027,0.035589149159374285,372.864239897231,2681.941288538746,0.7117829831874857,0.4632832746648605,0.1<=Da<=1: mixed flow and interaction,139.752950426094,0.6688951612778141,32.07613126226297,172.4979768496348,159.02431530528844,0.04488427676329126,Dissociation model: bulk flow component washes out fast; bound component decays by koff.
SYNTHETIC_SIMULATED_TRAINING_DATA_NOT_EXPERIMENTAL,weak_reversible_interaction,Weak reversible binding; interaction is slow relative to flow at most flow rates.,2,dissociation_buffer_wash,240,110,0.0,0.0,0.005,0.1,2.0,0.05,20.0,0.049999999999999996,62.124927130656296,0.023164163733243027,0.035589149159374285,372.864239897231,2681.941288538746,0.7117829831874857,0.4632832746648605,0.1<=Da<=1: mixed flow and interaction,139.752950426094,0.4057054234484213,25.443760395338952,165.60241624488137,189.3196270026869,0.11544405098687224,Dissociation model: bulk flow component washes out fast; bound component decays by koff.
SYNTHETIC_SIMULATED_TRAINING_DATA_NOT_EXPERIMENTAL,weak_reversible_interaction,Weak reversible binding; interaction is slow relative to flow at most flow rates.,2,dissociation_buffer_wash,250,120,0.0,0.0,0.005,0.1,2.0,0.05,20.0,0.049999999999999996,62.124927130656296,0.023164163733243027,0.035589149159374285,372.864239897231,2681.941288538746,0.7117829831874857,0.4632832746648605,0.1<=Da<=1: mixed flow and interaction,139.752950426094,0.24607277813316425,20.182762620661073,160.18178582488824,148.1283177023737,0.019506781443830168,Dissociation model: bulk flow component washes out fast; bound component decays by koff.
SYNTHETIC_SIMULATED_TRAINING_DATA_NOT_EXPERIMENTAL,weak_reversible_interaction,Weak reversible binding; interaction is slow relative to flow at most flow rates.,2,dissociation_buffer_wash,260,130,0.0,0.0,0.005,0.1,2.0,0.05,20.0,0.049999999999999996,62.124927130656296,0.023164163733243027,0.035589149159374285,372.864239897231,2681.941288538746,0.7117829831874857,0.4632832746648605,0.1<=Da<=1: mixed flow and interaction,139.752950426094,0.1492506844584286,16.009579585436402,155.91178069598882,149.08527935266724,0.02173560809066532,Dissociation model: bulk flow component washes out fast; bound component decays by koff.
SYNTHETIC_SIMULATED_TRAINING_DATA_NOT_EXPERIMENTAL,weak_reversible_interaction,Weak reversible binding; interaction is slow relative to flow at most flow rates.,3,association_probe_injection,0,0,200.0,0.00019999999999999998,0.005,0.1,2.0,0.05,20.0,0.049999999999999996,29.089567285159898,0.025757357205510468,0.03157527066254245,885.449994942023,1129.3692537267195,0.631505413250849,0.5151471441102093,0.1<=Da<=1: mixed flow and interaction,138.93825213048106,0.0,0.0,138.93825213048106,148.99593507098092,0.023120447067395203,Association model: baseline + bulk flow wash-in + binding buildup with random noise.
SYNTHETIC_SIMULATED_TRAINING_DATA_NOT_EXPERIMENTAL,weak_reversible_interaction,Weak reversible binding; interaction is slow relative to flow at most flow rates.,3,association_probe_injection,10,10,200.0,0.00019999999999999998,0.005,0.1,2.0,0.05,20.0,0.049999999999999996,29.089567285159898,0.025757357205510468,0.03157527066254245,885.449994942023,1129.3692537267195,0.631505413250849,0.5151471441102093,0.1<=Da<=1: mixed flow and interaction,138.93825213048106,38.400538066001154,91.35930592928928,268.6980961257715,269.47112563735135,0.30006696475963845,Association model: baseline + bulk flow wash-in + binding buildup with random noise.
SYNTHETIC_SIMULATED_TRAINING_DATA_NOT_EXPERIMENTAL,weak_reversible_interaction,Weak reversible binding; interaction is slow relative to flow at most flow rates.,3,association_probe_injection,20,20,200.0,0.00019999999999999998,0.005,0.1,2.0,0.05,20.0,0.049999999999999996,29.089567285159898,0.025757357205510468,0.03157527066254245,885.449994942023,1129.3692537267195,0.631505413250849,0.5151471441102093,0.1<=Da<=1: mixed flow and interaction,138.93825213048106,61.69164175249292,157.98214462743908,358.6120385104131,352.98049678540167,0.49203702453207343,Association model: baseline + bulk flow wash-in + binding buildup with random noise.
SYNTHETIC_SIMULATED_TRAINING_DATA_NOT_EXPERIMENTAL,weak_reversible_interaction,Weak reversible binding; interaction is slow relative to flow at most flow rates.,3,association_probe_injection,30,30,200.0,0.00019999999999999998,0.005,0.1,2.0,0.05,20.0,0.049999999999999996,29.089567285159898,0.025757357205510468,0.03157527066254245,885.449994942023,1129.3692537267195,0.631505413250849,0.5151471441102093,0.1<=Da<=1: mixed flow and interaction,138.93825213048106,75.81841023689611,206.5661677989274,421.3228301663046,442.9458966974879,0.6988481040689528,Association model: baseline + bulk flow wash-in + binding buildup with random noise.
SYNTHETIC_SIMULATED_TRAINING_DATA_NOT_EXPERIMENTAL,weak_reversible_interaction,Weak reversible binding; interaction is slow relative to flow at most flow rates.,3,association_probe_injection,40,40,200.0,0.00019999999999999998,0.005,0.1,2.0,0.05,20.0,0.049999999999999996,29.089567285159898,0.025757357205510468,0.03157527066254245,885.449994942023,1129.3692537267195,0.631505413250849,0.5151471441102093,0.1<=Da<=1: mixed flow and interaction,138.93825213048106,84.38672844534884,241.99556939230732,465.32054996813724,462.9338619398678,0.7447961315724339,Association model: baseline + bulk flow wash-in + binding buildup with random noise.
SYNTHETIC_SIMULATED_TRAINING_DATA_NOT_EXPERIMENTAL,weak_reversible_interaction,Weak reversible binding; interaction is slow relative to flow at most flow rates.,3,association_probe_injection,50,50,200.0,0.00019999999999999998,0.005,0.1,2.0,0.05,20.0,0.049999999999999996,29.089567285159898,0.025757357205510468,0.03157527066254245,885.449994942023,1129.3692537267195,0.631505413250849,0.5151471441102093,0.1<=Da<=1: mixed flow and interaction,138.93825213048106,89.58367614094942,267.8320978501158,496.3540261215463,507.52381686735737,0.8472988351014161,Association model: baseline + bulk flow wash-in + binding buildup with random noise.
SYNTHETIC_SIMULATED_TRAINING_DATA_NOT_EXPERIMENTAL,weak_reversible_interaction,Weak reversible binding; interaction is slow relative to flow at most flow rates.,3,association_probe_injection,60,60,200.0,0.00019999999999999998,0.005,0.1,2.0,0.05,20.0,0.049999999999999996,29.089567285159898,0.025757357205510468,0.03157527066254245,885.449994942023,1129.3692537267195,0.631505413250849,0.5151471441102093,0.1<=Da<=1: mixed flow and interaction,138.93825213048106,92.7357842552541,286.67312176613586,518.3471581518711,554.6566302695919,0.9556470226363097,Association model: baseline + bulk flow wash-in + binding buildup with random noise.
SYNTHETIC_SIMULATED_TRAINING_DATA_NOT_EXPERIMENTAL,weak_reversible_interaction,Weak reversible binding; interaction is slow relative to flow at most flow rates.,3,association_probe_injection,70,70,200.0,0.00019999999999999998,0.005,0.1,2.0,0.05,20.0,0.049999999999999996,29.089567285159898,0.025757357205510468,0.03157527066254245,885.449994942023,1129.3692537267195,0.631505413250849,0.5151471441102093,0.1<=Da<=1: mixed flow and interaction,138.93825213048106,94.64763446930887,300.41274560080603,533.9986322005959,562.2947709700532,0.9732054631641193,Association model: baseline + bulk flow wash-in + binding buildup with random noise.
SYNTHETIC_SIMULATED_TRAINING_DATA_NOT_EXPERIMENTAL,weak_reversible_interaction,Weak reversible binding; interaction is slow relative to flow at most flow rates.,3,association_probe_injection,80,80,200.0,0.00019999999999999998,0.005,0.1,2.0,0.05,20.0,0.049999999999999996,29.089567285159898,0.025757357205510468,0.03157527066254245,885.449994942023,1129.3692537267195,0.631505413250849,0.5151471441102093,0.1<=Da<=1: mixed flow and interaction,138.93825213048106,95.80723024091124,310.4322256439116,545.1777080153039,509.30655296197364,0.8513969614546277,Association model: baseline + bulk flow wash-in + binding buildup with random noise.
SYNTHETIC_SIMULATED_TRAINING_DATA_NOT_EXPERIMENTAL,weak_reversible_interaction,Weak reversible binding; interaction is slow relative to flow at most flow rates.,3,association_probe_injection,90,90,200.0,0.00019999999999999998,0.005,0.1,2.0,0.05,20.0,0.049999999999999996,29.089567285159898,0.025757357205510468,0.03157527066254245,885.449994942023,1129.3692537267195,0.631505413250849,0.5151471441102093,0.1<=Da<=1: mixed flow and interaction,138.93825213048106,96.51056062926122,317.73882890628533,553.1876416660276,536.399770268516,0.9136784332734459,Association model: baseline + bulk flow wash-in + binding buildup with random noise.
SYNTHETIC_SIMULATED_TRAINING_DATA_NOT_EXPERIMENTAL,weak_reversible_interaction,Weak reversible binding; interaction is slow relative to flow at most flow rates.,3,association_probe_injection,100,100,200.0,0.00019999999999999998,0.005,0.1,2.0,0.05,20.0,0.049999999999999996,29.089567285159898,0.025757357205510468,0.03157527066254245,885.449994942023,1129.3692537267195,0.631505413250849,0.5151471441102093,0.1<=Da<=1: mixed flow and interaction,138.93825213048106,96.93715207370306,323.06709454522604,558.9424987494101,607.5334518649397,1.077199447983154,Association model: baseline + bulk flow wash-in + binding buildup with random noise.
SYNTHETIC_SIMULATED_TRAINING_DATA_NOT_EXPERIMENTAL,weak_reversible_interaction,Weak reversible binding; interaction is slow relative to flow at most flow rates.,3,association_probe_injection,110,110,200.0,0.00019999999999999998,0.005,0.1,2.0,0.05,20.0,0.049999999999999996,29.089567285159898,0.025757357205510468,0.03157527066254245,885.449994942023,1129.3692537267195,0.631505413250849,0.5151471441102093,0.1<=Da<=1: mixed flow and interaction,138.93825213048106,97.19589286392814,326.9526777224756,563.0868227168849,588.9343815932023,1.0344441909061102,Association model: baseline + bulk flow wash-in + binding buildup with random noise.
SYNTHETIC_SIMULATED_TRAINING_DATA_NOT_EXPERIMENTAL,weak_reversible_interaction,Weak reversible binding; interaction is slow relative to flow at most flow rates.,3,association_probe_injection,120,120,200.0,0.00019999999999999998,0.005,0.1,2.0,0.05,20.0,0.049999999999999996,29.089567285159898,0.025757357205510468,0.03157527066254245,885.449994942023,1129.3692537267195,0.631505413250849,0.5151471441102093,0.1<=Da<=1: mixed flow and interaction,138.93825213048106,97.35282708611793,329.786199481786,566.077278698385,542.7356666367699,0.9282432945315833,Association model: baseline + bulk flow wash-in + binding buildup with random noise.
SYNTHETIC_SIMULATED_TRAINING_DATA_NOT_EXPERIMENTAL,weak_reversible_interaction,Weak reversible binding; interaction is slow relative to flow at most flow rates.,3,dissociation_buffer_wash,130,0,0.0,0.0,0.005,0.1,2.0,0.05,20.0,0.049999999999999996,29.089567285159898,0.025757357205510468,0.03157527066254245,885.449994942023,1129.3692537267195,0.631505413250849,0.5151471441102093,0.1<=Da<=1: mixed flow and interaction,138.93825213048106,97.35282708611793,329.786199481786,566.077278698385,550.7301404109477,0.946620868056323,Dissociation model: bulk flow component washes out fast; bound component decays by koff.
SYNTHETIC_SIMULATED_TRAINING_DATA_NOT_EXPERIMENTAL,weak_reversible_interaction,Weak reversible binding; interaction is slow relative to flow at most flow rates.,3,dissociation_buffer_wash,140,10,0.0,0.0,0.005,0.1,2.0,0.05,20.0,0.049999999999999996,29.089567285159898,0.025757357205510468,0.03157527066254245,885.449994942023,1129.3692537267195,0.631505413250849,0.5151471441102093,0.1<=Da<=1: mixed flow and interaction,138.93825213048106,59.04747443743303,254.8999186104315,452.8856451783456,468.7726899085084,0.7582183396280272,Dissociation model: bulk flow component washes out fast; bound component decays by koff.
SYNTHETIC_SIMULATED_TRAINING_DATA_NOT_EXPERIMENTAL,weak_reversible_interaction,Weak reversible binding; interaction is slow relative to flow at most flow rates.,3,dissociation_buffer_wash,150,20,0.0,0.0,0.005,0.1,2.0,0.05,20.0,0.049999999999999996,29.089567285159898,0.025757357205510468,0.03157527066254245,885.449994942023,1129.3692537267195,0.631505413250849,0.5151471441102093,0.1<=Da<=1: mixed flow and interaction,138.93825213048106,35.81410362490112,197.0184580485852,371.77081380396737,347.24754022051263,0.47885819203334234,Dissociation model: bulk flow component washes out fast; bound component decays by koff.
SYNTHETIC_SIMULATED_TRAINING_DATA_NOT_EXPERIMENTAL,weak_reversible_interaction,Weak reversible binding; interaction is slow relative to flow at most flow rates.,3,dissociation_buffer_wash,160,30,0.0,0.0,0.005,0.1,2.0,0.05,20.0,0.049999999999999996,29.089567285159898,0.025757357205510468,0.03157527066254245,885.449994942023,1129.3692537267195,0.631505413250849,0.5151471441102093,0.1<=Da<=1: mixed flow and interaction,138.93825213048106,21.722351898627895,152.28044411879858,312.9410481479075,317.89304964662506,0.4113785399585088,Dissociation model: bulk flow component washes out fast; bound component decays by koff.
SYNTHETIC_SIMULATED_TRAINING_DATA_NOT_EXPERIMENTAL,weak_reversible_interaction,Weak reversible binding; interaction is slow relative to flow at most flow rates.,3,dissociation_buffer_wash,170,40,0.0,0.0,0.005,0.1,2.0,0.05,20.0,0.049999999999999996,29.089567285159898,0.025757357205510468,0.03157527066254245,885.449994942023,1129.3692537267195,0.631505413250849,0.5151471441102093,0.1<=Da<=1: mixed flow and interaction,138.93825213048106,13.175272427584753,117.70132550372512,269.81485006179093,265.4050459126904,0.290719923139617,Dissociation model: bulk flow component washes out fast; bound component decays by koff.
SYNTHETIC_SIMULATED_TRAINING_DATA_NOT_EXPERIMENTAL,weak_reversible_interaction,Weak reversible binding; interaction is slow relative to flow at most flow rates.,3,dissociation_buffer_wash,180,50,0.0,0.0,0.005,0.1,2.0,0.05,20.0,0.049999999999999996,29.089567285159898,0.025757357205510468,0.03157527066254245,885.449994942023,1129.3692537267195,0.631505413250849,0.5151471441102093,0.1<=Da<=1: mixed flow and interaction,138.93825213048106,7.991206677396648,90.97426859699884,237.90372740487658,257.4593969656087,0.2724545873775038,Dissociation model: bulk flow component washes out fast; bound component decays by koff.
SYNTHETIC_SIMULATED_TRAINING_DATA_NOT_EXPERIMENTAL,weak_reversible_interaction,Weak reversible binding; interaction is slow relative to flow at most flow rates.,3,dissociation_buffer_wash,190,60,0.0,0.0,0.005,0.1,2.0,0.05,20.0,0.049999999999999996,29.089567285159898,0.025757357205510468,0.03157527066254245,885.449994942023,1129.3692537267195,0.631505413250849,0.5151471441102093,0.1<=Da<=1: mixed flow and interaction,138.93825213048106,4.846911857941392,70.31626459038434,214.1014285788068,220.6480201214211,0.1878331596750237,Dissociation model: bulk flow component washes out fast; bound component decays by koff.
SYNTHETIC_SIMULATED_TRAINING_DATA_NOT_EXPERIMENTAL,weak_reversible_interaction,Weak reversible binding; interaction is slow relative to flow at most flow rates.,3,dissociation_buffer_wash,200,70,0.0,0.0,0.005,0.1,2.0,0.05,20.0,0.049999999999999996,29.089567285159898,0.025757357205510468,0.03157527066254245,885.449994942023,1129.3692537267195,0.631505413250849,0.5151471441102093,0.1<=Da<=1: mixed flow and interaction,138.93825213048106,2.9398006467661784,54.34918183126838,196.22723460851563,186.78039531040832,0.10997878393323827,Dissociation model: bulk flow component washes out fast; bound component decays by koff.
SYNTHETIC_SIMULATED_TRAINING_DATA_NOT_EXPERIMENTAL,weak_reversible_interaction,Weak reversible binding; interaction is slow relative to flow at most flow rates.,3,dissociation_buffer_wash,210,80,0.0,0.0,0.005,0.1,2.0,0.05,20.0,0.049999999999999996,29.089567285159898,0.025757357205510468,0.03157527066254245,885.449994942023,1129.3692537267195,0.631505413250849,0.5151471441102093,0.1<=Da<=1: mixed flow and interaction,138.93825213048106,1.7830792257067165,42.00782824479283,182.7291596009806,189.8871168211461,0.11712046762590207,Dissociation model: bulk flow component washes out fast; bound component decays by koff.
SYNTHETIC_SIMULATED_TRAINING_DATA_NOT_EXPERIMENTAL,weak_reversible_interaction,Weak reversible binding; interaction is slow relative to flow at most flow rates.,3,dissociation_buffer_wash,220,90,0.0,0.0,0.005,0.1,2.0,0.05,20.0,0.049999999999999996,29.089567285159898,0.025757357205510468,0.03157527066254245,885.449994942023,1129.3692537267195,0.631505413250849,0.5151471441102093,0.1<=Da<=1: mixed flow and interaction,138.93825213048106,1.0814922190877858,32.468890503679376,172.48863485324821,155.11876599618506,0.03719551675752775,Dissociation model: bulk flow component washes out fast; bound component decays by koff.
SYNTHETIC_SIMULATED_TRAINING_DATA_NOT_EXPERIMENTAL,weak_reversible_interaction,Weak reversible binding; interaction is slow relative to flow at most flow rates.,3,dissociation_buffer_wash,230,100,0.0,0.0,0.005,0.1,2.0,0.05,20.0,0.049999999999999996,29.089567285159898,0.025757357205510468,0.03157527066254245,885.449994942023,1129.3692537267195,0.631505413250849,0.5151471441102093,0.1<=Da<=1: mixed flow and interaction,138.93825213048106,0.6559581891173947,25.096009353223366,164.69021967282183,158.16280212098363,0.044193100247781045,Dissociation model: bulk flow component washes out fast; bound component decays by koff.
SYNTHETIC_SIMULATED_TRAINING_DATA_NOT_EXPERIMENTAL,weak_reversible_interaction,Weak reversible binding; interaction is slow relative to flow at most flow rates.,3,dissociation_buffer_wash,240,110,0.0,0.0,0.005,0.1,2.0,0.05,20.0,0.049999999999999996,29.089567285159898,0.025757357205510468,0.03157527066254245,885.449994942023,1129.3692537267195,0.631505413250849,0.5151471441102093,0.1<=Da<=1: mixed flow and interaction,138.93825213048106,0.3978587531892781,19.397326970125576,158.73343785379592,171.85127599855394,0.07565995375589704,Dissociation model: bulk flow component washes out fast; bound component decays by koff.
SYNTHETIC_SIMULATED_TRAINING_DATA_NOT_EXPERIMENTAL,weak_reversible_interaction,Weak reversible binding; interaction is slow relative to flow at most flow rates.,3,dissociation_buffer_wash,250,120,0.0,0.0,0.005,0.1,2.0,0.05,20.0,0.049999999999999996,29.089567285159898,0.025757357205510468,0.03157527066254245,885.449994942023,1129.3692537267195,0.631505413250849,0.5151471441102093,0.1<=Da<=1: mixed flow and interaction,138.93825213048106,0.24131353204433864,14.992674265067343,154.17223992759273,159.88071295303072,0.048142207283051706,Dissociation model: bulk flow component washes out fast; bound component decays by koff.
SYNTHETIC_SIMULATED_TRAINING_DATA_NOT_EXPERIMENTAL,weak_reversible_interaction,Weak reversible binding; interaction is slow relative to flow at most flow rates.,3,dissociation_buffer_wash,260,130,0.0,0.0,0.005,0.1,2.0,0.05,20.0,0.049999999999999996,29.089567285159898,0.025757357205510468,0.03157527066254245,885.449994942023,1129.3692537267195,0.631505413250849,0.5151471441102093,0.1<=Da<=1: mixed flow and interaction,138.93825213048106,0.14636405578843842,11.588209136475534,150.67282532274504,135.32226729029028,-0.008312370412621034,Dissociation model: bulk flow component washes out fast; bound component decays by koff.
SYNTHETIC_SIMULATED_TRAINING_DATA_NOT_EXPERIMENTAL,weak_reversible_interaction,Weak reversible binding; interaction is slow relative to flow at most flow rates.,1,association_probe_injection,0,0,200.0,0.00019999999999999998,0.05,0.1,2.0,0.05,2.0,0.5,41.19286779483152,0.024242671743195707,0.03248124530216201,588.5162417907073,1699.1884488306573,0.06496249060432402,0.04848534348639141,Da<0.1: flow/transport faster than interaction; low capture,145.27386785289025,0.0,0.0,145.27386785289025,151.00526559777933,0.012427828427237926,Association model: baseline + bulk flow wash-in + binding buildup with random noise.
SYNTHETIC_SIMULATED_TRAINING_DATA_NOT_EXPERIMENTAL,weak_reversible_interaction,Weak reversible binding; interaction is slow relative to flow at most flow rates.,1,association_probe_injection,10,10,200.0,0.00019999999999999998,0.05,0.1,2.0,0.05,2.0,0.5,41.19286779483152,0.024242671743195707,0.03248124530216201,588.5162417907073,1699.1884488306573,0.06496249060432402,0.04848534348639141,Da<0.1: flow/transport faster than interaction; low capture,145.27386785289025,95.35942129561602,101.27470127643393,341.9079904249402,357.8894979988273,0.46103074503232183,Association model: baseline + bulk flow wash-in + binding buildup with random noise.
SYNTHETIC_SIMULATED_TRAINING_DATA_NOT_EXPERIMENTAL,weak_reversible_interaction,Weak reversible binding; interaction is slow relative to flow at most flow rates.,1,association_probe_injection,20,20,200.0,0.00019999999999999998,0.05,0.1,2.0,0.05,2.0,0.5,41.19286779483152,0.024242671743195707,0.03248124530216201,588.5162417907073,1699.1884488306573,0.06496249060432402,0.04848534348639141,Da<0.1: flow/transport faster than interaction; low capture,145.27386785289025,96.00194802216934,174.46216798176025,415.7379838568198,400.4999913010426,0.5534263391842246,Association model: baseline + bulk flow wash-in + binding buildup with random noise.
SYNTHETIC_SIMULATED_TRAINING_DATA_NOT_EXPERIMENTAL,weak_reversible_interaction,Weak reversible binding; interaction is slow relative to flow at most flow rates.,1,association_probe_injection,30,30,200.0,0.00019999999999999998,0.05,0.1,2.0,0.05,2.0,0.5,41.19286779483152,0.024242671743195707,0.03248124530216201,588.5162417907073,1699.1884488306573,0.06496249060432402,0.04848534348639141,Da<0.1: flow/transport faster than interaction; low capture,145.27386785289025,96.00627733319835,227.35203302439015,468.63217821047874,482.1539044775053,0.7304827691405267,Association model: baseline + bulk flow wash-in + binding buildup with random noise.
SYNTHETIC_SIMULATED_TRAINING_DATA_NOT_EXPERIMENTAL,weak_reversible_interaction,Weak reversible binding; interaction is slow relative to flow at most flow rates.,1,association_probe_injection,40,40,200.0,0.00019999999999999998,0.05,0.1,2.0,0.05,2.0,0.5,41.19286779483152,0.024242671743195707,0.03248124530216201,588.5162417907073,1699.1884488306573,0.06496249060432402,0.04848534348639141,Da<0.1: flow/transport faster than interaction; low capture,145.27386785289025,96.00630650386663,265.57357491065994,506.8537492674168,537.8003042557518,0.8511451171086526,Association model: baseline + bulk flow wash-in + binding buildup with random noise.
SYNTHETIC_SIMULATED_TRAINING_DATA_NOT_EXPERIMENTAL,weak_reversible_interaction,Weak reversible binding; interaction is slow relative to flow at most flow rates.,1,association_probe_injection,50,50,200.0,0.00019999999999999998,0.05,0.1,2.0,0.05,2.0,0.5,41.19286779483152,0.024242671743195707,0.03248124530216201,588.5162417907073,1699.1884488306573,0.06496249060432402,0.04848534348639141,Da<0.1: flow/transport faster than interaction; low capture,145.27386785289025,96.00630670041704,293.1948642254726,534.4750387787799,540.8522864459011,0.8577629636986897,Association model: baseline + bulk flow wash-in + binding buildup with random noise.
SYNTHETIC_SIMULATED_TRAINING_DATA_NOT_EXPERIMENTAL,weak_reversible_interaction,Weak reversible binding; interaction is slow relative to flow at most flow rates.,1,association_probe_injection,60,60,200.0,0.00019999999999999998,0.05,0.1,2.0,0.05,2.0,0.5,41.19286779483152,0.024242671743195707,0.03248124530216201,588.5162417907073,1699.1884488306573,0.06496249060432402,0.04848534348639141,Da<0.1: flow/transport faster than interaction; low capture,145.27386785289025,96.00630670174138,313.15574455004815,554.4359191046798,553.4767745335893,0.8851376075323701,Association model: baseline + bulk flow wash-in + binding buildup with random noise.
SYNTHETIC_SIMULATED_TRAINING_DATA_NOT_EXPERIMENTAL,weak_reversible_interaction,Weak reversible binding; interaction is slow relative to flow at most flow rates.,1,association_probe_injection,70,70,200.0,0.00019999999999999998,0.05,0.1,2.0,0.05,2.0,0.5,41.19286779483152,0.024242671743195707,0.03248124530216201,588.5162417907073,1699.1884488306573,0.06496249060432402,0.04848534348639141,Da<0.1: flow/transport faster than interaction; low capture,145.27386785289025,96.00630670175029,327.5807316964069,568.8609062510475,582.2295997904116,0.9474845593573052,Association model: baseline + bulk flow wash-in + binding buildup with random noise.
SYNTHETIC_SIMULATED_TRAINING_DATA_NOT_EXPERIMENTAL,weak_reversible_interaction,Weak reversible binding; interaction is slow relative to flow at most flow rates.,1,association_probe_injection,80,80,200.0,0.00019999999999999998,0.05,0.1,2.0,0.05,2.0,0.5,41.19286779483152,0.024242671743195707,0.03248124530216201,588.5162417907073,1699.1884488306573,0.06496249060432402,0.04848534348639141,Da<0.1: flow/transport faster than interaction; low capture,145.27386785289025,96.00630670175036,338.00513436748685,579.2853089221275,616.7282601026563,1.0222906451349794,Association model: baseline + bulk flow wash-in + binding buildup with random noise.
SYNTHETIC_SIMULATED_TRAINING_DATA_NOT_EXPERIMENTAL,weak_reversible_interaction,Weak reversible binding; interaction is slow relative to flow at most flow rates.,1,association_probe_injection,90,90,200.0,0.00019999999999999998,0.05,0.1,2.0,0.05,2.0,0.5,41.19286779483152,0.024242671743195707,0.03248124530216201,588.5162417907073,1699.1884488306573,0.06496249060432402,0.04848534348639141,Da<0.1: flow/transport faster than interaction; low capture,145.27386785289025,96.00630670175036,345.5384631632946,586.8186377179352,641.3941478811713,1.0757755776002311,Association model: baseline + bulk flow wash-in + binding buildup with random noise.
SYNTHETIC_SIMULATED_TRAINING_DATA_NOT_EXPERIMENTAL,weak_reversible_interaction,Weak reversible binding; interaction is slow relative to flow at most flow rates.,1,association_probe_injection,100,100,200.0,0.00019999999999999998,0.05,0.1,2.0,0.05,2.0,0.5,41.19286779483152,0.024242671743195707,0.03248124530216201,588.5162417907073,1699.1884488306573,0.06496249060432402,0.04848534348639141,Da<0.1: flow/transport faster than interaction; low capture,145.27386785289025,96.00630670175036,350.98252020295473,592.2626947575953,603.5912961551032,0.9938047606680376,Association model: baseline + bulk flow wash-in + binding buildup with random noise.
SYNTHETIC_SIMULATED_TRAINING_DATA_NOT_EXPERIMENTAL,weak_reversible_interaction,Weak reversible binding; interaction is slow relative to flow at most flow rates.,1,association_probe_injection,110,110,200.0,0.00019999999999999998,0.05,0.1,2.0,0.05,2.0,0.5,41.19286779483152,0.024242671743195707,0.03248124530216201,588.5162417907073,1699.1884488306573,0.06496249060432402,0.04848534348639141,Da<0.1: flow/transport faster than interaction; low capture,145.27386785289025,96.00630670175036,354.91673811039124,596.1969126650318,570.560510455561,0.9221815797682589,Association model: baseline + bulk flow wash-in + binding buildup with random noise.
SYNTHETIC_SIMULATED_TRAINING_DATA_NOT_EXPERIMENTAL,weak_reversible_interaction,Weak reversible binding; interaction is slow relative to flow at most flow rates.,1,association_probe_injection,120,120,200.0,0.00019999999999999998,0.05,0.1,2.0,0.05,2.0,0.5,41.19286779483152,0.024242671743195707,0.03248124530216201,588.5162417907073,1699.1884488306573,0.06496249060432402,0.04848534348639141,Da<0.1: flow/transport faster than interaction; low capture,145.27386785289025,96.00630670175036,357.7598513309978,599.0400258856384,628.5185270497032,1.0478563834158194,Association model: baseline + bulk flow wash-in + binding buildup with random noise.
SYNTHETIC_SIMULATED_TRAINING_DATA_NOT_EXPERIMENTAL,weak_reversible_interaction,Weak reversible binding; interaction is slow relative to flow at most flow rates.,1,dissociation_buffer_wash,130,0,0.0,0.0,0.05,0.1,2.0,0.05,2.0,0.5,41.19286779483152,0.024242671743195707,0.03248124530216201,588.5162417907073,1699.1884488306573,0.06496249060432402,0.04848534348639141,Da<0.1: flow/transport faster than interaction; low capture,145.27386785289025,96.00630670175036,357.7598513309978,599.0400258856384,620.9209294845012,1.0313819310741146,Dissociation model: bulk flow component washes out fast; bound component decays by koff.
SYNTHETIC_SIMULATED_TRAINING_DATA_NOT_EXPERIMENTAL,weak_reversible_interaction,Weak reversible binding; interaction is slow relative to flow at most flow rates.,1,dissociation_buffer_wash,140,10,0.0,0.0,0.05,0.1,2.0,0.05,2.0,0.5,41.19286779483152,0.024242671743195707,0.03248124530216201,588.5162417907073,1699.1884488306573,0.06496249060432402,0.04848534348639141,Da<0.1: flow/transport faster than interaction; low capture,145.27386785289025,0.6468854061343378,280.7417584017797,426.6625116608043,416.32748009201924,0.5877462946093556,Dissociation model: bulk flow component washes out fast; bound component decays by koff.
SYNTHETIC_SIMULATED_TRAINING_DATA_NOT_EXPERIMENTAL,weak_reversible_interaction,Weak reversible binding; interaction is slow relative to flow at most flow rates.,1,dissociation_buffer_wash,150,20,0.0,0.0,0.05,0.1,2.0,0.05,2.0,0.5,41.19286779483152,0.024242671743195707,0.03248124530216201,588.5162417907073,1699.1884488306573,0.06496249060432402,0.04848534348639141,Da<0.1: flow/transport faster than interaction; low capture,145.27386785289025,0.004358679581015045,220.30402410247845,365.5822506349497,339.9534695411916,0.42213868165453106,Dissociation model: bulk flow component washes out fast; bound component decays by koff.
SYNTHETIC_SIMULATED_TRAINING_DATA_NOT_EXPERIMENTAL,weak_reversible_interaction,Weak reversible binding; interaction is slow relative to flow at most flow rates.,1,dissociation_buffer_wash,160,30,0.0,0.0,0.05,0.1,2.0,0.05,2.0,0.5,41.19286779483152,0.024242671743195707,0.03248124530216201,588.5162417907073,1699.1884488306573,0.06496249060432402,0.04848534348639141,Da<0.1: flow/transport faster than interaction; low capture,145.27386785289025,2.9368552002875423e-05,172.8772495835366,318.15114680497885,300.74443250942784,0.33711872549069494,Dissociation model: bulk flow component washes out fast; bound component decays by koff.
SYNTHETIC_SIMULATED_TRAINING_DATA_NOT_EXPERIMENTAL,weak_reversible_interaction,Weak reversible binding; interaction is slow relative to flow at most flow rates.,1,dissociation_buffer_wash,170,40,0.0,0.0,0.05,0.1,2.0,0.05,2.0,0.5,41.19286779483152,0.024242671743195707,0.03248124530216201,588.5162417907073,1699.1884488306573,0.06496249060432402,0.04848534348639141,Da<0.1: flow/transport faster than interaction; low capture,145.27386785289025,1.9788374683525996e-07,135.66045171134112,280.93431976211514,279.5532877276105,0.2911683442315976,Dissociation model: bulk flow component washes out fast; bound component decays by koff.
SYNTHETIC_SIMULATED_TRAINING_DATA_NOT_EXPERIMENTAL,weak_reversible_interaction,Weak reversible binding; interaction is slow relative to flow at most flow rates.,1,dissociation_buffer_wash,180,50,0.0,0.0,0.05,0.1,2.0,0.05,2.0,0.5,41.19286779483152,0.024242671743195707,0.03248124530216201,588.5162417907073,1699.1884488306573,0.06496249060432402,0.04848534348639141,Da<0.1: flow/transport faster than interaction; low capture,145.27386785289025,1.333330198156428e-09,106.45563949484384,251.7295073490674,230.00466548723665,0.18372827403955602,Dissociation model: bulk flow component washes out fast; bound component decays by koff.
SYNTHETIC_SIMULATED_TRAINING_DATA_NOT_EXPERIMENTAL,weak_reversible_interaction,Weak reversible binding; interaction is slow relative to flow at most flow rates.,1,dissociation_buffer_wash,190,60,0.0,0.0,0.05,0.1,2.0,0.05,2.0,0.5,41.19286779483152,0.024242671743195707,0.03248124530216201,588.5162417907073,1699.1884488306573,0.06496249060432402,0.04848534348639141,Da<0.1: flow/transport faster than interaction; low capture,145.27386785289025,8.983908207458137e-12,83.53800269197204,228.81187054487128,215.8522524467993,0.1530405135792385,Dissociation model: bulk flow component washes out fast; bound component decays by koff.
SYNTHETIC_SIMULATED_TRAINING_DATA_NOT_EXPERIMENTAL,weak_reversible_interaction,Weak reversible binding; interaction is slow relative to flow at most flow rates.,1,dissociation_buffer_wash,200,70,0.0,0.0,0.05,0.1,2.0,0.05,2.0,0.5,41.19286779483152,0.024242671743195707,0.03248124530216201,588.5162417907073,1699.1884488306573,0.06496249060432402,0.04848534348639141,Da<0.1: flow/transport faster than interaction; low capture,145.27386785289025,6.053309734650184e-14,65.55404605034506,210.82791390323536,249.72600345907378,0.22649156068950524,Dissociation model: bulk flow component washes out fast; bound component decays by koff.
SYNTHETIC_SIMULATED_TRAINING_DATA_NOT_EXPERIMENTAL,weak_reversible_interaction,Weak reversible binding; interaction is slow relative to flow at most flow rates.,1,dissociation_buffer_wash,210,80,0.0,0.0,0.05,0.1,2.0,0.05,2.0,0.5,41.19286779483152,0.024242671743195707,0.03248124530216201,588.5162417907073,1699.1884488306573,0.06496249060432402,0.04848534348639141,Da<0.1: flow/transport faster than interaction; low capture,145.27386785289025,4.078688016112105e-16,51.441653081127996,196.71552093401823,189.3327292395499,0.09553620153149242,Dissociation model: bulk flow component washes out fast; bound component decays by koff.
SYNTHETIC_SIMULATED_TRAINING_DATA_NOT_EXPERIMENTAL,weak_reversible_interaction,Weak reversible binding; interaction is slow relative to flow at most flow rates.,1,dissociation_buffer_wash,220,90,0.0,0.0,0.05,0.1,2.0,0.05,2.0,0.5,41.19286779483152,0.024242671743195707,0.03248124530216201,588.5162417907073,1699.1884488306573,0.06496249060432402,0.04848534348639141,Da<0.1: flow/transport faster than interaction; low capture,145.27386785289025,2.7481983678368417e-18,40.36735840358088,185.64122625647113,170.52637485525997,0.054756943829789795,Dissociation model: bulk flow component washes out fast; bound component decays by koff.
SYNTHETIC_SIMULATED_TRAINING_DATA_NOT_EXPERIMENTAL,weak_reversible_interaction,Weak reversible binding; interaction is slow relative to flow at most flow rates.,1,dissociation_buffer_wash,230,100,0.0,0.0,0.05,0.1,2.0,0.05,2.0,0.5,41.19286779483152,0.024242671743195707,0.03248124530216201,588.5162417907073,1699.1884488306573,0.06496249060432402,0.04848534348639141,Da<0.1: flow/transport faster than interaction; low capture,145.27386785289025,1.851721494545783e-20,31.677124020747364,176.9509918736376,166.77992681540204,0.046633233781497314,Dissociation model: bulk flow component washes out fast; bound component decays by koff.
SYNTHETIC_SIMULATED_TRAINING_DATA_NOT_EXPERIMENTAL,weak_reversible_interaction,Weak reversible binding; interaction is slow relative to flow at most flow rates.,1,dissociation_buffer_wash,240,110,0.0,0.0,0.05,0.1,2.0,0.05,2.0,0.5,41.19286779483152,0.024242671743195707,0.03248124530216201,588.5162417907073,1699.1884488306573,0.06496249060432402,0.04848534348639141,Da<0.1: flow/transport faster than interaction; low capture,145.27386785289025,1.2476801287316812e-22,24.857712416891694,170.13158026978195,173.03563319173657,0.0601979607463275,Dissociation model: bulk flow component washes out fast; bound component decays by koff.
SYNTHETIC_SIMULATED_TRAINING_DATA_NOT_EXPERIMENTAL,weak_reversible_interaction,Weak reversible binding; interaction is slow relative to flow at most flow rates.,1,dissociation_buffer_wash,250,120,0.0,0.0,0.05,0.1,2.0,0.05,2.0,0.5,41.19286779483152,0.024242671743195707,0.03248124530216201,588.5162417907073,1699.1884488306573,0.06496249060432402,0.04848534348639141,Da<0.1: flow/transport faster than interaction; low capture,145.27386785289025,8.4068025792062e-25,19.506375206164098,164.78024305905436,174.85786762135604,0.06414925113892174,Dissociation model: bulk flow component washes out fast; bound component decays by koff.
SYNTHETIC_SIMULATED_TRAINING_DATA_NOT_EXPERIMENTAL,weak_reversible_interaction,Weak reversible binding; interaction is slow relative to flow at most flow rates.,1,dissociation_buffer_wash,260,130,0.0,0.0,0.05,0.1,2.0,0.05,2.0,0.5,41.19286779483152,0.024242671743195707,0.03248124530216201,588.5162417907073,1699.1884488306573,0.06496249060432402,0.04848534348639141,Da<0.1: flow/transport faster than interaction; low capture,145.27386785289025,5.6644590210466384e-27,15.307067171035861,160.58093502392612,150.40985409108217,0.011136752082827153,Dissociation model: bulk flow component washes out fast; bound component decays by koff.
SYNTHETIC_SIMULATED_TRAINING_DATA_NOT_EXPERIMENTAL,weak_reversible_interaction,Weak reversible binding; interaction is slow relative to flow at most flow rates.,2,association_probe_injection,0,0,200.0,0.00019999999999999998,0.05,0.1,2.0,0.05,2.0,0.5,30.994120302188893,0.025906976858534075,0.032105800918971854,835.8674679566385,1196.3619094359537,0.06421160183794371,0.05181395371706815,Da<0.1: flow/transport faster than interaction; low capture,138.60378290929344,0.0,0.0,138.60378290929344,124.1834705477215,-0.03182920569818031,Association model: baseline + bulk flow wash-in + binding buildup with random noise.
SYNTHETIC_SIMULATED_TRAINING_DATA_NOT_EXPERIMENTAL,weak_reversible_interaction,Weak reversible binding; interaction is slow relative to flow at most flow rates.,2,association_probe_injection,10,10,200.0,0.00019999999999999998,0.05,0.1,2.0,0.05,2.0,0.5,30.994120302188893,0.025906976858534075,0.032105800918971854,835.8674679566385,1196.3619094359537,0.06421160183794371,0.05181395371706815,Da<0.1: flow/transport faster than interaction; low capture,138.60378290929344,108.60566791459738,94.38935825449263,341.59880907838345,320.72583993335735,0.4019885471165169,Association model: baseline + bulk flow wash-in + binding buildup with random noise.
SYNTHETIC_SIMULATED_TRAINING_DATA_NOT_EXPERIMENTAL,weak_reversible_interaction,Weak reversible binding; interaction is slow relative to flow at most flow rates.,2,association_probe_injection,20,20,200.0,0.00019999999999999998,0.05,0.1,2.0,0.05,2.0,0.5,30.994120302188893,0.025906976858534075,0.032105800918971854,835.8674679566385,1196.3619094359537,0.06421160183794371,0.05181395371706815,Da<0.1: flow/transport faster than interaction; low capture,138.60378290929344,109.33744714880622,162.85762147466662,410.7988515327663,425.63477203964453,0.6335485782629884,Association model: baseline + bulk flow wash-in + binding buildup with random noise.
SYNTHETIC_SIMULATED_TRAINING_DATA_NOT_EXPERIMENTAL,weak_reversible_interaction,Weak reversible binding; interaction is slow relative to flow at most flow rates.,2,association_probe_injection,30,30,200.0,0.00019999999999999998,0.05,0.1,2.0,0.05,2.0,0.5,30.994120302188893,0.025906976858534075,0.032105800918971854,835.8674679566385,1196.3619094359537,0.06421160183794371,0.05181395371706815,Da<0.1: flow/transport faster than interaction; low capture,138.60378290929344,109.34237783850135,212.52321042535638,460.4693711731512,483.0844680802125,0.7603543052627773,Association model: baseline + bulk flow wash-in + binding buildup with random noise.
SYNTHETIC_SIMULATED_TRAINING_DATA_NOT_EXPERIMENTAL,weak_reversible_interaction,Weak reversible binding; interaction is slow relative to flow at most flow rates.,2,association_probe_injection,40,40,200.0,0.00019999999999999998,0.05,0.1,2.0,0.05,2.0,0.5,30.994120302188893,0.025906976858534075,0.032105800918971854,835.8674679566385,1196.3619094359537,0.06421160183794371,0.05181395371706815,Da<0.1: flow/transport faster than interaction; low capture,138.60378290929344,109.34241106122718,248.54969349659748,496.4958874671181,505.77781766196136,0.8104441558642839,Association model: baseline + bulk flow wash-in + binding buildup with random noise.
SYNTHETIC_SIMULATED_TRAINING_DATA_NOT_EXPERIMENTAL,weak_reversible_interaction,Weak reversible binding; interaction is slow relative to flow at most flow rates.,2,association_probe_injection,50,50,200.0,0.00019999999999999998,0.05,0.1,2.0,0.05,2.0,0.5,30.994120302188893,0.025906976858534075,0.032105800918971854,835.8674679566385,1196.3619094359537,0.06421160183794371,0.05181395371706815,Da<0.1: flow/transport faster than interaction; low capture,138.60378290929344,109.34241128508016,274.68262597367016,522.6288201680438,469.0529017745026,0.7293831585210285,Association model: baseline + bulk flow wash-in + binding buildup with random noise.
SYNTHETIC_SIMULATED_TRAINING_DATA_NOT_EXPERIMENTAL,weak_reversible_interaction,Weak reversible binding; interaction is slow relative to flow at most flow rates.,2,association_probe_injection,60,60,200.0,0.00019999999999999998,0.05,0.1,2.0,0.05,2.0,0.5,30.994120302188893,0.025906976858534075,0.032105800918971854,835.8674679566385,1196.3619094359537,0.06421160183794371,0.05181395371706815,Da<0.1: flow/transport faster than interaction; low capture,138.60378290929344,109.34241128658846,293.63896313544006,541.585157331322,555.8850238624528,0.9210431868094585,Association model: baseline + bulk flow wash-in + binding buildup with random noise.
SYNTHETIC_SIMULATED_TRAINING_DATA_NOT_EXPERIMENTAL,weak_reversible_interaction,Weak reversible binding; interaction is slow relative to flow at most flow rates.,2,association_probe_injection,70,70,200.0,0.00019999999999999998,0.05,0.1,2.0,0.05,2.0,0.5,30.994120302188893,0.025906976858534075,0.032105800918971854,835.8674679566385,1196.3619094359537,0.06421160183794371,0.05181395371706815,Da<0.1: flow/transport faster than interaction; low capture,138.60378290929344,109.34241128659862,307.38953318363343,555.3357273795255,591.8054002932041,1.000328366041583,Association model: baseline + bulk flow wash-in + binding buildup with random noise.
SYNTHETIC_SIMULATED_TRAINING_DATA_NOT_EXPERIMENTAL,weak_reversible_interaction,Weak reversible binding; interaction is slow relative to flow at most flow rates.,2,association_probe_injection,80,80,200.0,0.00019999999999999998,0.05,0.1,2.0,0.05,2.0,0.5,30.994120302188893,0.025906976858534075,0.032105800918971854,835.8674679566385,1196.3619094359537,0.06421160183794371,0.05181395371706815,Da<0.1: flow/transport faster than interaction; low capture,138.60378290929344,109.34241128659869,317.36393778705,565.3101319829422,562.9915835885386,0.9367291265905389,Association model: baseline + bulk flow wash-in + binding buildup with random noise.
SYNTHETIC_SIMULATED_TRAINING_DATA_NOT_EXPERIMENTAL,weak_reversible_interaction,Weak reversible binding; interaction is slow relative to flow at most flow rates.,2,association_probe_injection,90,90,200.0,0.00019999999999999998,0.05,0.1,2.0,0.05,2.0,0.5,30.994120302188893,0.025906976858534075,0.032105800918971854,835.8674679566385,1196.3619094359537,0.06421160183794371,0.05181395371706815,Da<0.1: flow/transport faster than interaction; low capture,138.60378290929344,109.34241128659869,324.599183078261,572.5453772741531,581.4800681835737,0.9775377973368959,Association model: baseline + bulk flow wash-in + binding buildup with random noise.
SYNTHETIC_SIMULATED_TRAINING_DATA_NOT_EXPERIMENTAL,weak_reversible_interaction,Weak reversible binding; interaction is slow relative to flow at most flow rates.,2,association_probe_injection,100,100,200.0,0.00019999999999999998,0.05,0.1,2.0,0.05,2.0,0.5,30.994120302188893,0.025906976858534075,0.032105800918971854,835.8674679566385,1196.3619094359537,0.06421160183794371,0.05181395371706815,Da<0.1: flow/transport faster than interaction; low capture,138.60378290929344,109.34241128659869,329.84749378004045,577.7936879759326,607.2989430431185,1.0345264573738302,Association model: baseline + bulk flow wash-in + binding buildup with random noise.
SYNTHETIC_SIMULATED_TRAINING_DATA_NOT_EXPERIMENTAL,weak_reversible_interaction,Weak reversible binding; interaction is slow relative to flow at most flow rates.,2,association_probe_injection,110,110,200.0,0.00019999999999999998,0.05,0.1,2.0,0.05,2.0,0.5,30.994120302188893,0.025906976858534075,0.032105800918971854,835.8674679566385,1196.3619094359537,0.06421160183794371,0.05181395371706815,Da<0.1: flow/transport faster than interaction; low capture,138.60378290929344,109.34241128659869,333.6545195426464,581.6007137385386,563.3365532524987,0.9374905601932587,Association model: baseline + bulk flow wash-in + binding buildup with random noise.
SYNTHETIC_SIMULATED_TRAINING_DATA_NOT_EXPERIMENTAL,weak_reversible_interaction,Weak reversible binding; interaction is slow relative to flow at most flow rates.,2,association_probe_injection,120,120,200.0,0.00019999999999999998,0.05,0.1,2.0,0.05,2.0,0.5,30.994120302188893,0.025906976858534075,0.032105800918971854,835.8674679566385,1196.3619094359537,0.06421160183794371,0.05181395371706815,Da<0.1: flow/transport faster than interaction; low capture,138.60378290929344,109.34241128659869,336.41606434833625,584.3622585442283,610.8710698755397,1.0424110271999398,Association model: baseline + bulk flow wash-in + binding buildup with random noise.
SYNTHETIC_SIMULATED_TRAINING_DATA_NOT_EXPERIMENTAL,weak_reversible_interaction,Weak reversible binding; interaction is slow relative to flow at most flow rates.,2,dissociation_buffer_wash,130,0,0.0,0.0,0.05,0.1,2.0,0.05,2.0,0.5,30.994120302188893,0.025906976858534075,0.032105800918971854,835.8674679566385,1196.3619094359537,0.06421160183794371,0.05181395371706815,Da<0.1: flow/transport faster than interaction; low capture,138.60378290929344,109.34241128659869,336.41606434833625,584.3622585442283,628.3361130278372,1.0809607088631097,Dissociation model: bulk flow component washes out fast; bound component decays by koff.
SYNTHETIC_SIMULATED_TRAINING_DATA_NOT_EXPERIMENTAL,weak_reversible_interaction,Weak reversible binding; interaction is slow relative to flow at most flow rates.,2,dissociation_buffer_wash,140,10,0.0,0.0,0.05,0.1,2.0,0.05,2.0,0.5,30.994120302188893,0.025906976858534075,0.032105800918971854,835.8674679566385,1196.3619094359537,0.06421160183794371,0.05181395371706815,Da<0.1: flow/transport faster than interaction; low capture,138.60378290929344,0.7367433720013066,259.6355487489347,398.9760750302295,386.6121260545107,0.5474159207445559,Dissociation model: bulk flow component washes out fast; bound component decays by koff.
SYNTHETIC_SIMULATED_TRAINING_DATA_NOT_EXPERIMENTAL,weak_reversible_interaction,Weak reversible binding; interaction is slow relative to flow at most flow rates.,2,dissociation_buffer_wash,150,20,0.0,0.0,0.05,0.1,2.0,0.05,2.0,0.5,30.994120302188893,0.025906976858534075,0.032105800918971854,835.8674679566385,1196.3619094359537,0.06421160183794371,0.05181395371706815,Da<0.1: flow/transport faster than interaction; low capture,138.60378290929344,0.004964137792472311,200.37871349794185,338.9874605450278,337.67192313297465,0.43939275545922013,Dissociation model: bulk flow component washes out fast; bound component decays by koff.
SYNTHETIC_SIMULATED_TRAINING_DATA_NOT_EXPERIMENTAL,weak_reversible_interaction,Weak reversible binding; interaction is slow relative to flow at most flow rates.,2,dissociation_buffer_wash,160,30,0.0,0.0,0.05,0.1,2.0,0.05,2.0,0.5,30.994120302188893,0.025906976858534075,0.032105800918971854,835.8674679566385,1196.3619094359537,0.06421160183794371,0.05181395371706815,Da<0.1: flow/transport faster than interaction; low capture,138.60378290929344,3.344809734183556e-05,154.64611458855555,293.24993094594635,272.4288596342416,0.29538513368158464,Dissociation model: bulk flow component washes out fast; bound component decays by koff.
SYNTHETIC_SIMULATED_TRAINING_DATA_NOT_EXPERIMENTAL,weak_reversible_interaction,Weak reversible binding; interaction is slow relative to flow at most flow rates.,2,dissociation_buffer_wash,170,40,0.0,0.0,0.05,0.1,2.0,0.05,2.0,0.5,30.994120302188893,0.025906976858534075,0.032105800918971854,835.8674679566385,1196.3619094359537,0.06421160183794371,0.05181395371706815,Da<0.1: flow/transport faster than interaction; low capture,138.60378290929344,2.2537150710953954e-07,119.35110441550124,257.9548875501662,267.9695417949404,0.2855423132750779,Dissociation model: bulk flow component washes out fast; bound component decays by koff.
SYNTHETIC_SIMULATED_TRAINING_DATA_NOT_EXPERIMENTAL,weak_reversible_interaction,Weak reversible binding; interaction is slow relative to flow at most flow rates.,2,dissociation_buffer_wash,180,50,0.0,0.0,0.05,0.1,2.0,0.05,2.0,0.5,30.994120302188893,0.025906976858534075,0.032105800918971854,835.8674679566385,1196.3619094359537,0.06421160183794371,0.05181395371706815,Da<0.1: flow/transport faster than interaction; low capture,138.60378290929344,1.518541270008091e-09,92.11150350009531,230.7152864109073,240.7888094096488,0.22554769593071894,Dissociation model: bulk flow component washes out fast; bound component decays by koff.
SYNTHETIC_SIMULATED_TRAINING_DATA_NOT_EXPERIMENTAL,weak_reversible_interaction,Weak reversible binding; interaction is slow relative to flow at most flow rates.,2,dissociation_buffer_wash,190,60,0.0,0.0,0.05,0.1,2.0,0.05,2.0,0.5,30.994120302188893,0.025906976858534075,0.032105800918971854,835.8674679566385,1196.3619094359537,0.06421160183794371,0.05181395371706815,Da<0.1: flow/transport faster than interaction; low capture,138.60378290929344,1.0231850593238451e-11,71.08881914917667,209.69260205848036,170.66376632428617,0.07076433444780215,Dissociation model: bulk flow component washes out fast; bound component decays by koff.
SYNTHETIC_SIMULATED_TRAINING_DATA_NOT_EXPERIMENTAL,weak_reversible_interaction,Weak reversible binding; interaction is slow relative to flow at most flow rates.,2,dissociation_buffer_wash,200,70,0.0,0.0,0.05,0.1,2.0,0.05,2.0,0.5,30.994120302188893,0.025906976858534075,0.032105800918971854,835.8674679566385,1196.3619094359537,0.06421160183794371,0.05181395371706815,Da<0.1: flow/transport faster than interaction; low capture,138.60378290929344,6.894166699980187e-14,54.864159372006355,193.46794228129986,175.1373685116455,0.08063868395306954,Dissociation model: bulk flow component washes out fast; bound component decays by koff.
SYNTHETIC_SIMULATED_TRAINING_DATA_NOT_EXPERIMENTAL,weak_reversible_interaction,Weak reversible binding; interaction is slow relative to flow at most flow rates.,2,dissociation_buffer_wash,210,80,0.0,0.0,0.05,0.1,2.0,0.05,2.0,0.5,30.994120302188893,0.025906976858534075,0.032105800918971854,835.8674679566385,1196.3619094359537,0.06421160183794371,0.05181395371706815,Da<0.1: flow/transport faster than interaction; low capture,138.60378290929344,4.645252982732646e-16,42.34246706616977,180.94624997546322,159.26403178844748,0.04560229313080628,Dissociation model: bulk flow component washes out fast; bound component decays by koff.
SYNTHETIC_SIMULATED_TRAINING_DATA_NOT_EXPERIMENTAL,weak_reversible_interaction,Weak reversible binding; interaction is slow relative to flow at most flow rates.,2,dissociation_buffer_wash,220,90,0.0,0.0,0.05,0.1,2.0,0.05,2.0,0.5,30.994120302188893,0.025906976858534075,0.032105800918971854,835.8674679566385,1196.3619094359537,0.06421160183794371,0.05181395371706815,Da<0.1: flow/transport faster than interaction; low capture,138.60378290929344,3.1299468394996248e-18,32.67861091414926,171.2823938234427,168.61430068937997,0.066240655512898,Dissociation model: bulk flow component washes out fast; bound component decays by koff.
SYNTHETIC_SIMULATED_TRAINING_DATA_NOT_EXPERIMENTAL,weak_reversible_interaction,Weak reversible binding; interaction is slow relative to flow at most flow rates.,2,dissociation_buffer_wash,230,100,0.0,0.0,0.05,0.1,2.0,0.05,2.0,0.5,30.994120302188893,0.025906976858534075,0.032105800918971854,835.8674679566385,1196.3619094359537,0.06421160183794371,0.05181395371706815,Da<0.1: flow/transport faster than interaction; low capture,138.60378290929344,2.108941591450354e-20,25.22034461547862,163.82412752477205,170.44506616818487,0.0702816089644539,Dissociation model: bulk flow component washes out fast; bound component decays by koff.
SYNTHETIC_SIMULATED_TRAINING_DATA_NOT_EXPERIMENTAL,weak_reversible_interaction,Weak reversible binding; interaction is slow relative to flow at most flow rates.,2,dissociation_buffer_wash,240,110,0.0,0.0,0.05,0.1,2.0,0.05,2.0,0.5,30.994120302188893,0.025906976858534075,0.032105800918971854,835.8674679566385,1196.3619094359537,0.06421160183794371,0.05181395371706815,Da<0.1: flow/transport faster than interaction; low capture,138.60378290929344,1.4209936667359442e-22,19.464284580349037,158.0680674896425,138.31443186670856,-0.0006386695116230632,Dissociation model: bulk flow component washes out fast; bound component decays by koff.
SYNTHETIC_SIMULATED_TRAINING_DATA_NOT_EXPERIMENTAL,weak_reversible_interaction,Weak reversible binding; interaction is slow relative to flow at most flow rates.,2,dissociation_buffer_wash,250,120,0.0,0.0,0.05,0.1,2.0,0.05,2.0,0.5,30.994120302188893,0.025906976858534075,0.032105800918971854,835.8674679566385,1196.3619094359537,0.06421160183794371,0.05181395371706815,Da<0.1: flow/transport faster than interaction; low capture,138.60378290929344,9.574580012502908e-25,15.021934870481287,153.62571777977473,147.84150623052275,0.020389946375768606,Dissociation model: bulk flow component washes out fast; bound component decays by koff.
SYNTHETIC_SIMULATED_TRAINING_DATA_NOT_EXPERIMENTAL,weak_reversible_interaction,Weak reversible binding; interaction is slow relative to flow at most flow rates.,2,dissociation_buffer_wash,260,130,0.0,0.0,0.05,0.1,2.0,0.05,2.0,0.5,30.994120302188893,0.025906976858534075,0.032105800918971854,835.8674679566385,1196.3619094359537,0.06421160183794371,0.05181395371706815,Da<0.1: flow/transport faster than interaction; low capture,138.60378290929344,6.451301266274767e-27,11.593466295740688,150.19724920503413,162.3586208141143,0.052432818585425686,Dissociation model: bulk flow component washes out fast; bound component decays by koff.
SYNTHETIC_SIMULATED_TRAINING_DATA_NOT_EXPERIMENTAL,weak_reversible_interaction,Weak reversible binding; interaction is slow relative to flow at most flow rates.,3,association_probe_injection,0,0,200.0,0.00019999999999999998,0.05,0.1,2.0,0.05,2.0,0.5,9.052756843950222,0.026281999977058323,0.028092551345848368,2903.20401067903,344.44703035737064,0.056185102691696735,0.05256399995411665,Da<0.1: flow/transport faster than interaction; low capture,143.7395378679708,0.0,0.0,143.7395378679708,149.7808393957586,0.014057142575138808,Association model: baseline + bulk flow wash-in + binding buildup with random noise.
SYNTHETIC_SIMULATED_TRAINING_DATA_NOT_EXPERIMENTAL,weak_reversible_interaction,Weak reversible binding; interaction is slow relative to flow at most flow rates.,3,association_probe_injection,10,10,200.0,0.00019999999999999998,0.05,0.1,2.0,0.05,2.0,0.5,9.052756843950222,0.026281999977058323,0.028092551345848368,2903.20401067903,344.44703035737064,0.056185102691696735,0.05256399995411665,Da<0.1: flow/transport faster than interaction; low capture,143.7395378679708,103.09904427645031,79.834825988331,326.6734081327521,345.3774738180045,0.4691792325161846,Association model: baseline + bulk flow wash-in + binding buildup with random noise.
SYNTHETIC_SIMULATED_TRAINING_DATA_NOT_EXPERIMENTAL,weak_reversible_interaction,Weak reversible binding; interaction is slow relative to flow at most flow rates.,3,association_probe_injection,20,20,200.0,0.00019999999999999998,0.05,0.1,2.0,0.05,2.0,0.5,9.052756843950222,0.026281999977058323,0.028092551345848368,2903.20401067903,344.44703035737064,0.056185102691696735,0.05256399995411665,Da<0.1: flow/transport faster than interaction; low capture,143.7395378679708,103.79372017244141,140.11687180153513,387.6501298419473,407.7677723127734,0.614351480120847,Association model: baseline + bulk flow wash-in + binding buildup with random noise.
SYNTHETIC_SIMULATED_TRAINING_DATA_NOT_EXPERIMENTAL,weak_reversible_interaction,Weak reversible binding; interaction is slow relative to flow at most flow rates.,3,association_probe_injection,30,30,200.0,0.00019999999999999998,0.05,0.1,2.0,0.05,2.0,0.5,9.052756843950222,0.026281999977058323,0.028092551345848368,2903.20401067903,344.44703035737064,0.056185102691696735,0.05256399995411665,Da<0.1: flow/transport faster than interaction; low capture,143.7395378679708,103.79840086181014,185.6349148665553,433.17285359633627,464.1027467494142,0.7454339569646474,Association model: baseline + bulk flow wash-in + binding buildup with random noise.
SYNTHETIC_SIMULATED_TRAINING_DATA_NOT_EXPERIMENTAL,weak_reversible_interaction,Weak reversible binding; interaction is slow relative to flow at most flow rates.,3,association_probe_injection,40,40,200.0,0.00019999999999999998,0.05,0.1,2.0,0.05,2.0,0.5,9.052756843950222,0.026281999977058323,0.028092551345848368,2903.20401067903,344.44703035737064,0.056185102691696735,0.05256399995411665,Da<0.1: flow/transport faster than interaction; low capture,143.7395378679708,103.79843240004702,220.00488716127802,467.54285742929585,483.5330135692669,0.7906450807106384,Association model: baseline + bulk flow wash-in + binding buildup with random noise.
SYNTHETIC_SIMULATED_TRAINING_DATA_NOT_EXPERIMENTAL,weak_reversible_interaction,Weak reversible binding; interaction is slow relative to flow at most flow rates.,3,association_probe_injection,50,50,200.0,0.00019999999999999998,0.05,0.1,2.0,0.05,2.0,0.5,9.052756843950222,0.026281999977058323,0.028092551345848368,2903.20401067903,344.44703035737064,0.056185102691696735,0.05256399995411665,Da<0.1: flow/transport faster than interaction; low capture,143.7395378679708,103.79843261255,245.95712315377418,493.495093634295,536.5805893354144,0.9140783065445546,Association model: baseline + bulk flow wash-in + binding buildup with random noise.
SYNTHETIC_SIMULATED_TRAINING_DATA_NOT_EXPERIMENTAL,weak_reversible_interaction,Weak reversible binding; interaction is slow relative to flow at most flow rates.,3,association_probe_injection,60,60,200.0,0.00019999999999999998,0.05,0.1,2.0,0.05,2.0,0.5,9.052756843950222,0.026281999977058323,0.028092551345848368,2903.20401067903,344.44703035737064,0.056185102691696735,0.05256399995411665,Da<0.1: flow/transport faster than interaction; low capture,143.7395378679708,103.79843261398182,265.5532562910019,513.0912267729545,507.76345510433214,0.8470254434106776,Association model: baseline + bulk flow wash-in + binding buildup with random noise.
SYNTHETIC_SIMULATED_TRAINING_DATA_NOT_EXPERIMENTAL,weak_reversible_interaction,Weak reversible binding; interaction is slow relative to flow at most flow rates.,3,association_probe_injection,70,70,200.0,0.00019999999999999998,0.05,0.1,2.0,0.05,2.0,0.5,9.052756843950222,0.026281999977058323,0.028092551345848368,2903.20401067903,344.44703035737064,0.056185102691696735,0.05256399995411665,Da<0.1: flow/transport faster than interaction; low capture,143.7395378679708,103.79843261399147,280.34999419223647,527.8879646741987,524.9524931219028,0.8870215861344048,Association model: baseline + bulk flow wash-in + binding buildup with random noise.
SYNTHETIC_SIMULATED_TRAINING_DATA_NOT_EXPERIMENTAL,weak_reversible_interaction,Weak reversible binding; interaction is slow relative to flow at most flow rates.,3,association_probe_injection,80,80,200.0,0.00019999999999999998,0.05,0.1,2.0,0.05,2.0,0.5,9.052756843950222,0.026281999977058323,0.028092551345848368,2903.20401067903,344.44703035737064,0.056185102691696735,0.05256399995411665,Da<0.1: flow/transport faster than interaction; low capture,143.7395378679708,103.79843261399154,291.522782771729,539.0607532536914,525.7544578615219,0.8888876298392601,Association model: baseline + bulk flow wash-in + binding buildup with random noise.
SYNTHETIC_SIMULATED_TRAINING_DATA_NOT_EXPERIMENTAL,weak_reversible_interaction,Weak reversible binding; interaction is slow relative to flow at most flow rates.,3,association_probe_injection,90,90,200.0,0.00019999999999999998,0.05,0.1,2.0,0.05,2.0,0.5,9.052756843950222,0.026281999977058323,0.028092551345848368,2903.20401067903,344.44703035737064,0.056185102691696735,0.05256399995411665,Da<0.1: flow/transport faster than interaction; low capture,143.7395378679708,103.79843261399154,299.9591831104566,547.497153592419,571.3055798230068,0.9948778064468828,Association model: baseline + bulk flow wash-in + binding buildup with random noise.
SYNTHETIC_SIMULATED_TRAINING_DATA_NOT_EXPERIMENTAL,weak_reversible_interaction,Weak reversible binding; interaction is slow relative to flow at most flow rates.,3,association_probe_injection,100,100,200.0,0.00019999999999999998,0.05,0.1,2.0,0.05,2.0,0.5,9.052756843950222,0.026281999977058323,0.028092551345848368,2903.20401067903,344.44703035737064,0.056185102691696735,0.05256399995411665,Da<0.1: flow/transport faster than interaction; low capture,143.7395378679708,103.79843261399154,306.329378891832,553.8673493737944,551.8276770444587,0.949555841442596,Association model: baseline + bulk flow wash-in + binding buildup with random noise.
SYNTHETIC_SIMULATED_TRAINING_DATA_NOT_EXPERIMENTAL,weak_reversible_interaction,Weak reversible binding; interaction is slow relative to flow at most flow rates.,3,association_probe_injection,110,110,200.0,0.00019999999999999998,0.05,0.1,2.0,0.05,2.0,0.5,9.052756843950222,0.026281999977058323,0.028092551345848368,2903.20401067903,344.44703035737064,0.056185102691696735,0.05256399995411665,Da<0.1: flow/transport faster than interaction; low capture,143.7395378679708,103.79843261399154,311.1394154789736,558.6773859609359,530.7189733038932,0.9004392633852596,Association model: baseline + bulk flow wash-in + binding buildup with random noise.
SYNTHETIC_SIMULATED_TRAINING_DATA_NOT_EXPERIMENTAL,weak_reversible_interaction,Weak reversible binding; interaction is slow relative to flow at most flow rates.,3,association_probe_injection,120,120,200.0,0.00019999999999999998,0.05,0.1,2.0,0.05,2.0,0.5,9.052756843950222,0.026281999977058323,0.028092551345848368,2903.20401067903,344.44703035737064,0.056185102691696735,0.05256399995411665,Da<0.1: flow/transport faster than interaction; low capture,143.7395378679708,103.79843261399154,314.7713999208466,562.3093704028089,561.9872379347421,0.973195514992844,Association model: baseline + bulk flow wash-in + binding buildup with random noise.
SYNTHETIC_SIMULATED_TRAINING_DATA_NOT_EXPERIMENTAL,weak_reversible_interaction,Weak reversible binding; interaction is slow relative to flow at most flow rates.,3,dissociation_buffer_wash,130,0,0.0,0.0,0.05,0.1,2.0,0.05,2.0,0.5,9.052756843950222,0.026281999977058323,0.028092551345848368,2903.20401067903,344.44703035737064,0.056185102691696735,0.05256399995411665,Da<0.1: flow/transport faster than interaction; low capture,143.7395378679708,103.79843261399154,314.7713999208466,562.3093704028089,542.7687695424479,0.9284772123185517,Dissociation model: bulk flow component washes out fast; bound component decays by koff.
SYNTHETIC_SIMULATED_TRAINING_DATA_NOT_EXPERIMENTAL,weak_reversible_interaction,Weak reversible binding; interaction is slow relative to flow at most flow rates.,3,dissociation_buffer_wash,140,10,0.0,0.0,0.05,0.1,2.0,0.05,2.0,0.5,9.052756843950222,0.026281999977058323,0.028092551345848368,2903.20401067903,344.44703035737064,0.056185102691696735,0.05256399995411665,Da<0.1: flow/transport faster than interaction; low capture,143.7395378679708,0.6993883375412193,242.0215232036186,386.46044940913066,411.27075736843625,0.6225023661740489,Dissociation model: bulk flow component washes out fast; bound component decays by koff.
SYNTHETIC_SIMULATED_TRAINING_DATA_NOT_EXPERIMENTAL,weak_reversible_interaction,Weak reversible binding; interaction is slow relative to flow at most flow rates.,3,dissociation_buffer_wash,150,20,0.0,0.0,0.05,0.1,2.0,0.05,2.0,0.5,9.052756843950222,0.026281999977058323,0.028092551345848368,2903.20401067903,344.44703035737064,0.056185102691696735,0.05256399995411665,Da<0.1: flow/transport faster than interaction; low capture,143.7395378679708,0.004712441550131233,186.08557736989135,329.8298276794123,362.99361364756294,0.5101691728574611,Dissociation model: bulk flow component washes out fast; bound component decays by koff.
SYNTHETIC_SIMULATED_TRAINING_DATA_NOT_EXPERIMENTAL,weak_reversible_interaction,Weak reversible binding; interaction is slow relative to flow at most flow rates.,3,dissociation_buffer_wash,160,30,0.0,0.0,0.05,0.1,2.0,0.05,2.0,0.5,9.052756843950222,0.026281999977058323,0.028092551345848368,2903.20401067903,344.44703035737064,0.056185102691696735,0.05256399995411665,Da<0.1: flow/transport faster than interaction; low capture,143.7395378679708,3.17521814010724e-05,143.077531480341,286.81710110049323,267.12788335436954,0.28710494860002916,Dissociation model: bulk flow component washes out fast; bound component decays by koff.
SYNTHETIC_SIMULATED_TRAINING_DATA_NOT_EXPERIMENTAL,weak_reversible_interaction,Weak reversible binding; interaction is slow relative to flow at most flow rates.,3,dissociation_buffer_wash,170,40,0.0,0.0,0.05,0.1,2.0,0.05,2.0,0.5,9.052756843950222,0.026281999977058323,0.028092551345848368,2903.20401067903,344.44703035737064,0.056185102691696735,0.05256399995411665,Da<0.1: flow/transport faster than interaction; low capture,143.7395378679708,2.139445153857732e-07,110.00949296471487,253.74903104663017,259.7687842263271,0.2699815017414922,Dissociation model: bulk flow component washes out fast; bound component decays by koff.
SYNTHETIC_SIMULATED_TRAINING_DATA_NOT_EXPERIMENTAL,weak_reversible_interaction,Weak reversible binding; interaction is slow relative to flow at most flow rates.,3,dissociation_buffer_wash,180,50,0.0,0.0,0.05,0.1,2.0,0.05,2.0,0.5,9.052756843950222,0.026281999977058323,0.028092551345848368,2903.20401067903,344.44703035737064,0.056185102691696735,0.05256399995411665,Da<0.1: flow/transport faster than interaction; low capture,143.7395378679708,1.4415468054143652e-09,84.58413013657908,228.3236680059914,241.204212281551,0.22678471153431648,Dissociation model: bulk flow component washes out fast; bound component decays by koff.
SYNTHETIC_SIMULATED_TRAINING_DATA_NOT_EXPERIMENTAL,weak_reversible_interaction,Weak reversible binding; interaction is slow relative to flow at most flow rates.,3,dissociation_buffer_wash,190,60,0.0,0.0,0.05,0.1,2.0,0.05,2.0,0.5,9.052756843950222,0.026281999977058323,0.028092551345848368,2903.20401067903,344.44703035737064,0.056185102691696735,0.05256399995411665,Da<0.1: flow/transport faster than interaction; low capture,143.7395378679708,9.713065971582963e-12,65.03506995761278,208.7746078255933,205.41849125735655,0.14351706129745617,Dissociation model: bulk flow component washes out fast; bound component decays by koff.
SYNTHETIC_SIMULATED_TRAINING_DATA_NOT_EXPERIMENTAL,weak_reversible_interaction,Weak reversible binding; interaction is slow relative to flow at most flow rates.,3,dissociation_buffer_wash,200,70,0.0,0.0,0.05,0.1,2.0,0.05,2.0,0.5,9.052756843950222,0.026281999977058323,0.028092551345848368,2903.20401067903,344.44703035737064,0.056185102691696735,0.05256399995411665,Da<0.1: flow/transport faster than interaction; low capture,143.7395378679708,6.544612371514659e-14,50.004183025374424,193.74372089334528,203.14455352782528,0.13822597183205196,Dissociation model: bulk flow component washes out fast; bound component decays by koff.
SYNTHETIC_SIMULATED_TRAINING_DATA_NOT_EXPERIMENTAL,weak_reversible_interaction,Weak reversible binding; interaction is slow relative to flow at most flow rates.,3,dissociation_buffer_wash,210,80,0.0,0.0,0.05,0.1,2.0,0.05,2.0,0.5,9.052756843950222,0.026281999977058323,0.028092551345848368,2903.20401067903,344.44703035737064,0.056185102691696735,0.05256399995411665,Da<0.1: flow/transport faster than interaction; low capture,143.7395378679708,4.409725128882482e-16,38.44723041990753,182.18676828787832,187.28817230962372,0.10133070837188951,Dissociation model: bulk flow component washes out fast; bound component decays by koff.
SYNTHETIC_SIMULATED_TRAINING_DATA_NOT_EXPERIMENTAL,weak_reversible_interaction,Weak reversible binding; interaction is slow relative to flow at most flow rates.,3,dissociation_buffer_wash,220,90,0.0,0.0,0.05,0.1,2.0,0.05,2.0,0.5,9.052756843950222,0.026281999977058323,0.028092551345848368,2903.20401067903,344.44703035737064,0.056185102691696735,0.05256399995411665,Da<0.1: flow/transport faster than interaction; low capture,143.7395378679708,2.9712494198945494e-18,29.561317424411495,173.3008552923823,151.57271177190668,0.018226543051527554,Dissociation model: bulk flow component washes out fast; bound component decays by koff.
SYNTHETIC_SIMULATED_TRAINING_DATA_NOT_EXPERIMENTAL,weak_reversible_interaction,Weak reversible binding; interaction is slow relative to flow at most flow rates.,3,dissociation_buffer_wash,230,100,0.0,0.0,0.05,0.1,2.0,0.05,2.0,0.5,9.052756843950222,0.026281999977058323,0.028092551345848368,2903.20401067903,344.44703035737064,0.056185102691696735,0.05256399995411665,Da<0.1: flow/transport faster than interaction; low capture,143.7395378679708,2.0020121112312915e-20,22.729114121425358,166.46865198939616,168.08689915811615,0.05665241627317279,Dissociation model: bulk flow component washes out fast; bound component decays by koff.
SYNTHETIC_SIMULATED_TRAINING_DATA_NOT_EXPERIMENTAL,weak_reversible_interaction,Weak reversible binding; interaction is slow relative to flow at most flow rates.,3,dissociation_buffer_wash,240,110,0.0,0.0,0.05,0.1,2.0,0.05,2.0,0.5,9.052756843950222,0.026281999977058323,0.028092551345848368,2903.20401067903,344.44703035737064,0.056185102691696735,0.05256399995411665,Da<0.1: flow/transport faster than interaction; low capture,143.7395378679708,1.348945149700364e-22,17.4759677090089,161.2155055769797,156.93868339132072,0.03071230092361852,Dissociation model: bulk flow component washes out fast; bound component decays by koff.
SYNTHETIC_SIMULATED_TRAINING_DATA_NOT_EXPERIMENTAL,weak_reversible_interaction,Weak reversible binding; interaction is slow relative to flow at most flow rates.,3,dissociation_buffer_wash,250,120,0.0,0.0,0.05,0.1,2.0,0.05,2.0,0.5,9.052756843950222,0.026281999977058323,0.028092551345848368,2903.20401067903,344.44703035737064,0.056185102691696735,0.05256399995411665,Da<0.1: flow/transport faster than interaction; low capture,143.7395378679708,9.089120923354463e-25,13.436927006250144,157.17646487422093,172.9099533112771,0.06787489202061742,Dissociation model: bulk flow component washes out fast; bound component decays by koff.
SYNTHETIC_SIMULATED_TRAINING_DATA_NOT_EXPERIMENTAL,weak_reversible_interaction,Weak reversible binding; interaction is slow relative to flow at most flow rates.,3,dissociation_buffer_wash,260,130,0.0,0.0,0.05,0.1,2.0,0.05,2.0,0.5,9.052756843950222,0.026281999977058323,0.028092551345848368,2903.20401067903,344.44703035737064,0.056185102691696735,0.05256399995411665,Da<0.1: flow/transport faster than interaction; low capture,143.7395378679708,6.124201504984113e-27,10.331388245711853,154.07092611368265,137.0163842121091,-0.015643703440444006,Dissociation model: bulk flow component washes out fast; bound component decays by koff.
SYNTHETIC_SIMULATED_TRAINING_DATA_NOT_EXPERIMENTAL,weak_reversible_interaction,Weak reversible binding; interaction is slow relative to flow at most flow rates.,1,association_probe_injection,0,0,200.0,0.00019999999999999998,0.5,0.1,2.0,0.05,0.2,5.0,45.591230555159484,0.024388375162857412,0.03350662127388931,534.9356634133978,1869.3836818039945,0.006701324254777862,0.0048776750325714826,Da<0.1: flow/transport faster than interaction; low capture,138.31831893937948,0.0,0.0,138.31831893937948,121.64609572756586,-0.037059039986750336,Association model: baseline + bulk flow wash-in + binding buildup with random noise.
SYNTHETIC_SIMULATED_TRAINING_DATA_NOT_EXPERIMENTAL,weak_reversible_interaction,Weak reversible binding; interaction is slow relative to flow at most flow rates.,1,association_probe_injection,10,10,200.0,0.00019999999999999998,0.5,0.1,2.0,0.05,0.2,5.0,45.591230555159484,0.024388375162857412,0.03350662127388931,534.9356634133978,1869.3836818039945,0.006701324254777862,0.0048776750325714826,Da<0.1: flow/transport faster than interaction; low capture,138.31831893937948,116.66156932317992,94.87116428726766,349.85105254982705,352.689278510162,0.47650405478631275,Association model: baseline + bulk flow wash-in + binding buildup with random noise.
SYNTHETIC_SIMULATED_TRAINING_DATA_NOT_EXPERIMENTAL,weak_reversible_interaction,Weak reversible binding; interaction is slow relative to flow at most flow rates.,1,association_probe_injection,20,20,200.0,0.00019999999999999998,0.5,0.1,2.0,0.05,0.2,5.0,45.591230555159484,0.024388375162857412,0.03350662127388931,534.9356634133978,1869.3836818039945,0.006701324254777862,0.0048776750325714826,Da<0.1: flow/transport faster than interaction; low capture,138.31831893937948,116.66156932317992,162.73162802263684,417.71151628519624,415.40509717378035,0.6159088601400426,Association model: baseline + bulk flow wash-in + binding buildup with random noise.
SYNTHETIC_SIMULATED_TRAINING_DATA_NOT_EXPERIMENTAL,weak_reversible_interaction,Weak reversible binding; interaction is slow relative to flow at most flow rates.,1,association_probe_injection,30,30,200.0,0.00019999999999999998,0.5,0.1,2.0,0.05,0.2,5.0,45.591230555159484,0.024388375162857412,0.03350662127388931,534.9356634133978,1869.3836818039945,0.006701324254777862,0.0048776750325714826,Da<0.1: flow/transport faster than interaction; low capture,138.31831893937948,116.66156932317992,211.27158821997764,466.25147648253704,468.2976267712689,0.733478445458741,Association model: baseline + bulk flow wash-in + binding buildup with random noise.
SYNTHETIC_SIMULATED_TRAINING_DATA_NOT_EXPERIMENTAL,weak_reversible_interaction,Weak reversible binding; interaction is slow relative to flow at most flow rates.,1,association_probe_injection,40,40,200.0,0.00019999999999999998,0.5,0.1,2.0,0.05,0.2,5.0,45.591230555159484,0.024388375162857412,0.03350662127388931,534.9356634133978,1869.3836818039945,0.006701324254777862,0.0048776750325714826,Da<0.1: flow/transport faster than interaction; low capture,138.31831893937948,116.66156932317992,245.9917714646348,500.9716597271942,468.3968462440045,0.7336989906350416,Association model: baseline + bulk flow wash-in + binding buildup with random noise.
SYNTHETIC_SIMULATED_TRAINING_DATA_NOT_EXPERIMENTAL,weak_reversible_interaction,Weak reversible binding; interaction is slow relative to flow at most flow rates.,1,association_probe_injection,50,50,200.0,0.00019999999999999998,0.5,0.1,2.0,0.05,0.2,5.0,45.591230555159484,0.024388375162857412,0.03350662127388931,534.9356634133978,1869.3836818039945,0.006701324254777862,0.0048776750325714826,Da<0.1: flow/transport faster than interaction; low capture,138.31831893937948,116.66156932317992,270.8267964552119,525.8066847177713,502.71511485759856,0.8099816838709412,Association model: baseline + bulk flow wash-in + binding buildup with random noise.
SYNTHETIC_SIMULATED_TRAINING_DATA_NOT_EXPERIMENTAL,weak_reversible_interaction,Weak reversible binding; interaction is slow relative to flow at most flow rates.,1,association_probe_injection,60,60,200.0,0.00019999999999999998,0.5,0.1,2.0,0.05,0.2,5.0,45.591230555159484,0.024388375162857412,0.03350662127388931,534.9356634133978,1869.3836818039945,0.006701324254777862,0.0048776750325714826,Da<0.1: flow/transport faster than interaction; low capture,138.31831893937948,116.66156932317992,288.5910594470409,543.5709477096003,553.3362985318748,0.9225025184428032,Association model: baseline + bulk flow wash-in + binding buildup with random noise.
SYNTHETIC_SIMULATED_TRAINING_DATA_NOT_EXPERIMENTAL,weak_reversible_interaction,Weak reversible binding; interaction is slow relative to flow at most flow rates.,1,association_probe_injection,70,70,200.0,0.00019999999999999998,0.5,0.1,2.0,0.05,0.2,5.0,45.591230555159484,0.024388375162857412,0.03350662127388931,534.9356634133978,1869.3836818039945,0.006701324254777862,0.0048776750325714826,Da<0.1: flow/transport faster than interaction; low capture,138.31831893937948,116.66156932317992,301.2976719736077,556.2775602361671,529.758055637913,0.8700927686977604,Association model: baseline + bulk flow wash-in + binding buildup with random noise.
SYNTHETIC_SIMULATED_TRAINING_DATA_NOT_EXPERIMENTAL,weak_reversible_interaction,Weak reversible binding; interaction is slow relative to flow at most flow rates.,1,association_probe_injection,80,80,200.0,0.00019999999999999998,0.5,0.1,2.0,0.05,0.2,5.0,45.591230555159484,0.024388375162857412,0.03350662127388931,534.9356634133978,1869.3836818039945,0.006701324254777862,0.0048776750325714826,Da<0.1: flow/transport faster than interaction; low capture,138.31831893937948,116.66156932317992,310.38659404003795,565.3664823025973,567.4495247139538,0.9538734164195716,Association model: baseline + bulk flow wash-in + binding buildup with random noise.
SYNTHETIC_SIMULATED_TRAINING_DATA_NOT_EXPERIMENTAL,weak_reversible_interaction,Weak reversible binding; interaction is slow relative to flow at most flow rates.,1,association_probe_injection,90,90,200.0,0.00019999999999999998,0.5,0.1,2.0,0.05,0.2,5.0,45.591230555159484,0.024388375162857412,0.03350662127388931,534.9356634133978,1869.3836818039945,0.006701324254777862,0.0048776750325714826,Da<0.1: flow/transport faster than interaction; low capture,138.31831893937948,116.66156932317992,316.88781568010336,571.8677039426627,596.8408428082013,1.0192044774712388,Association model: baseline + bulk flow wash-in + binding buildup with random noise.
SYNTHETIC_SIMULATED_TRAINING_DATA_NOT_EXPERIMENTAL,weak_reversible_interaction,Weak reversible binding; interaction is slow relative to flow at most flow rates.,1,association_probe_injection,100,100,200.0,0.00019999999999999998,0.5,0.1,2.0,0.05,0.2,5.0,45.591230555159484,0.024388375162857412,0.03350662127388931,534.9356634133978,1869.3836818039945,0.006701324254777862,0.0048776750325714826,Da<0.1: flow/transport faster than interaction; low capture,138.31831893937948,116.66156932317992,321.5380792101828,576.5179674727422,567.4101906546837,0.953785984620176,Association model: baseline + bulk flow wash-in + binding buildup with random noise.
SYNTHETIC_SIMULATED_TRAINING_DATA_NOT_EXPERIMENTAL,weak_reversible_interaction,Weak reversible binding; interaction is slow relative to flow at most flow rates.,1,association_probe_injection,110,110,200.0,0.00019999999999999998,0.5,0.1,2.0,0.05,0.2,5.0,45.591230555159484,0.024388375162857412,0.03350662127388931,534.9356634133978,1869.3836818039945,0.006701324254777862,0.0048776750325714826,Da<0.1: flow/transport faster than interaction; low capture,138.31831893937948,116.66156932317992,324.86436957473796,579.8442578372974,601.6903388087085,1.0299839436477134,Association model: baseline + bulk flow wash-in + binding buildup with random noise.
SYNTHETIC_SIMULATED_TRAINING_DATA_NOT_EXPERIMENTAL,weak_reversible_interaction,Weak reversible binding; interaction is slow relative to flow at most flow rates.,1,association_probe_injection,120,120,200.0,0.00019999999999999998,0.5,0.1,2.0,0.05,0.2,5.0,45.591230555159484,0.024388375162857412,0.03350662127388931,534.9356634133978,1869.3836818039945,0.006701324254777862,0.0048776750325714826,Da<0.1: flow/transport faster than interaction; low capture,138.31831893937948,116.66156932317992,327.2436342159277,582.2235224784871,610.8189328637197,1.0502749946856915,Association model: baseline + bulk flow wash-in + binding buildup with random noise.
SYNTHETIC_SIMULATED_TRAINING_DATA_NOT_EXPERIMENTAL,weak_reversible_interaction,Weak reversible binding; interaction is slow relative to flow at most flow rates.,1,dissociation_buffer_wash,130,0,0.0,0.0,0.5,0.1,2.0,0.05,0.2,5.0,45.591230555159484,0.024388375162857412,0.03350662127388931,534.9356634133978,1869.3836818039945,0.006701324254777862,0.0048776750325714826,Da<0.1: flow/transport faster than interaction; low capture,138.31831893937948,116.66156932317992,327.2436342159277,582.2235224784871,594.103401993665,1.0131196903784543,Dissociation model: bulk flow component washes out fast; bound component decays by koff.
SYNTHETIC_SIMULATED_TRAINING_DATA_NOT_EXPERIMENTAL,weak_reversible_interaction,Weak reversible binding; interaction is slow relative to flow at most flow rates.,1,dissociation_buffer_wash,140,10,0.0,0.0,0.5,0.1,2.0,0.05,0.2,5.0,45.591230555159484,0.024388375162857412,0.03350662127388931,534.9356634133978,1869.3836818039945,0.006701324254777862,0.0048776750325714826,Da<0.1: flow/transport faster than interaction; low capture,138.31831893937948,2.2501098409531532e-20,256.42114760769726,394.73946654707674,424.1613472407651,0.6353722644649343,Dissociation model: bulk flow component washes out fast; bound component decays by koff.
SYNTHETIC_SIMULATED_TRAINING_DATA_NOT_EXPERIMENTAL,weak_reversible_interaction,Weak reversible binding; interaction is slow relative to flow at most flow rates.,1,dissociation_buffer_wash,150,20,0.0,0.0,0.5,0.1,2.0,0.05,0.2,5.0,45.591230555159484,0.024388375162857412,0.03350662127388931,534.9356634133978,1869.3836818039945,0.006701324254777862,0.0048776750325714826,Da<0.1: flow/transport faster than interaction; low capture,138.31831893937948,4.33989901364051e-42,200.926154294763,339.24447323414245,344.10260113086946,0.4574175768577395,Dissociation model: bulk flow component washes out fast; bound component decays by koff.
SYNTHETIC_SIMULATED_TRAINING_DATA_NOT_EXPERIMENTAL,weak_reversible_interaction,Weak reversible binding; interaction is slow relative to flow at most flow rates.,1,dissociation_buffer_wash,160,30,0.0,0.0,0.5,0.1,2.0,0.05,0.2,5.0,45.591230555159484,0.024388375162857412,0.03350662127388931,534.9356634133978,1869.3836818039945,0.006701324254777862,0.0048776750325714826,Da<0.1: flow/transport faster than interaction; low capture,138.31831893937948,8.37057956273789e-64,157.44145853932304,295.7597774787025,277.5996359497247,0.3095946971748915,Dissociation model: bulk flow component washes out fast; bound component decays by koff.
SYNTHETIC_SIMULATED_TRAINING_DATA_NOT_EXPERIMENTAL,weak_reversible_interaction,Weak reversible binding; interaction is slow relative to flow at most flow rates.,1,dissociation_buffer_wash,170,40,0.0,0.0,0.5,0.1,2.0,0.05,0.2,5.0,45.591230555159484,0.024388375162857412,0.03350662127388931,534.9356634133978,1869.3836818039945,0.006701324254777862,0.0048776750325714826,Da<0.1: flow/transport faster than interaction; low capture,138.31831893937948,1.614475405900058e-85,123.36777635541223,261.6860952947917,276.61829061458087,0.3074133614553615,Dissociation model: bulk flow component washes out fast; bound component decays by koff.
SYNTHETIC_SIMULATED_TRAINING_DATA_NOT_EXPERIMENTAL,weak_reversible_interaction,Weak reversible binding; interaction is slow relative to flow at most flow rates.,1,dissociation_buffer_wash,180,50,0.0,0.0,0.5,0.1,2.0,0.05,0.2,5.0,45.591230555159484,0.024388375162857412,0.03350662127388931,534.9356634133978,1869.3836818039945,0.006701324254777862,0.0048776750325714826,Da<0.1: flow/transport faster than interaction; low capture,138.31831893937948,3.1139191936712217e-107,96.66836412772254,234.98668306710204,230.04606202853864,0.20389254965269438,Dissociation model: bulk flow component washes out fast; bound component decays by koff.
SYNTHETIC_SIMULATED_TRAINING_DATA_NOT_EXPERIMENTAL,weak_reversible_interaction,Weak reversible binding; interaction is slow relative to flow at most flow rates.,1,dissociation_buffer_wash,190,60,0.0,0.0,0.5,0.1,2.0,0.05,0.2,5.0,45.591230555159484,0.024388375162857412,0.03350662127388931,534.9356634133978,1869.3836818039945,0.006701324254777862,0.0048776750325714826,Da<0.1: flow/transport faster than interaction; low capture,138.31831893937948,6.005971171365294e-129,75.74727290381281,214.0655918431923,208.57999069928948,0.15617773767816448,Dissociation model: bulk flow component washes out fast; bound component decays by koff.
SYNTHETIC_SIMULATED_TRAINING_DATA_NOT_EXPERIMENTAL,weak_reversible_interaction,Weak reversible binding; interaction is slow relative to flow at most flow rates.,1,dissociation_buffer_wash,200,70,0.0,0.0,0.5,0.1,2.0,0.05,0.2,5.0,45.591230555159484,0.024388375162857412,0.03350662127388931,534.9356634133978,1869.3836818039945,0.006701324254777862,0.0048776750325714826,Da<0.1: flow/transport faster than interaction; low capture,138.31831893937948,1.1584015983646484e-150,59.35395104838907,197.67226998776854,192.2843851518889,0.11995584393807124,Dissociation model: bulk flow component washes out fast; bound component decays by koff.
SYNTHETIC_SIMULATED_TRAINING_DATA_NOT_EXPERIMENTAL,weak_reversible_interaction,Weak reversible binding; interaction is slow relative to flow at most flow rates.,1,dissociation_buffer_wash,210,80,0.0,0.0,0.5,0.1,2.0,0.05,0.2,5.0,45.591230555159484,0.024388375162857412,0.03350662127388931,534.9356634133978,1869.3836818039945,0.006701324254777862,0.0048776750325714826,Da<0.1: flow/transport faster than interaction; low capture,138.31831893937948,2.234266906726975e-172,46.5084929133764,184.8268118527559,166.06133647551377,0.06166721637317114,Dissociation model: bulk flow component washes out fast; bound component decays by koff.
SYNTHETIC_SIMULATED_TRAINING_DATA_NOT_EXPERIMENTAL,weak_reversible_interaction,Weak reversible binding; interaction is slow relative to flow at most flow rates.,1,dissociation_buffer_wash,220,90,0.0,0.0,0.5,0.1,2.0,0.05,0.2,5.0,45.591230555159484,0.024388375162857412,0.03350662127388931,534.9356634133978,1869.3836818039945,0.006701324254777862,0.0048776750325714826,Da<0.1: flow/transport faster than interaction; low capture,138.31831893937948,4.309341956660466e-194,36.44306528659123,174.76138422597072,186.0603125358826,0.10612096702773959,Dissociation model: bulk flow component washes out fast; bound component decays by koff.
SYNTHETIC_SIMULATED_TRAINING_DATA_NOT_EXPERIMENTAL,weak_reversible_interaction,Weak reversible binding; interaction is slow relative to flow at most flow rates.,1,dissociation_buffer_wash,230,100,0.0,0.0,0.5,0.1,2.0,0.05,0.2,5.0,45.591230555159484,0.024388375162857412,0.03350662127388931,534.9356634133978,1869.3836818039945,0.006701324254777862,0.0048776750325714826,Da<0.1: flow/transport faster than interaction; low capture,138.31831893937948,8.311642643733406e-216,28.556010403441253,166.87432934282074,173.73413187805218,0.07872231622520183,Dissociation model: bulk flow component washes out fast; bound component decays by koff.
SYNTHETIC_SIMULATED_TRAINING_DATA_NOT_EXPERIMENTAL,weak_reversible_interaction,Weak reversible binding; interaction is slow relative to flow at most flow rates.,1,dissociation_buffer_wash,240,110,0.0,0.0,0.5,0.1,2.0,0.05,0.2,5.0,45.591230555159484,0.024388375162857412,0.03350662127388931,534.9356634133978,1869.3836818039945,0.006701324254777862,0.0048776750325714826,Da<0.1: flow/transport faster than interaction; low capture,138.31831893937948,1.603107948543122e-237,22.375882043640225,160.6942009830197,165.20588215301333,0.05976571136441391,Dissociation model: bulk flow component washes out fast; bound component decays by koff.
SYNTHETIC_SIMULATED_TRAINING_DATA_NOT_EXPERIMENTAL,weak_reversible_interaction,Weak reversible binding; interaction is slow relative to flow at most flow rates.,1,dissociation_buffer_wash,250,120,0.0,0.0,0.5,0.1,2.0,0.05,0.2,5.0,45.591230555159484,0.024388375162857412,0.03350662127388931,534.9356634133978,1869.3836818039945,0.006701324254777862,0.0048776750325714826,Da<0.1: flow/transport faster than interaction; low capture,138.31831893937948,3.091994212022295e-259,17.53326498195157,155.85158392133104,178.0682514574989,0.08835620300571602,Dissociation model: bulk flow component washes out fast; bound component decays by koff.
SYNTHETIC_SIMULATED_TRAINING_DATA_NOT_EXPERIMENTAL,weak_reversible_interaction,Weak reversible binding; interaction is slow relative to flow at most flow rates.,1,dissociation_buffer_wash,260,130,0.0,0.0,0.5,0.1,2.0,0.05,0.2,5.0,45.591230555159484,0.024388375162857412,0.03350662127388931,534.9356634133978,1869.3836818039945,0.006701324254777862,0.0048776750325714826,Da<0.1: flow/transport faster than interaction; low capture,138.31831893937948,5.963683366343315e-281,13.738693309509298,152.05701224888878,140.19574958233244,0.004173155336610659,Dissociation model: bulk flow component washes out fast; bound component decays by koff.
SYNTHETIC_SIMULATED_TRAINING_DATA_NOT_EXPERIMENTAL,weak_reversible_interaction,Weak reversible binding; interaction is slow relative to flow at most flow rates.,2,association_probe_injection,0,0,200.0,0.00019999999999999998,0.5,0.1,2.0,0.05,0.2,5.0,53.544800770778046,0.024352065793487497,0.035061025947643105,454.79795317078816,2198.778585145643,0.007012205189528622,0.0048704131586975,Da<0.1: flow/transport faster than interaction; low capture,144.78699898737895,0.0,0.0,144.78699898737895,129.52454083708963,-0.034169406857277033,Association model: baseline + bulk flow wash-in + binding buildup with random noise.
SYNTHETIC_SIMULATED_TRAINING_DATA_NOT_EXPERIMENTAL,weak_reversible_interaction,Weak reversible binding; interaction is slow relative to flow at most flow rates.,2,association_probe_injection,10,10,200.0,0.00019999999999999998,0.5,0.1,2.0,0.05,0.2,5.0,53.544800770778046,0.024352065793487497,0.035061025947643105,454.79795317078816,2198.778585145643,0.007012205189528622,0.0048704131586975,Da<0.1: flow/transport faster than interaction; low capture,144.78699898737895,106.89186824226368,100.48668318630448,352.1655504159471,357.1453502878805,0.47542531050215214,Association model: baseline + bulk flow wash-in + binding buildup with random noise.
SYNTHETIC_SIMULATED_TRAINING_DATA_NOT_EXPERIMENTAL,weak_reversible_interaction,Weak reversible binding; interaction is slow relative to flow at most flow rates.,2,association_probe_injection,20,20,200.0,0.00019999999999999998,0.5,0.1,2.0,0.05,0.2,5.0,53.544800770778046,0.024352065793487497,0.035061025947643105,454.79795317078816,2198.778585145643,0.007012205189528622,0.0048704131586975,Da<0.1: flow/transport faster than interaction; low capture,144.78699898737895,106.89186824226368,171.25525163312597,422.9341188627686,444.8555104633775,0.6717897571097703,Association model: baseline + bulk flow wash-in + binding buildup with random noise.
SYNTHETIC_SIMULATED_TRAINING_DATA_NOT_EXPERIMENTAL,weak_reversible_interaction,Weak reversible binding; interaction is slow relative to flow at most flow rates.,2,association_probe_injection,30,30,200.0,0.00019999999999999998,0.5,0.1,2.0,0.05,0.2,5.0,53.544800770778046,0.024352065793487497,0.035061025947643105,454.79795317078816,2198.778585145643,0.007012205189528622,0.0048704131586975,Da<0.1: flow/transport faster than interaction; low capture,144.78699898737895,106.89186824226368,221.09459473023227,472.7734619598749,478.00155999182897,0.745996732218013,Association model: baseline + bulk flow wash-in + binding buildup with random noise.
SYNTHETIC_SIMULATED_TRAINING_DATA_NOT_EXPERIMENTAL,weak_reversible_interaction,Weak reversible binding; interaction is slow relative to flow at most flow rates.,2,association_probe_injection,40,40,200.0,0.00019999999999999998,0.5,0.1,2.0,0.05,0.2,5.0,53.544800770778046,0.024352065793487497,0.035061025947643105,454.79795317078816,2198.778585145643,0.007012205189528622,0.0048704131586975,Da<0.1: flow/transport faster than interaction; low capture,144.78699898737895,106.89186824226368,256.1943597087713,507.87322693841395,520.0786603732048,0.8401984360424039,Association model: baseline + bulk flow wash-in + binding buildup with random noise.
SYNTHETIC_SIMULATED_TRAINING_DATA_NOT_EXPERIMENTAL,weak_reversible_interaction,Weak reversible binding; interaction is slow relative to flow at most flow rates.,2,association_probe_injection,50,50,200.0,0.00019999999999999998,0.5,0.1,2.0,0.05,0.2,5.0,53.544800770778046,0.024352065793487497,0.035061025947643105,454.79795317078816,2198.778585145643,0.007012205189528622,0.0048704131586975,Da<0.1: flow/transport faster than interaction; low capture,144.78699898737895,106.89186824226368,280.91365625223233,532.592523481875,529.7877652665421,0.8619350627413038,Association model: baseline + bulk flow wash-in + binding buildup with random noise.
SYNTHETIC_SIMULATED_TRAINING_DATA_NOT_EXPERIMENTAL,weak_reversible_interaction,Weak reversible binding; interaction is slow relative to flow at most flow rates.,2,association_probe_injection,60,60,200.0,0.00019999999999999998,0.5,0.1,2.0,0.05,0.2,5.0,53.544800770778046,0.024352065793487497,0.035061025947643105,454.79795317078816,2198.778585145643,0.007012205189528622,0.0048704131586975,Da<0.1: flow/transport faster than interaction; low capture,144.78699898737895,106.89186824226368,298.3224230054335,550.0012902350761,532.1005943533028,0.8671129965497822,Association model: baseline + bulk flow wash-in + binding buildup with random noise.
SYNTHETIC_SIMULATED_TRAINING_DATA_NOT_EXPERIMENTAL,weak_reversible_interaction,Weak reversible binding; interaction is slow relative to flow at most flow rates.,2,association_probe_injection,70,70,200.0,0.00019999999999999998,0.5,0.1,2.0,0.05,0.2,5.0,53.544800770778046,0.024352065793487497,0.035061025947643105,454.79795317078816,2198.778585145643,0.007012205189528622,0.0048704131586975,Da<0.1: flow/transport faster than interaction; low capture,144.78699898737895,106.89186824226368,310.5826893659475,562.2615565955902,504.27814263055893,0.8048244278723073,Association model: baseline + bulk flow wash-in + binding buildup with random noise.
SYNTHETIC_SIMULATED_TRAINING_DATA_NOT_EXPERIMENTAL,weak_reversible_interaction,Weak reversible binding; interaction is slow relative to flow at most flow rates.,2,association_probe_injection,80,80,200.0,0.00019999999999999998,0.5,0.1,2.0,0.05,0.2,5.0,53.544800770778046,0.024352065793487497,0.035061025947643105,454.79795317078816,2198.778585145643,0.007012205189528622,0.0048704131586975,Da<0.1: flow/transport faster than interaction; low capture,144.78699898737895,106.89186824226368,319.2170822187961,570.8959494484387,541.6285185444651,0.8884439980822547,Association model: baseline + bulk flow wash-in + binding buildup with random noise.
SYNTHETIC_SIMULATED_TRAINING_DATA_NOT_EXPERIMENTAL,weak_reversible_interaction,Weak reversible binding; interaction is slow relative to flow at most flow rates.,2,association_probe_injection,90,90,200.0,0.00019999999999999998,0.5,0.1,2.0,0.05,0.2,5.0,53.544800770778046,0.024352065793487497,0.035061025947643105,454.79795317078816,2198.778585145643,0.007012205189528622,0.0048704131586975,Da<0.1: flow/transport faster than interaction; low capture,144.78699898737895,106.89186824226368,325.2979240002955,576.9767912299382,635.0647064911946,1.097627806464018,Association model: baseline + bulk flow wash-in + binding buildup with random noise.
SYNTHETIC_SIMULATED_TRAINING_DATA_NOT_EXPERIMENTAL,weak_reversible_interaction,Weak reversible binding; interaction is slow relative to flow at most flow rates.,2,association_probe_injection,100,100,200.0,0.00019999999999999998,0.5,0.1,2.0,0.05,0.2,5.0,53.544800770778046,0.024352065793487497,0.035061025947643105,454.79795317078816,2198.778585145643,0.007012205189528622,0.0048704131586975,Da<0.1: flow/transport faster than interaction; low capture,144.78699898737895,106.89186824226368,329.5804065560236,581.2592737856662,569.2265545623352,0.9502301475917629,Association model: baseline + bulk flow wash-in + binding buildup with random noise.
SYNTHETIC_SIMULATED_TRAINING_DATA_NOT_EXPERIMENTAL,weak_reversible_interaction,Weak reversible binding; interaction is slow relative to flow at most flow rates.,2,association_probe_injection,110,110,200.0,0.00019999999999999998,0.5,0.1,2.0,0.05,0.2,5.0,53.544800770778046,0.024352065793487497,0.035061025947643105,454.79795317078816,2198.778585145643,0.007012205189528622,0.0048704131586975,Da<0.1: flow/transport faster than interaction; low capture,144.78699898737895,106.89186824226368,332.59637991943407,584.2752471490767,562.9800999399339,0.9362456604726744,Association model: baseline + bulk flow wash-in + binding buildup with random noise.
SYNTHETIC_SIMULATED_TRAINING_DATA_NOT_EXPERIMENTAL,weak_reversible_interaction,Weak reversible binding; interaction is slow relative to flow at most flow rates.,2,association_probe_injection,120,120,200.0,0.00019999999999999998,0.5,0.1,2.0,0.05,0.2,5.0,53.544800770778046,0.024352065793487497,0.035061025947643105,454.79795317078816,2198.778585145643,0.007012205189528622,0.0048704131586975,Da<0.1: flow/transport faster than interaction; low capture,144.78699898737895,106.89186824226368,334.72040382622964,586.3992710558723,537.1582059385879,0.87843591624476,Association model: baseline + bulk flow wash-in + binding buildup with random noise.
SYNTHETIC_SIMULATED_TRAINING_DATA_NOT_EXPERIMENTAL,weak_reversible_interaction,Weak reversible binding; interaction is slow relative to flow at most flow rates.,2,dissociation_buffer_wash,130,0,0.0,0.0,0.5,0.1,2.0,0.05,0.2,5.0,53.544800770778046,0.024352065793487497,0.035061025947643105,454.79795317078816,2198.778585145643,0.007012205189528622,0.0048704131586975,Da<0.1: flow/transport faster than interaction; low capture,144.78699898737895,106.89186824226368,334.72040382622964,586.3992710558723,582.4050671596771,0.9797340423299633,Dissociation model: bulk flow component washes out fast; bound component decays by koff.
SYNTHETIC_SIMULATED_TRAINING_DATA_NOT_EXPERIMENTAL,weak_reversible_interaction,Weak reversible binding; interaction is slow relative to flow at most flow rates.,2,dissociation_buffer_wash,140,10,0.0,0.0,0.5,0.1,2.0,0.05,0.2,5.0,53.544800770778046,0.024352065793487497,0.035061025947643105,454.79795317078816,2198.778585145643,0.007012205189528622,0.0048704131586975,Da<0.1: flow/transport faster than interaction; low capture,144.78699898737895,2.0616767462084522e-20,262.3750345862537,407.1620335736327,441.25524557700976,0.6637295275920281,Dissociation model: bulk flow component washes out fast; bound component decays by koff.
SYNTHETIC_SIMULATED_TRAINING_DATA_NOT_EXPERIMENTAL,weak_reversible_interaction,Weak reversible binding; interaction is slow relative to flow at most flow rates.,2,dissociation_buffer_wash,150,20,0.0,0.0,0.5,0.1,2.0,0.05,0.2,5.0,53.544800770778046,0.024352065793487497,0.035061025947643105,454.79795317078816,2198.778585145643,0.007012205189528622,0.0048704131586975,Da<0.1: flow/transport faster than interaction; low capture,144.78699898737895,3.976458710800297e-42,205.66615595348205,350.453154940861,356.3055114149207,0.4735450893829758,Dissociation model: bulk flow component washes out fast; bound component decays by koff.
SYNTHETIC_SIMULATED_TRAINING_DATA_NOT_EXPERIMENTAL,weak_reversible_interaction,Weak reversible binding; interaction is slow relative to flow at most flow rates.,2,dissociation_buffer_wash,160,30,0.0,0.0,0.5,0.1,2.0,0.05,0.2,5.0,53.544800770778046,0.024352065793487497,0.035061025947643105,454.79795317078816,2198.778585145643,0.007012205189528622,0.0048704131586975,Da<0.1: flow/transport faster than interaction; low capture,144.78699898737895,7.669594133890869e-64,161.21414818061385,306.0011471679928,312.2713918358503,0.37496203462972005,Dissociation model: bulk flow component washes out fast; bound component decays by koff.
SYNTHETIC_SIMULATED_TRAINING_DATA_NOT_EXPERIMENTAL,weak_reversible_interaction,Weak reversible binding; interaction is slow relative to flow at most flow rates.,2,dissociation_buffer_wash,170,40,0.0,0.0,0.5,0.1,2.0,0.05,0.2,5.0,53.544800770778046,0.024352065793487497,0.035061025947643105,454.79795317078816,2198.778585145643,0.007012205189528622,0.0048704131586975,Da<0.1: flow/transport faster than interaction; low capture,144.78699898737895,1.479272851968697e-85,126.36985143768327,271.1568504250622,236.55617644325056,0.20545172544095666,Dissociation model: bulk flow component washes out fast; bound component decays by koff.
SYNTHETIC_SIMULATED_TRAINING_DATA_NOT_EXPERIMENTAL,weak_reversible_interaction,Weak reversible binding; interaction is slow relative to flow at most flow rates.,2,dissociation_buffer_wash,180,50,0.0,0.0,0.5,0.1,2.0,0.05,0.2,5.0,53.544800770778046,0.024352065793487497,0.035061025947643105,454.79795317078816,2198.778585145643,0.007012205189528622,0.0048704131586975,Da<0.1: flow/transport faster than interaction; low capture,144.78699898737895,2.853147288331775e-107,99.05668660353015,243.8436855909091,237.32742587683995,0.2071783893521865,Dissociation model: bulk flow component washes out fast; bound component decays by koff.
SYNTHETIC_SIMULATED_TRAINING_DATA_NOT_EXPERIMENTAL,weak_reversible_interaction,Weak reversible binding; interaction is slow relative to flow at most flow rates.,2,dissociation_buffer_wash,190,60,0.0,0.0,0.5,0.1,2.0,0.05,0.2,5.0,53.544800770778046,0.024352065793487497,0.035061025947643105,454.79795317078816,2198.778585145643,0.007012205189528622,0.0048704131586975,Da<0.1: flow/transport faster than interaction; low capture,144.78699898737895,5.503007398588575e-129,77.64689955110609,222.43389853848504,222.72221158700188,0.17448041210677576,Dissociation model: bulk flow component washes out fast; bound component decays by koff.
SYNTHETIC_SIMULATED_TRAINING_DATA_NOT_EXPERIMENTAL,weak_reversible_interaction,Weak reversible binding; interaction is slow relative to flow at most flow rates.,2,dissociation_buffer_wash,200,70,0.0,0.0,0.5,0.1,2.0,0.05,0.2,5.0,53.544800770778046,0.024352065793487497,0.035061025947643105,454.79795317078816,2198.778585145643,0.007012205189528622,0.0048704131586975,Da<0.1: flow/transport faster than interaction; low capture,144.78699898737895,1.061392468337203e-150,60.86455358668031,205.65155257405925,218.15453736057444,0.1642543582498262,Dissociation model: bulk flow component washes out fast; bound component decays by koff.
SYNTHETIC_SIMULATED_TRAINING_DATA_NOT_EXPERIMENTAL,weak_reversible_interaction,Weak reversible binding; interaction is slow relative to flow at most flow rates.,2,dissociation_buffer_wash,210,80,0.0,0.0,0.5,0.1,2.0,0.05,0.2,5.0,53.544800770778046,0.024352065793487497,0.035061025947643105,454.79795317078816,2198.778585145643,0.007012205189528622,0.0048704131586975,Da<0.1: flow/transport faster than interaction; low capture,144.78699898737895,2.0471605619354277e-172,47.70948878477284,192.4964877721518,195.61636501276885,0.11379617037548297,Dissociation model: bulk flow component washes out fast; bound component decays by koff.
SYNTHETIC_SIMULATED_TRAINING_DATA_NOT_EXPERIMENTAL,weak_reversible_interaction,Weak reversible binding; interaction is slow relative to flow at most flow rates.,2,dissociation_buffer_wash,220,90,0.0,0.0,0.5,0.1,2.0,0.05,0.2,5.0,53.544800770778046,0.024352065793487497,0.035061025947643105,454.79795317078816,2198.778585145643,0.007012205189528622,0.0048704131586975,Da<0.1: flow/transport faster than interaction; low capture,144.78699898737895,3.9484606225906845e-194,37.397716502803554,182.1847154901825,150.96194270907625,0.013824389378814705,Dissociation model: bulk flow component washes out fast; bound component decays by koff.
SYNTHETIC_SIMULATED_TRAINING_DATA_NOT_EXPERIMENTAL,weak_reversible_interaction,Weak reversible binding; interaction is slow relative to flow at most flow rates.,2,dissociation_buffer_wash,230,100,0.0,0.0,0.5,0.1,2.0,0.05,0.2,5.0,53.544800770778046,0.024352065793487497,0.035061025947643105,454.79795317078816,2198.778585145643,0.007012205189528622,0.0048704131586975,Da<0.1: flow/transport faster than interaction; low capture,144.78699898737895,7.6155928255133e-216,29.314696829668076,174.10169581704702,176.22663636978402,0.07038668021797595,Dissociation model: bulk flow component washes out fast; bound component decays by koff.
SYNTHETIC_SIMULATED_TRAINING_DATA_NOT_EXPERIMENTAL,weak_reversible_interaction,Weak reversible binding; interaction is slow relative to flow at most flow rates.,2,dissociation_buffer_wash,240,110,0.0,0.0,0.5,0.1,2.0,0.05,0.2,5.0,53.544800770778046,0.024352065793487497,0.035061025947643105,454.79795317078816,2198.778585145643,0.007012205189528622,0.0048704131586975,Da<0.1: flow/transport faster than interaction; low capture,144.78699898737895,1.4688573504363877e-237,22.978714493194516,167.76571348057348,183.97689917059492,0.08773787491309176,Dissociation model: bulk flow component washes out fast; bound component decays by koff.
SYNTHETIC_SIMULATED_TRAINING_DATA_NOT_EXPERIMENTAL,weak_reversible_interaction,Weak reversible binding; interaction is slow relative to flow at most flow rates.,2,dissociation_buffer_wash,250,120,0.0,0.0,0.5,0.1,2.0,0.05,0.2,5.0,53.544800770778046,0.024352065793487497,0.035061025947643105,454.79795317078816,2198.778585145643,0.007012205189528622,0.0048704131586975,Da<0.1: flow/transport faster than interaction; low capture,144.78699898737895,2.833058391334866e-259,18.012170578730363,162.7991695661093,174.02550313453605,0.06545880973199945,Dissociation model: bulk flow component washes out fast; bound component decays by koff.
SYNTHETIC_SIMULATED_TRAINING_DATA_NOT_EXPERIMENTAL,weak_reversible_interaction,Weak reversible binding; interaction is slow relative to flow at most flow rates.,2,dissociation_buffer_wash,260,130,0.0,0.0,0.5,0.1,2.0,0.05,0.2,5.0,53.544800770778046,0.024352065793487497,0.035061025947643105,454.79795317078816,2198.778585145643,0.007012205189528622,0.0048704131586975,Da<0.1: flow/transport faster than interaction; low capture,144.78699898737895,5.464260941560025e-281,14.119079161428589,158.90607814880755,166.10152306878567,0.047718698923541955,Dissociation model: bulk flow component washes out fast; bound component decays by koff.
SYNTHETIC_SIMULATED_TRAINING_DATA_NOT_EXPERIMENTAL,weak_reversible_interaction,Weak reversible binding; interaction is slow relative to flow at most flow rates.,3,association_probe_injection,0,0,200.0,0.00019999999999999998,0.5,0.1,2.0,0.05,0.2,5.0,29.550360559201746,0.024326044180335432,0.03023611629217578,823.2063406333124,1214.7622663239888,0.006047223258435156,0.004865208836067086,Da<0.1: flow/transport faster than interaction; low capture,143.83832720447577,0.0,0.0,143.83832720447577,145.65391659600658,0.004285722070165863,Association model: baseline + bulk flow wash-in + binding buildup with random noise.
SYNTHETIC_SIMULATED_TRAINING_DATA_NOT_EXPERIMENTAL,weak_reversible_interaction,Weak reversible binding; interaction is slow relative to flow at most flow rates.,3,association_probe_injection,10,10,200.0,0.00019999999999999998,0.5,0.1,2.0,0.05,0.2,5.0,29.550360559201746,0.024326044180335432,0.03023611629217578,823.2063406333124,1214.7622663239888,0.006047223258435156,0.004865208836067086,Da<0.1: flow/transport faster than interaction; low capture,143.83832720447577,89.83845960446382,87.09762489536342,320.774411704303,308.9077562213025,0.3896485066211007,Association model: baseline + bulk flow wash-in + binding buildup with random noise.
SYNTHETIC_SIMULATED_TRAINING_DATA_NOT_EXPERIMENTAL,weak_reversible_interaction,Weak reversible binding; interaction is slow relative to flow at most flow rates.,3,association_probe_injection,20,20,200.0,0.00019999999999999998,0.5,0.1,2.0,0.05,0.2,5.0,29.550360559201746,0.024326044180335432,0.03023611629217578,823.2063406333124,1214.7622663239888,0.006047223258435156,0.004865208836067086,Da<0.1: flow/transport faster than interaction; low capture,143.83832720447577,89.83845960446382,151.4689616031721,385.1457484121117,396.4683084684128,0.596336314443635,Association model: baseline + bulk flow wash-in + binding buildup with random noise.
SYNTHETIC_SIMULATED_TRAINING_DATA_NOT_EXPERIMENTAL,weak_reversible_interaction,Weak reversible binding; interaction is slow relative to flow at most flow rates.,3,association_probe_injection,30,30,200.0,0.00019999999999999998,0.5,0.1,2.0,0.05,0.2,5.0,29.550360559201746,0.024326044180335432,0.03023611629217578,823.2063406333124,1214.7622663239888,0.006047223258435156,0.004865208836067086,Da<0.1: flow/transport faster than interaction; low capture,143.83832720447577,89.83845960446382,199.04395569202535,432.72074250096495,442.11482392108695,0.7040855002530705,Association model: baseline + bulk flow wash-in + binding buildup with random noise.
SYNTHETIC_SIMULATED_TRAINING_DATA_NOT_EXPERIMENTAL,weak_reversible_interaction,Weak reversible binding; interaction is slow relative to flow at most flow rates.,3,association_probe_injection,40,40,200.0,0.00019999999999999998,0.5,0.1,2.0,0.05,0.2,5.0,29.550360559201746,0.024326044180335432,0.03023611629217578,823.2063406333124,1214.7622663239888,0.006047223258435156,0.004865208836067086,Da<0.1: flow/transport faster than interaction; low capture,143.83832720447577,89.83845960446382,234.20525850647917,467.88204531541874,495.409930096618,0.8298892826687219,Association model: baseline + bulk flow wash-in + binding buildup with random noise.
SYNTHETIC_SIMULATED_TRAINING_DATA_NOT_EXPERIMENTAL,weak_reversible_interaction,Weak reversible binding; interaction is slow relative to flow at most flow rates.,3,association_probe_injection,50,50,200.0,0.00019999999999999998,0.5,0.1,2.0,0.05,0.2,5.0,29.550360559201746,0.024326044180335432,0.03023611629217578,823.2063406333124,1214.7622663239888,0.006047223258435156,0.004865208836067086,Da<0.1: flow/transport faster than interaction; low capture,143.83832720447577,89.83845960446382,260.19196095988804,493.86874776882763,444.6234005850537,0.7100070276775068,Association model: baseline + bulk flow wash-in + binding buildup with random noise.
SYNTHETIC_SIMULATED_TRAINING_DATA_NOT_EXPERIMENTAL,weak_reversible_interaction,Weak reversible binding; interaction is slow relative to flow at most flow rates.,3,association_probe_injection,60,60,200.0,0.00019999999999999998,0.5,0.1,2.0,0.05,0.2,5.0,29.550360559201746,0.024326044180335432,0.03023611629217578,823.2063406333124,1214.7622663239888,0.006047223258435156,0.004865208836067086,Da<0.1: flow/transport faster than interaction; low capture,143.83832720447577,89.83845960446382,279.3979815093998,513.0747683183395,507.3503657464589,0.8580748343306931,Association model: baseline + bulk flow wash-in + binding buildup with random noise.
SYNTHETIC_SIMULATED_TRAINING_DATA_NOT_EXPERIMENTAL,weak_reversible_interaction,Weak reversible binding; interaction is slow relative to flow at most flow rates.,3,association_probe_injection,70,70,200.0,0.00019999999999999998,0.5,0.1,2.0,0.05,0.2,5.0,29.550360559201746,0.024326044180335432,0.03023611629217578,823.2063406333124,1214.7622663239888,0.006047223258435156,0.004865208836067086,Da<0.1: flow/transport faster than interaction; low capture,143.83832720447577,89.83845960446382,293.5925960823573,527.2693828912969,524.2627468946395,0.8979967271793299,Association model: baseline + bulk flow wash-in + binding buildup with random noise.
SYNTHETIC_SIMULATED_TRAINING_DATA_NOT_EXPERIMENTAL,weak_reversible_interaction,Weak reversible binding; interaction is slow relative to flow at most flow rates.,3,association_probe_injection,80,80,200.0,0.00019999999999999998,0.5,0.1,2.0,0.05,0.2,5.0,29.550360559201746,0.024326044180335432,0.03023611629217578,823.2063406333124,1214.7622663239888,0.006047223258435156,0.004865208836067086,Da<0.1: flow/transport faster than interaction; low capture,143.83832720447577,89.83845960446382,304.08342536973623,537.7602121786758,549.4563549898571,0.9574665625641614,Association model: baseline + bulk flow wash-in + binding buildup with random noise.
SYNTHETIC_SIMULATED_TRAINING_DATA_NOT_EXPERIMENTAL,weak_reversible_interaction,Weak reversible binding; interaction is slow relative to flow at most flow rates.,3,association_probe_injection,90,90,200.0,0.00019999999999999998,0.5,0.1,2.0,0.05,0.2,5.0,29.550360559201746,0.024326044180335432,0.03023611629217578,823.2063406333124,1214.7622663239888,0.006047223258435156,0.004865208836067086,Da<0.1: flow/transport faster than interaction; low capture,143.83832720447577,89.83845960446382,311.8368940230239,545.5136808319635,498.28570507200345,0.8366775864219447,Association model: baseline + bulk flow wash-in + binding buildup with random noise.
SYNTHETIC_SIMULATED_TRAINING_DATA_NOT_EXPERIMENTAL,weak_reversible_interaction,Weak reversible binding; interaction is slow relative to flow at most flow rates.,3,association_probe_injection,100,100,200.0,0.00019999999999999998,0.5,0.1,2.0,0.05,0.2,5.0,29.550360559201746,0.024326044180335432,0.03023611629217578,823.2063406333124,1214.7622663239888,0.006047223258435156,0.004865208836067086,Da<0.1: flow/transport faster than interaction; low capture,143.83832720447577,89.83845960446382,317.5672585643512,551.2440453732909,609.5777974327748,1.0993839993864656,Association model: baseline + bulk flow wash-in + binding buildup with random noise.
SYNTHETIC_SIMULATED_TRAINING_DATA_NOT_EXPERIMENTAL,weak_reversible_interaction,Weak reversible binding; interaction is slow relative to flow at most flow rates.,3,association_probe_injection,110,110,200.0,0.00019999999999999998,0.5,0.1,2.0,0.05,0.2,5.0,29.550360559201746,0.024326044180335432,0.03023611629217578,823.2063406333124,1214.7622663239888,0.006047223258435156,0.004865208836067086,Da<0.1: flow/transport faster than interaction; low capture,143.83832720447577,89.83845960446382,321.8024053412171,555.4791921501567,553.6896804987734,0.9674593817822016,Association model: baseline + bulk flow wash-in + binding buildup with random noise.
SYNTHETIC_SIMULATED_TRAINING_DATA_NOT_EXPERIMENTAL,weak_reversible_interaction,Weak reversible binding; interaction is slow relative to flow at most flow rates.,3,association_probe_injection,120,120,200.0,0.00019999999999999998,0.5,0.1,2.0,0.05,0.2,5.0,29.550360559201746,0.024326044180335432,0.03023611629217578,823.2063406333124,1214.7622663239888,0.006047223258435156,0.004865208836067086,Da<0.1: flow/transport faster than interaction; low capture,143.83832720447577,89.83845960446382,324.9324798927119,558.6092667016514,559.6536965123928,0.9815375181579821,Association model: baseline + bulk flow wash-in + binding buildup with random noise.
SYNTHETIC_SIMULATED_TRAINING_DATA_NOT_EXPERIMENTAL,weak_reversible_interaction,Weak reversible binding; interaction is slow relative to flow at most flow rates.,3,dissociation_buffer_wash,130,0,0.0,0.0,0.5,0.1,2.0,0.05,0.2,5.0,29.550360559201746,0.024326044180335432,0.03023611629217578,823.2063406333124,1214.7622663239888,0.006047223258435156,0.004865208836067086,Da<0.1: flow/transport faster than interaction; low capture,143.83832720447577,89.83845960446382,324.9324798927119,558.6092667016514,537.3354854920362,0.9288550944873335,Dissociation model: bulk flow component washes out fast; bound component decays by koff.
SYNTHETIC_SIMULATED_TRAINING_DATA_NOT_EXPERIMENTAL,weak_reversible_interaction,Weak reversible binding; interaction is slow relative to flow at most flow rates.,3,dissociation_buffer_wash,140,10,0.0,0.0,0.5,0.1,2.0,0.05,0.2,5.0,29.550360559201746,0.024326044180335432,0.03023611629217578,823.2063406333124,1214.7622663239888,0.006047223258435156,0.004865208836067086,Da<0.1: flow/transport faster than interaction; low capture,143.83832720447577,1.7327591530342217e-20,254.76892675904946,398.60725396352524,414.92275995537904,0.6398982841265553,Dissociation model: bulk flow component washes out fast; bound component decays by koff.
SYNTHETIC_SIMULATED_TRAINING_DATA_NOT_EXPERIMENTAL,weak_reversible_interaction,Weak reversible binding; interaction is slow relative to flow at most flow rates.,3,dissociation_buffer_wash,150,20,0.0,0.0,0.5,0.1,2.0,0.05,0.2,5.0,29.550360559201746,0.024326044180335432,0.03023611629217578,823.2063406333124,1214.7622663239888,0.006047223258435156,0.004865208836067086,Da<0.1: flow/transport faster than interaction; low capture,143.83832720447577,3.342058952972842e-42,199.7559802682371,343.5943074727129,343.7267605667428,0.4718392134409045,Dissociation model: bulk flow component washes out fast; bound component decays by koff.
SYNTHETIC_SIMULATED_TRAINING_DATA_NOT_EXPERIMENTAL,weak_reversible_interaction,Weak reversible binding; interaction is slow relative to flow at most flow rates.,3,dissociation_buffer_wash,160,30,0.0,0.0,0.5,0.1,2.0,0.05,0.2,5.0,29.550360559201746,0.024326044180335432,0.03023611629217578,823.2063406333124,1214.7622663239888,0.006047223258435156,0.004865208836067086,Da<0.1: flow/transport faster than interaction; low capture,143.83832720447577,6.44599569743282e-64,156.62212876793456,300.46045597241033,291.8033346079769,0.3492732997887646,Dissociation model: bulk flow component washes out fast; bound component decays by koff.
SYNTHETIC_SIMULATED_TRAINING_DATA_NOT_EXPERIMENTAL,weak_reversible_interaction,Weak reversible binding; interaction is slow relative to flow at most flow rates.,3,dissociation_buffer_wash,170,40,0.0,0.0,0.5,0.1,2.0,0.05,0.2,5.0,29.550360559201746,0.024326044180335432,0.03023611629217578,823.2063406333124,1214.7622663239888,0.006047223258435156,0.004865208836067086,Da<0.1: flow/transport faster than interaction; low capture,143.83832720447577,1.2432713221399618e-85,122.80228700467109,266.64061420914686,259.3293916164428,0.27261814040452653,Dissociation model: bulk flow component washes out fast; bound component decays by koff.
SYNTHETIC_SIMULATED_TRAINING_DATA_NOT_EXPERIMENTAL,weak_reversible_interaction,Weak reversible binding; interaction is slow relative to flow at most flow rates.,3,dissociation_buffer_wash,180,50,0.0,0.0,0.5,0.1,2.0,0.05,0.2,5.0,29.550360559201746,0.024326044180335432,0.03023611629217578,823.2063406333124,1214.7622663239888,0.006047223258435156,0.004865208836067086,Da<0.1: flow/transport faster than interaction; low capture,143.83832720447577,2.3979593735553504e-107,96.28525555237532,240.12358275685108,283.1942460463405,0.32895143570169316,Dissociation model: bulk flow component washes out fast; bound component decays by koff.
SYNTHETIC_SIMULATED_TRAINING_DATA_NOT_EXPERIMENTAL,weak_reversible_interaction,Weak reversible binding; interaction is slow relative to flow at most flow rates.,3,dissociation_buffer_wash,190,60,0.0,0.0,0.5,0.1,2.0,0.05,0.2,5.0,29.550360559201746,0.024326044180335432,0.03023611629217578,823.2063406333124,1214.7622663239888,0.006047223258435156,0.004865208836067086,Da<0.1: flow/transport faster than interaction; low capture,143.83832720447577,4.625063777168533e-129,75.49411874091223,219.332445945388,233.86564589812065,0.21251064169189535,Dissociation model: bulk flow component washes out fast; bound component decays by koff.
SYNTHETIC_SIMULATED_TRAINING_DATA_NOT_EXPERIMENTAL,weak_reversible_interaction,Weak reversible binding; interaction is slow relative to flow at most flow rates.,3,dissociation_buffer_wash,200,70,0.0,0.0,0.5,0.1,2.0,0.05,0.2,5.0,29.550360559201746,0.024326044180335432,0.03023611629217578,823.2063406333124,1214.7622663239888,0.006047223258435156,0.004865208836067086,Da<0.1: flow/transport faster than interaction; low capture,143.83832720447577,8.920591057037232e-151,59.19246858483676,203.03079578931255,201.79831575316985,0.13681529715276705,Dissociation model: bulk flow component washes out fast; bound component decays by koff.
SYNTHETIC_SIMULATED_TRAINING_DATA_NOT_EXPERIMENTAL,weak_reversible_interaction,Weak reversible binding; interaction is slow relative to flow at most flow rates.,3,dissociation_buffer_wash,210,80,0.0,0.0,0.5,0.1,2.0,0.05,0.2,5.0,29.550360559201746,0.024326044180335432,0.03023611629217578,823.2063406333124,1214.7622663239888,0.006047223258435156,0.004865208836067086,Da<0.1: flow/transport faster than interaction; low capture,143.83832720447577,1.7205588645008845e-172,46.41087803397477,190.24920523845054,179.4232847765013,0.083998749245698,Dissociation model: bulk flow component washes out fast; bound component decays by koff.
SYNTHETIC_SIMULATED_TRAINING_DATA_NOT_EXPERIMENTAL,weak_reversible_interaction,Weak reversible binding; interaction is slow relative to flow at most flow rates.,3,dissociation_buffer_wash,220,90,0.0,0.0,0.5,0.1,2.0,0.05,0.2,5.0,29.550360559201746,0.024326044180335432,0.03023611629217578,823.2063406333124,1214.7622663239888,0.006047223258435156,0.004865208836067086,Da<0.1: flow/transport faster than interaction; low capture,143.83832720447577,3.3185276483190524e-194,36.38925105475768,180.22757825923344,186.05822716369772,0.09966061594073931,Dissociation model: bulk flow component washes out fast; bound component decays by koff.
SYNTHETIC_SIMULATED_TRAINING_DATA_NOT_EXPERIMENTAL,weak_reversible_interaction,Weak reversible binding; interaction is slow relative to flow at most flow rates.,3,dissociation_buffer_wash,230,100,0.0,0.0,0.5,0.1,2.0,0.05,0.2,5.0,29.550360559201746,0.024326044180335432,0.03023611629217578,823.2063406333124,1214.7622663239888,0.006047223258435156,0.004865208836067086,Da<0.1: flow/transport faster than interaction; low capture,143.83832720447577,6.40060969715943e-216,28.531621215113134,172.36994841958892,172.07881957724675,0.06666204484279817,Dissociation model: bulk flow component washes out fast; bound component decays by koff.
SYNTHETIC_SIMULATED_TRAINING_DATA_NOT_EXPERIMENTAL,weak_reversible_interaction,Weak reversible binding; interaction is slow relative to flow at most flow rates.,3,dissociation_buffer_wash,240,110,0.0,0.0,0.5,0.1,2.0,0.05,0.2,5.0,29.550360559201746,0.024326044180335432,0.03023611629217578,823.2063406333124,1214.7622663239888,0.006047223258435156,0.004865208836067086,Da<0.1: flow/transport faster than interaction; low capture,143.83832720447577,1.2345174980272628e-237,22.370710733719854,166.20903793819562,155.46181337245974,0.027437388340540582,Dissociation model: bulk flow component washes out fast; bound component decays by koff.
SYNTHETIC_SIMULATED_TRAINING_DATA_NOT_EXPERIMENTAL,weak_reversible_interaction,Weak reversible binding; interaction is slow relative to flow at most flow rates.,3,dissociation_buffer_wash,250,120,0.0,0.0,0.5,0.1,2.0,0.05,0.2,5.0,29.550360559201746,0.024326044180335432,0.03023611629217578,823.2063406333124,1214.7622663239888,0.006047223258435156,0.004865208836067086,Da<0.1: flow/transport faster than interaction; low capture,143.83832720447577,2.3810754366288793e-259,17.540142390039936,161.3784695945157,165.8473366437756,0.05195254936853689,Dissociation model: bulk flow component washes out fast; bound component decays by koff.
SYNTHETIC_SIMULATED_TRAINING_DATA_NOT_EXPERIMENTAL,weak_reversible_interaction,Weak reversible binding; interaction is slow relative to flow at most flow rates.,3,dissociation_buffer_wash,260,130,0.0,0.0,0.5,0.1,2.0,0.05,0.2,5.0,29.550360559201746,0.024326044180335432,0.03023611629217578,823.2063406333124,1214.7622663239888,0.006047223258435156,0.004865208836067086,Da<0.1: flow/transport faster than interaction; low capture,143.83832720447577,4.59249888638857e-281,13.752651792110404,157.5909789965862,153.29917296741104,0.0223324478969665,Dissociation model: bulk flow component washes out fast; bound component decays by koff.
SYNTHETIC_SIMULATED_TRAINING_DATA_NOT_EXPERIMENTAL,expected_probe_biofilm_interaction,Moderate affinity case matching the corrected KD scale near 150 uM.,1,association_probe_injection,0,0,200.0,0.00019999999999999998,0.005,0.1,2.0,0.05,20.0,0.049999999999999996,123.67047048860861,0.021050672008219227,0.04578476610594095,170.2158318396486,5874.894181065646,0.915695322118819,0.4210134401643845,0.1<=Da<=1: mixed flow and interaction,139.72825343597984,0.0,0.0,139.72825343597984,136.5762703275611,-0.005302794203940986,Association model: baseline + bulk flow wash-in + binding buildup with random noise.
SYNTHETIC_SIMULATED_TRAINING_DATA_NOT_EXPERIMENTAL,expected_probe_biofilm_interaction,Moderate affinity case matching the corrected KD scale near 150 uM.,1,association_probe_injection,10,10,200.0,0.00019999999999999998,0.005,0.1,2.0,0.05,20.0,0.049999999999999996,123.67047048860861,0.021050672008219227,0.04578476610594095,170.2158318396486,5874.894181065646,0.915695322118819,0.4210134401643845,0.1<=Da<=1: mixed flow and interaction,139.72825343597984,30.453439472613685,189.92430208116093,360.10599498975444,352.74781884504955,0.3583772114007085,Association model: baseline + bulk flow wash-in + binding buildup with random noise.
SYNTHETIC_SIMULATED_TRAINING_DATA_NOT_EXPERIMENTAL,expected_probe_biofilm_interaction,Moderate affinity case matching the corrected KD scale near 150 uM.,1,association_probe_injection,20,20,200.0,0.00019999999999999998,0.005,0.1,2.0,0.05,20.0,0.049999999999999996,123.67047048860861,0.021050672008219227,0.04578476610594095,170.2158318396486,5874.894181065646,0.915695322118819,0.4210134401643845,0.1<=Da<=1: mixed flow and interaction,139.72825343597984,48.924384206456814,310.0787428391061,498.7313804815427,484.7477322410987,0.5804495866643048,Association model: baseline + bulk flow wash-in + binding buildup with random noise.
SYNTHETIC_SIMULATED_TRAINING_DATA_NOT_EXPERIMENTAL,expected_probe_biofilm_interaction,Moderate affinity case matching the corrected KD scale near 150 uM.,1,association_probe_injection,30,30,200.0,0.00019999999999999998,0.005,0.1,2.0,0.05,20.0,0.049999999999999996,123.67047048860861,0.021050672008219227,0.04578476610594095,170.2158318396486,5874.894181065646,0.915695322118819,0.4210134401643845,0.1<=Da<=1: mixed flow and interaction,139.72825343597984,60.127578501390275,386.09371025325567,585.9495421906258,599.7957992538032,0.774002725099632,Association model: baseline + bulk flow wash-in + binding buildup with random noise.
SYNTHETIC_SIMULATED_TRAINING_DATA_NOT_EXPERIMENTAL,expected_probe_biofilm_interaction,Moderate affinity case matching the corrected KD scale near 150 uM.,1,association_probe_injection,40,40,200.0,0.00019999999999999998,0.005,0.1,2.0,0.05,20.0,0.049999999999999996,123.67047048860861,0.021050672008219227,0.04578476610594095,170.2158318396486,5874.894181065646,0.915695322118819,0.4210134401643845,0.1<=Da<=1: mixed flow and interaction,139.72825343597984,66.92265932798509,434.18411152785137,640.8350242918164,618.1837813280757,0.8049380700591866,Association model: baseline + bulk flow wash-in + binding buildup with random noise.
SYNTHETIC_SIMULATED_TRAINING_DATA_NOT_EXPERIMENTAL,expected_probe_biofilm_interaction,Moderate affinity case matching the corrected KD scale near 150 uM.,1,association_probe_injection,50,50,200.0,0.00019999999999999998,0.005,0.1,2.0,0.05,20.0,0.049999999999999996,123.67047048860861,0.021050672008219227,0.04578476610594095,170.2158318396486,5874.894181065646,0.915695322118819,0.4210134401643845,0.1<=Da<=1: mixed flow and interaction,139.72825343597984,71.0440841845403,464.60820790549644,675.3805455260166,675.5267876443567,0.9014100850006227,Association model: baseline + bulk flow wash-in + binding buildup with random noise.
SYNTHETIC_SIMULATED_TRAINING_DATA_NOT_EXPERIMENTAL,expected_probe_biofilm_interaction,Moderate affinity case matching the corrected KD scale near 150 uM.,1,association_probe_injection,60,60,200.0,0.00019999999999999998,0.005,0.1,2.0,0.05,20.0,0.049999999999999996,123.67047048860861,0.021050672008219227,0.04578476610594095,170.2158318396486,5874.894181065646,0.915695322118819,0.4210134401643845,0.1<=Da<=1: mixed flow and interaction,139.72825343597984,73.54385472174278,483.85582522336665,697.1279333810893,712.8773406732821,0.964247444625668,Association model: baseline + bulk flow wash-in + binding buildup with random noise.
SYNTHETIC_SIMULATED_TRAINING_DATA_NOT_EXPERIMENTAL,expected_probe_biofilm_interaction,Moderate affinity case matching the corrected KD scale near 150 uM.,1,association_probe_injection,70,70,200.0,0.00019999999999999998,0.005,0.1,2.0,0.05,20.0,0.049999999999999996,123.67047048860861,0.021050672008219227,0.04578476610594095,170.2158318396486,5874.894181065646,0.915695322118819,0.4210134401643845,0.1<=Da<=1: mixed flow and interaction,139.72825343597984,75.0600421948024,496.0327118535113,710.8210074842935,745.5813385028399,1.0192675904104211,Association model: baseline + bulk flow wash-in + binding buildup with random noise.
SYNTHETIC_SIMULATED_TRAINING_DATA_NOT_EXPERIMENTAL,expected_probe_biofilm_interaction,Moderate affinity case matching the corrected KD scale near 150 uM.,1,association_probe_injection,80,80,200.0,0.00019999999999999998,0.005,0.1,2.0,0.05,20.0,0.049999999999999996,123.67047048860861,0.021050672008219227,0.04578476610594095,170.2158318396486,5874.894181065646,0.915695322118819,0.4210134401643845,0.1<=Da<=1: mixed flow and interaction,139.72825343597984,75.97965638308528,503.7363442332827,719.4442540523478,724.2875492773721,0.9834436096970857,Association model: baseline + bulk flow wash-in + binding buildup with random noise.
SYNTHETIC_SIMULATED_TRAINING_DATA_NOT_EXPERIMENTAL,expected_probe_biofilm_interaction,Moderate affinity case matching the corrected KD scale near 150 uM.,1,association_probe_injection,90,90,200.0,0.00019999999999999998,0.005,0.1,2.0,0.05,20.0,0.049999999999999996,123.67047048860861,0.021050672008219227,0.04578476610594095,170.2158318396486,5874.894181065646,0.915695322118819,0.4210134401643845,0.1<=Da<=1: mixed flow and interaction,139.72825343597984,76.53743058338561,508.60999984371995,724.8756838630854,742.3760091178252,1.0138750481600582,Association model: baseline + bulk flow wash-in + binding buildup with random noise.
SYNTHETIC_SIMULATED_TRAINING_DATA_NOT_EXPERIMENTAL,expected_probe_biofilm_interaction,Moderate affinity case matching the corrected KD scale near 150 uM.,1,association_probe_injection,100,100,200.0,0.00019999999999999998,0.005,0.1,2.0,0.05,20.0,0.049999999999999996,123.67047048860861,0.021050672008219227,0.04578476610594095,170.2158318396486,5874.894181065646,0.915695322118819,0.4210134401643845,0.1<=Da<=1: mixed flow and interaction,139.72825343597984,76.87573773706444,511.6932880690924,728.2972792421367,711.2285540484828,0.9614735794567308,Association model: baseline + bulk flow wash-in + binding buildup with random noise.
SYNTHETIC_SIMULATED_TRAINING_DATA_NOT_EXPERIMENTAL,expected_probe_biofilm_interaction,Moderate affinity case matching the corrected KD scale near 150 uM.,1,association_probe_injection,110,110,200.0,0.00019999999999999998,0.005,0.1,2.0,0.05,20.0,0.049999999999999996,123.67047048860861,0.021050672008219227,0.04578476610594095,170.2158318396486,5874.894181065646,0.915695322118819,0.4210134401643845,0.1<=Da<=1: mixed flow and interaction,139.72825343597984,77.08093139817078,513.6439113877284,730.453096221879,687.8419895301196,0.9221287814320095,Association model: baseline + bulk flow wash-in + binding buildup with random noise.
SYNTHETIC_SIMULATED_TRAINING_DATA_NOT_EXPERIMENTAL,expected_probe_biofilm_interaction,Moderate affinity case matching the corrected KD scale near 150 uM.,1,association_probe_injection,120,120,200.0,0.00019999999999999998,0.005,0.1,2.0,0.05,20.0,0.049999999999999996,123.67047048860861,0.021050672008219227,0.04578476610594095,170.2158318396486,5874.894181065646,0.915695322118819,0.4210134401643845,0.1<=Da<=1: mixed flow and interaction,139.72825343597984,77.20538764481044,514.8779612244889,731.8116023052792,717.2783349108971,0.9716515346642439,Association model: baseline + bulk flow wash-in + binding buildup with random noise.
SYNTHETIC_SIMULATED_TRAINING_DATA_NOT_EXPERIMENTAL,expected_probe_biofilm_interaction,Moderate affinity case matching the corrected KD scale near 150 uM.,1,dissociation_buffer_wash,130,0,0.0,0.0,0.005,0.1,2.0,0.05,20.0,0.049999999999999996,123.67047048860861,0.021050672008219227,0.04578476610594095,170.2158318396486,5874.894181065646,0.915695322118819,0.4210134401643845,0.1<=Da<=1: mixed flow and interaction,139.72825343597984,77.20538764481044,514.8779612244889,731.8116023052792,730.1523061139482,0.993310286481442,Dissociation model: bulk flow component washes out fast; bound component decays by koff.
SYNTHETIC_SIMULATED_TRAINING_DATA_NOT_EXPERIMENTAL,expected_probe_biofilm_interaction,Moderate affinity case matching the corrected KD scale near 150 uM.,1,dissociation_buffer_wash,140,10,0.0,0.0,0.005,0.1,2.0,0.05,20.0,0.049999999999999996,123.67047048860861,0.021050672008219227,0.04578476610594095,170.2158318396486,5874.894181065646,0.915695322118819,0.4210134401643845,0.1<=Da<=1: mixed flow and interaction,139.72825343597984,46.82743470157648,417.1405369160256,603.6962250535819,605.3403473500131,0.7833306930793854,Dissociation model: bulk flow component washes out fast; bound component decays by koff.
SYNTHETIC_SIMULATED_TRAINING_DATA_NOT_EXPERIMENTAL,expected_probe_biofilm_interaction,Moderate affinity case matching the corrected KD scale near 150 uM.,1,dissociation_buffer_wash,150,20,0.0,0.0,0.005,0.1,2.0,0.05,20.0,0.049999999999999996,123.67047048860861,0.021050672008219227,0.04578476610594095,170.2158318396486,5874.894181065646,0.915695322118819,0.4210134401643845,0.1<=Da<=1: mixed flow and interaction,139.72825343597984,28.402274862197448,337.9562549633441,506.0867832615214,485.581158607426,0.5818517161658773,Dissociation model: bulk flow component washes out fast; bound component decays by koff.
SYNTHETIC_SIMULATED_TRAINING_DATA_NOT_EXPERIMENTAL,expected_probe_biofilm_interaction,Moderate affinity case matching the corrected KD scale near 150 uM.,1,dissociation_buffer_wash,160,30,0.0,0.0,0.005,0.1,2.0,0.05,20.0,0.049999999999999996,123.67047048860861,0.021050672008219227,0.04578476610594095,170.2158318396486,5874.894181065646,0.915695322118819,0.4210134401643845,0.1<=Da<=1: mixed flow and interaction,139.72825343597984,17.226850509508164,273.8032393429107,430.7583432883987,449.4696741705275,0.5210989253732398,Dissociation model: bulk flow component washes out fast; bound component decays by koff.
SYNTHETIC_SIMULATED_TRAINING_DATA_NOT_EXPERIMENTAL,expected_probe_biofilm_interaction,Moderate affinity case matching the corrected KD scale near 150 uM.,1,dissociation_buffer_wash,170,40,0.0,0.0,0.005,0.1,2.0,0.05,20.0,0.049999999999999996,123.67047048860861,0.021050672008219227,0.04578476610594095,170.2158318396486,5874.894181065646,0.915695322118819,0.4210134401643845,0.1<=Da<=1: mixed flow and interaction,139.72825343597984,10.448613004302903,221.82815904029513,372.00502548057784,365.3659364062087,0.37960552334478115,Dissociation model: bulk flow component washes out fast; bound component decays by koff.
SYNTHETIC_SIMULATED_TRAINING_DATA_NOT_EXPERIMENTAL,expected_probe_biofilm_interaction,Moderate affinity case matching the corrected KD scale near 150 uM.,1,dissociation_buffer_wash,180,50,0.0,0.0,0.005,0.1,2.0,0.05,20.0,0.049999999999999996,123.67047048860861,0.021050672008219227,0.04578476610594095,170.2158318396486,5874.894181065646,0.915695322118819,0.4210134401643845,0.1<=Da<=1: mixed flow and interaction,139.72825343597984,6.337404138581839,179.71932056500907,325.78497813957074,351.88679251738006,0.35692864861888035,Dissociation model: bulk flow component washes out fast; bound component decays by koff.
SYNTHETIC_SIMULATED_TRAINING_DATA_NOT_EXPERIMENTAL,expected_probe_biofilm_interaction,Moderate affinity case matching the corrected KD scale near 150 uM.,1,dissociation_buffer_wash,190,60,0.0,0.0,0.005,0.1,2.0,0.05,20.0,0.049999999999999996,123.67047048860861,0.021050672008219227,0.04578476610594095,170.2158318396486,5874.894181065646,0.915695322118819,0.4210134401643845,0.1<=Da<=1: mixed flow and interaction,139.72825343597984,3.8438299130396176,145.60385085502773,289.17593420404717,304.5265632129499,0.27725133411104996,Dissociation model: bulk flow component washes out fast; bound component decays by koff.
SYNTHETIC_SIMULATED_TRAINING_DATA_NOT_EXPERIMENTAL,expected_probe_biofilm_interaction,Moderate affinity case matching the corrected KD scale near 150 uM.,1,dissociation_buffer_wash,200,70,0.0,0.0,0.005,0.1,2.0,0.05,20.0,0.049999999999999996,123.67047048860861,0.021050672008219227,0.04578476610594095,170.2158318396486,5874.894181065646,0.915695322118819,0.4210134401643845,0.1<=Da<=1: mixed flow and interaction,139.72825343597984,2.3314006929790736,117.96439757930419,260.02405170826313,279.59193498664405,0.23530212388758184,Dissociation model: bulk flow component washes out fast; bound component decays by koff.
SYNTHETIC_SIMULATED_TRAINING_DATA_NOT_EXPERIMENTAL,expected_probe_biofilm_interaction,Moderate affinity case matching the corrected KD scale near 150 uM.,1,dissociation_buffer_wash,210,80,0.0,0.0,0.005,0.1,2.0,0.05,20.0,0.049999999999999996,123.67047048860861,0.021050672008219227,0.04578476610594095,170.2158318396486,5874.894181065646,0.915695322118819,0.4210134401643845,0.1<=Da<=1: mixed flow and interaction,139.72825343597984,1.4140660003670882,95.57164192108759,236.71396135743453,232.01099335003858,0.1552534901069192,Dissociation model: bulk flow component washes out fast; bound component decays by koff.
SYNTHETIC_SIMULATED_TRAINING_DATA_NOT_EXPERIMENTAL,expected_probe_biofilm_interaction,Moderate affinity case matching the corrected KD scale near 150 uM.,1,dissociation_buffer_wash,220,90,0.0,0.0,0.005,0.1,2.0,0.05,20.0,0.049999999999999996,123.67047048860861,0.021050672008219227,0.04578476610594095,170.2158318396486,5874.894181065646,0.915695322118819,0.4210134401643845,0.1<=Da<=1: mixed flow and interaction,139.72825343597984,0.8576743840798545,77.42962221590705,218.01555003596673,231.66149596997562,0.15466550704433857,Dissociation model: bulk flow component washes out fast; bound component decays by koff.
SYNTHETIC_SIMULATED_TRAINING_DATA_NOT_EXPERIMENTAL,expected_probe_biofilm_interaction,Moderate affinity case matching the corrected KD scale near 150 uM.,1,dissociation_buffer_wash,230,100,0.0,0.0,0.005,0.1,2.0,0.05,20.0,0.049999999999999996,123.67047048860861,0.021050672008219227,0.04578476610594095,170.2158318396486,5874.894181065646,0.915695322118819,0.4210134401643845,0.1<=Da<=1: mixed flow and interaction,139.72825343597984,0.5202058099945808,62.73143660593775,202.97989585191218,203.09223768707884,0.10660151303726406,Dissociation model: bulk flow component washes out fast; bound component decays by koff.
SYNTHETIC_SIMULATED_TRAINING_DATA_NOT_EXPERIMENTAL,expected_probe_biofilm_interaction,Moderate affinity case matching the corrected KD scale near 150 uM.,1,dissociation_buffer_wash,240,110,0.0,0.0,0.005,0.1,2.0,0.05,20.0,0.049999999999999996,123.67047048860861,0.021050672008219227,0.04578476610594095,170.2158318396486,5874.894181065646,0.915695322118819,0.4210134401643845,0.1<=Da<=1: mixed flow and interaction,139.72825343597984,0.3155207731223582,50.82335449954367,190.86712870864585,201.69336789014858,0.10424809983799371,Dissociation model: bulk flow component washes out fast; bound component decays by koff.
SYNTHETIC_SIMULATED_TRAINING_DATA_NOT_EXPERIMENTAL,expected_probe_biofilm_interaction,Moderate affinity case matching the corrected KD scale near 150 uM.,1,dissociation_buffer_wash,250,120,0.0,0.0,0.005,0.1,2.0,0.05,20.0,0.049999999999999996,123.67047048860861,0.021050672008219227,0.04578476610594095,170.2158318396486,5874.894181065646,0.915695322118819,0.4210134401643845,0.1<=Da<=1: mixed flow and interaction,139.72825343597984,0.19137302267494402,41.17574062287289,181.09536708152768,179.46363421131372,0.06684951651677332,Dissociation model: bulk flow component washes out fast; bound component decays by koff.
SYNTHETIC_SIMULATED_TRAINING_DATA_NOT_EXPERIMENTAL,expected_probe_biofilm_interaction,Moderate affinity case matching the corrected KD scale near 150 uM.,1,dissociation_buffer_wash,260,130,0.0,0.0,0.005,0.1,2.0,0.05,20.0,0.049999999999999996,123.67047048860861,0.021050672008219227,0.04578476610594095,170.2158318396486,5874.894181065646,0.915695322118819,0.4210134401643845,0.1<=Da<=1: mixed flow and interaction,139.72825343597984,0.11607360569423457,33.35949845375371,173.20382549542776,143.61110624031562,0.006532385687789184,Dissociation model: bulk flow component washes out fast; bound component decays by koff.
SYNTHETIC_SIMULATED_TRAINING_DATA_NOT_EXPERIMENTAL,expected_probe_biofilm_interaction,Moderate affinity case matching the corrected KD scale near 150 uM.,2,association_probe_injection,0,0,200.0,0.00019999999999999998,0.005,0.1,2.0,0.05,20.0,0.049999999999999996,135.07687002653643,0.021252845038279254,0.04826821904358654,157.33889180363775,6355.7076609387905,0.9653643808717307,0.4250569007655851,0.1<=Da<=1: mixed flow and interaction,135.12002348468323,0.0,0.0,135.12002348468323,152.67911955055217,0.02753694975840682,Association model: baseline + bulk flow wash-in + binding buildup with random noise.
SYNTHETIC_SIMULATED_TRAINING_DATA_NOT_EXPERIMENTAL,expected_probe_biofilm_interaction,Moderate affinity case matching the corrected KD scale near 150 uM.,2,association_probe_injection,10,10,200.0,0.00019999999999999998,0.005,0.1,2.0,0.05,20.0,0.049999999999999996,135.07687002653643,0.021252845038279254,0.04826821904358654,157.33889180363775,6355.7076609387905,0.9653643808717307,0.4250569007655851,0.1<=Da<=1: mixed flow and interaction,135.12002348468323,32.48412755295355,212.53248033213055,380.1366313697673,386.4370862657368,0.394126514558127,Association model: baseline + bulk flow wash-in + binding buildup with random noise.
SYNTHETIC_SIMULATED_TRAINING_DATA_NOT_EXPERIMENTAL,expected_probe_biofilm_interaction,Moderate affinity case matching the corrected KD scale near 150 uM.,2,association_probe_injection,20,20,200.0,0.00019999999999999998,0.005,0.1,2.0,0.05,20.0,0.049999999999999996,135.07687002653643,0.021252845038279254,0.04826821904358654,157.33889180363775,6355.7076609387905,0.9653643808717307,0.4250569007655851,0.1<=Da<=1: mixed flow and interaction,135.12002348468323,52.1867468678358,343.691782942334,530.9985532948531,534.2228164454874,0.6258906219873023,Association model: baseline + bulk flow wash-in + binding buildup with random noise.
SYNTHETIC_SIMULATED_TRAINING_DATA_NOT_EXPERIMENTAL,expected_probe_biofilm_interaction,Moderate affinity case matching the corrected KD scale near 150 uM.,2,association_probe_injection,30,30,200.0,0.00019999999999999998,0.005,0.1,2.0,0.05,20.0,0.049999999999999996,135.07687002653643,0.021252845038279254,0.04826821904358654,157.33889180363775,6355.7076609387905,0.9653643808717307,0.4250569007655851,0.1<=Da<=1: mixed flow and interaction,135.12002348468323,64.13698955895819,424.63358832808797,623.8906013717294,616.0922420465462,0.7542818700942086,Association model: baseline + bulk flow wash-in + binding buildup with random noise.
SYNTHETIC_SIMULATED_TRAINING_DATA_NOT_EXPERIMENTAL,expected_probe_biofilm_interaction,Moderate affinity case matching the corrected KD scale near 150 uM.,2,association_probe_injection,40,40,200.0,0.00019999999999999998,0.005,0.1,2.0,0.05,20.0,0.049999999999999996,135.07687002653643,0.021252845038279254,0.04826821904358654,157.33889180363775,6355.7076609387905,0.9653643808717307,0.4250569007655851,0.1<=Da<=1: mixed flow and interaction,135.12002348468323,71.38517814213075,474.58487450239863,681.0900761292125,660.463488091642,0.823866817319181,Association model: baseline + bulk flow wash-in + binding buildup with random noise.
SYNTHETIC_SIMULATED_TRAINING_DATA_NOT_EXPERIMENTAL,expected_probe_biofilm_interaction,Moderate affinity case matching the corrected KD scale near 150 uM.,2,association_probe_injection,50,50,200.0,0.00019999999999999998,0.005,0.1,2.0,0.05,20.0,0.049999999999999996,135.07687002653643,0.021252845038279254,0.04826821904358654,157.33889180363775,6355.7076609387905,0.9653643808717307,0.4250569007655851,0.1<=Da<=1: mixed flow and interaction,135.12002348468323,75.78142674520397,505.41110797441644,716.3125582043036,711.7940086541522,0.9043656061235898,Association model: baseline + bulk flow wash-in + binding buildup with random noise.
SYNTHETIC_SIMULATED_TRAINING_DATA_NOT_EXPERIMENTAL,expected_probe_biofilm_interaction,Moderate affinity case matching the corrected KD scale near 150 uM.,2,association_probe_injection,60,60,200.0,0.00019999999999999998,0.005,0.1,2.0,0.05,20.0,0.049999999999999996,135.07687002653643,0.021252845038279254,0.04826821904358654,157.33889180363775,6355.7076609387905,0.9653643808717307,0.4250569007655851,0.1<=Da<=1: mixed flow and interaction,135.12002348468323,78.44788631068671,524.4347756885034,738.0026854838733,740.9971362055608,0.9501632401905624,Association model: baseline + bulk flow wash-in + binding buildup with random noise.
SYNTHETIC_SIMULATED_TRAINING_DATA_NOT_EXPERIMENTAL,expected_probe_biofilm_interaction,Moderate affinity case matching the corrected KD scale near 150 uM.,2,association_probe_injection,70,70,200.0,0.00019999999999999998,0.005,0.1,2.0,0.05,20.0,0.049999999999999996,135.07687002653643,0.021252845038279254,0.04826821904358654,157.33889180363775,6355.7076609387905,0.9653643808717307,0.4250569007655851,0.1<=Da<=1: mixed flow and interaction,135.12002348468323,80.06517579003604,536.1747741422394,751.3599734169586,729.5771004278225,0.932253835841323,Association model: baseline + bulk flow wash-in + binding buildup with random noise.
SYNTHETIC_SIMULATED_TRAINING_DATA_NOT_EXPERIMENTAL,expected_probe_biofilm_interaction,Moderate affinity case matching the corrected KD scale near 150 uM.,2,association_probe_injection,80,80,200.0,0.00019999999999999998,0.005,0.1,2.0,0.05,20.0,0.049999999999999996,135.07687002653643,0.021252845038279254,0.04826821904358654,157.33889180363775,6355.7076609387905,0.9653643808717307,0.4250569007655851,0.1<=Da<=1: mixed flow and interaction,135.12002348468323,81.04611144489206,543.4198314973813,759.5859664269566,706.1835449253465,0.8955670291785163,Association model: baseline + bulk flow wash-in + binding buildup with random noise.
SYNTHETIC_SIMULATED_TRAINING_DATA_NOT_EXPERIMENTAL,expected_probe_biofilm_interaction,Moderate affinity case matching the corrected KD scale near 150 uM.,2,association_probe_injection,90,90,200.0,0.00019999999999999998,0.005,0.1,2.0,0.05,20.0,0.049999999999999996,135.07687002653643,0.021252845038279254,0.04826821904358654,157.33889180363775,6355.7076609387905,0.9653643808717307,0.4250569007655851,0.1<=Da<=1: mixed flow and interaction,135.12002348468323,81.64107899476755,547.890944188422,764.6520466678728,729.9457416263712,0.9328319552459458,Association model: baseline + bulk flow wash-in + binding buildup with random noise.
SYNTHETIC_SIMULATED_TRAINING_DATA_NOT_EXPERIMENTAL,expected_probe_biofilm_interaction,Moderate affinity case matching the corrected KD scale near 150 uM.,2,association_probe_injection,100,100,200.0,0.00019999999999999998,0.005,0.1,2.0,0.05,20.0,0.049999999999999996,135.07687002653643,0.021252845038279254,0.04826821904358654,157.33889180363775,6355.7076609387905,0.9653643808717307,0.4250569007655851,0.1<=Da<=1: mixed flow and interaction,135.12002348468323,82.00194505530114,550.6501837245725,767.7721522645568,754.4961836781252,0.971333042476735,Association model: baseline + bulk flow wash-in + binding buildup with random noise.
SYNTHETIC_SIMULATED_TRAINING_DATA_NOT_EXPERIMENTAL,expected_probe_biofilm_interaction,Moderate affinity case matching the corrected KD scale near 150 uM.,2,association_probe_injection,110,110,200.0,0.00019999999999999998,0.005,0.1,2.0,0.05,20.0,0.049999999999999996,135.07687002653643,0.021252845038279254,0.04826821904358654,157.33889180363775,6355.7076609387905,0.9653643808717307,0.4250569007655851,0.1<=Da<=1: mixed flow and interaction,135.12002348468323,82.22082138506447,552.3529819638367,769.6938268335844,782.3933937978068,1.0150826791655285,Association model: baseline + bulk flow wash-in + binding buildup with random noise.
SYNTHETIC_SIMULATED_TRAINING_DATA_NOT_EXPERIMENTAL,expected_probe_biofilm_interaction,Moderate affinity case matching the corrected KD scale near 150 uM.,2,association_probe_injection,120,120,200.0,0.00019999999999999998,0.005,0.1,2.0,0.05,20.0,0.049999999999999996,135.07687002653643,0.021252845038279254,0.04826821904358654,157.33889180363775,6355.7076609387905,0.9653643808717307,0.4250569007655851,0.1<=Da<=1: mixed flow and interaction,135.12002348468323,82.3535765897513,553.4038228950616,770.8774229694961,766.5423825326837,0.9902244234107763,Association model: baseline + bulk flow wash-in + binding buildup with random noise.
SYNTHETIC_SIMULATED_TRAINING_DATA_NOT_EXPERIMENTAL,expected_probe_biofilm_interaction,Moderate affinity case matching the corrected KD scale near 150 uM.,2,dissociation_buffer_wash,130,0,0.0,0.0,0.005,0.1,2.0,0.05,20.0,0.049999999999999996,135.07687002653643,0.021252845038279254,0.04826821904358654,157.33889180363775,6355.7076609387905,0.9653643808717307,0.4250569007655851,0.1<=Da<=1: mixed flow and interaction,135.12002348468323,82.3535765897513,553.4038228950616,770.8774229694961,771.3547827168333,0.9977714418672594,Dissociation model: bulk flow component washes out fast; bound component decays by koff.
SYNTHETIC_SIMULATED_TRAINING_DATA_NOT_EXPERIMENTAL,expected_probe_biofilm_interaction,Moderate affinity case matching the corrected KD scale near 150 uM.,2,dissociation_buffer_wash,140,10,0.0,0.0,0.005,0.1,2.0,0.05,20.0,0.049999999999999996,135.07687002653643,0.021252845038279254,0.04826821904358654,157.33889180363775,6355.7076609387905,0.9653643808717307,0.4250569007655851,0.1<=Da<=1: mixed flow and interaction,135.12002348468323,49.94996913867674,447.4476398558093,632.5176324791693,608.5639936330208,0.7424757385283012,Dissociation model: bulk flow component washes out fast; bound component decays by koff.
SYNTHETIC_SIMULATED_TRAINING_DATA_NOT_EXPERIMENTAL,expected_probe_biofilm_interaction,Moderate affinity case matching the corrected KD scale near 150 uM.,2,dissociation_buffer_wash,150,20,0.0,0.0,0.005,0.1,2.0,0.05,20.0,0.049999999999999996,135.07687002653643,0.021252845038279254,0.04826821904358654,157.33889180363775,6355.7076609387905,0.9653643808717307,0.4250569007655851,0.1<=Da<=1: mixed flow and interaction,135.12002348468323,30.29618773430729,361.77811234690085,527.1943235658914,531.8284887580619,0.6221357315882483,Dissociation model: bulk flow component washes out fast; bound component decays by koff.
SYNTHETIC_SIMULATED_TRAINING_DATA_NOT_EXPERIMENTAL,expected_probe_biofilm_interaction,Moderate affinity case matching the corrected KD scale near 150 uM.,2,dissociation_buffer_wash,160,30,0.0,0.0,0.005,0.1,2.0,0.05,20.0,0.049999999999999996,135.07687002653643,0.021252845038279254,0.04826821904358654,157.33889180363775,6355.7076609387905,0.9653643808717307,0.4250569007655851,0.1<=Da<=1: mixed flow and interaction,135.12002348468323,18.375566733267192,292.51110278615886,446.00669300410925,498.3641928963614,0.5696555452285806,Dissociation model: bulk flow component washes out fast; bound component decays by koff.
SYNTHETIC_SIMULATED_TRAINING_DATA_NOT_EXPERIMENTAL,expected_probe_biofilm_interaction,Moderate affinity case matching the corrected KD scale near 150 uM.,2,dissociation_buffer_wash,170,40,0.0,0.0,0.005,0.1,2.0,0.05,20.0,0.049999999999999996,135.07687002653643,0.021252845038279254,0.04826821904358654,157.33889180363775,6355.7076609387905,0.9653643808717307,0.4250569007655851,0.1<=Da<=1: mixed flow and interaction,135.12002348468323,11.145344613322072,236.5061410103512,382.7715091083565,369.8742534539872,0.3681519488240411,Dissociation model: bulk flow component washes out fast; bound component decays by koff.
SYNTHETIC_SIMULATED_TRAINING_DATA_NOT_EXPERIMENTAL,expected_probe_biofilm_interaction,Moderate affinity case matching the corrected KD scale near 150 uM.,2,dissociation_buffer_wash,180,50,0.0,0.0,0.005,0.1,2.0,0.05,20.0,0.049999999999999996,135.07687002653643,0.021252845038279254,0.04826821904358654,157.33889180363775,6355.7076609387905,0.9653643808717307,0.4250569007655851,0.1<=Da<=1: mixed flow and interaction,135.12002348468323,6.75999322104288,191.2240397127752,333.10405641850133,334.8968485462586,0.31329883804826664,Dissociation model: bulk flow component washes out fast; bound component decays by koff.
SYNTHETIC_SIMULATED_TRAINING_DATA_NOT_EXPERIMENTAL,expected_probe_biofilm_interaction,Moderate affinity case matching the corrected KD scale near 150 uM.,2,dissociation_buffer_wash,190,60,0.0,0.0,0.005,0.1,2.0,0.05,20.0,0.049999999999999996,135.07687002653643,0.021252845038279254,0.04826821904358654,157.33889180363775,6355.7076609387905,0.9653643808717307,0.4250569007655851,0.1<=Da<=1: mixed flow and interaction,135.12002348468323,4.100143148012069,154.61177121177843,293.8319378444737,270.12283382577,0.21171736811853137,Dissociation model: bulk flow component washes out fast; bound component decays by koff.
SYNTHETIC_SIMULATED_TRAINING_DATA_NOT_EXPERIMENTAL,expected_probe_biofilm_interaction,Moderate affinity case matching the corrected KD scale near 150 uM.,2,dissociation_buffer_wash,200,70,0.0,0.0,0.005,0.1,2.0,0.05,20.0,0.049999999999999996,135.07687002653643,0.021252845038279254,0.04826821904358654,157.33889180363775,6355.7076609387905,0.9653643808717307,0.4250569007655851,0.1<=Da<=1: mixed flow and interaction,135.12002348468323,2.486862528479994,125.00938602253733,262.61627203570055,248.6713069722834,0.17807613653179918,Dissociation model: bulk flow component washes out fast; bound component decays by koff.
SYNTHETIC_SIMULATED_TRAINING_DATA_NOT_EXPERIMENTAL,expected_probe_biofilm_interaction,Moderate affinity case matching the corrected KD scale near 150 uM.,2,dissociation_buffer_wash,210,80,0.0,0.0,0.005,0.1,2.0,0.05,20.0,0.049999999999999996,135.07687002653643,0.021252845038279254,0.04826821904358654,157.33889180363775,6355.7076609387905,0.9653643808717307,0.4250569007655851,0.1<=Da<=1: mixed flow and interaction,135.12002348468323,1.5083583700135985,101.07475304921186,237.7031349039087,230.9216975889001,0.15024041537690244,Dissociation model: bulk flow component washes out fast; bound component decays by koff.
SYNTHETIC_SIMULATED_TRAINING_DATA_NOT_EXPERIMENTAL,expected_probe_biofilm_interaction,Moderate affinity case matching the corrected KD scale near 150 uM.,2,dissociation_buffer_wash,220,90,0.0,0.0,0.005,0.1,2.0,0.05,20.0,0.049999999999999996,135.07687002653643,0.021252845038279254,0.04826821904358654,157.33889180363775,6355.7076609387905,0.9653643808717307,0.4250569007655851,0.1<=Da<=1: mixed flow and interaction,135.12002348468323,0.9148655972474198,81.72270922214874,217.7575983040794,230.66256752565613,0.14983403617004157,Dissociation model: bulk flow component washes out fast; bound component decays by koff.
SYNTHETIC_SIMULATED_TRAINING_DATA_NOT_EXPERIMENTAL,expected_probe_biofilm_interaction,Moderate affinity case matching the corrected KD scale near 150 uM.,2,dissociation_buffer_wash,230,100,0.0,0.0,0.005,0.1,2.0,0.05,20.0,0.049999999999999996,135.07687002653643,0.021252845038279254,0.04826821904358654,157.33889180363775,6355.7076609387905,0.9653643808717307,0.4250569007655851,0.1<=Da<=1: mixed flow and interaction,135.12002348468323,0.5548940342468699,66.07585970906264,201.75077722799273,213.1975096554597,0.12244456126227006,Dissociation model: bulk flow component washes out fast; bound component decays by koff.
SYNTHETIC_SIMULATED_TRAINING_DATA_NOT_EXPERIMENTAL,expected_probe_biofilm_interaction,Moderate affinity case matching the corrected KD scale near 150 uM.,2,dissociation_buffer_wash,240,110,0.0,0.0,0.005,0.1,2.0,0.05,20.0,0.049999999999999996,135.07687002653643,0.021252845038279254,0.04826821904358654,157.33889180363775,6355.7076609387905,0.9653643808717307,0.4250569007655851,0.1<=Da<=1: mixed flow and interaction,135.12002348468323,0.33656024466235895,53.42479804999459,188.8813817793402,189.89908215700333,0.0859069385356683,Dissociation model: bulk flow component washes out fast; bound component decays by koff.
SYNTHETIC_SIMULATED_TRAINING_DATA_NOT_EXPERIMENTAL,expected_probe_biofilm_interaction,Moderate affinity case matching the corrected KD scale near 150 uM.,2,dissociation_buffer_wash,250,120,0.0,0.0,0.005,0.1,2.0,0.05,20.0,0.049999999999999996,135.07687002653643,0.021252845038279254,0.04826821904358654,157.33889180363775,6355.7076609387905,0.9653643808717307,0.4250569007655851,0.1<=Da<=1: mixed flow and interaction,135.12002348468323,0.20413410722810588,43.19594265212772,178.52010024403904,186.1732626648767,0.08006394389752107,Dissociation model: bulk flow component washes out fast; bound component decays by koff.
SYNTHETIC_SIMULATED_TRAINING_DATA_NOT_EXPERIMENTAL,expected_probe_biofilm_interaction,Moderate affinity case matching the corrected KD scale near 150 uM.,2,dissociation_buffer_wash,260,130,0.0,0.0,0.005,0.1,2.0,0.05,20.0,0.049999999999999996,135.07687002653643,0.021252845038279254,0.04826821904358654,157.33889180363775,6355.7076609387905,0.9653643808717307,0.4250569007655851,0.1<=Da<=1: mixed flow and interaction,135.12002348468323,0.12381359472691252,34.925531395735355,170.16936847514552,191.98407623044457,0.08917671830289267,Dissociation model: bulk flow component washes out fast; bound component decays by koff.
SYNTHETIC_SIMULATED_TRAINING_DATA_NOT_EXPERIMENTAL,expected_probe_biofilm_interaction,Moderate affinity case matching the corrected KD scale near 150 uM.,3,association_probe_injection,0,0,200.0,0.00019999999999999998,0.005,0.1,2.0,0.05,20.0,0.049999999999999996,158.6129205232017,0.016655099821500104,0.04837768392614044,105.00468540999987,9523.38456227371,0.9675536785228088,0.33310199643000205,0.1<=Da<=1: mixed flow and interaction,142.62561324939034,0.0,0.0,142.62561324939034,111.92010448960312,-0.04867317222902232,Association model: baseline + bulk flow wash-in + binding buildup with random noise.
SYNTHETIC_SIMULATED_TRAINING_DATA_NOT_EXPERIMENTAL,expected_probe_biofilm_interaction,Moderate affinity case matching the corrected KD scale near 150 uM.,3,association_probe_injection,10,10,200.0,0.00019999999999999998,0.005,0.1,2.0,0.05,20.0,0.049999999999999996,158.6129205232017,0.016655099821500104,0.04837768392614044,105.00468540999987,9523.38456227371,0.9675536785228088,0.33310199643000205,0.1<=Da<=1: mixed flow and interaction,142.62561324939034,33.46215040493151,209.34383433364326,385.4315979879651,396.7468166326859,0.4028229981820131,Association model: baseline + bulk flow wash-in + binding buildup with random noise.
SYNTHETIC_SIMULATED_TRAINING_DATA_NOT_EXPERIMENTAL,expected_probe_biofilm_interaction,Moderate affinity case matching the corrected KD scale near 150 uM.,3,association_probe_injection,20,20,200.0,0.00019999999999999998,0.005,0.1,2.0,0.05,20.0,0.049999999999999996,158.6129205232017,0.016655099821500104,0.04837768392614044,105.00468540999987,9523.38456227371,0.9675536785228088,0.33310199643000205,0.1<=Da<=1: mixed flow and interaction,142.62561324939034,53.757970565437994,338.3939988892887,534.7775827041171,519.9238433383011,0.5980784060114074,Association model: baseline + bulk flow wash-in + binding buildup with random noise.
SYNTHETIC_SIMULATED_TRAINING_DATA_NOT_EXPERIMENTAL,expected_probe_biofilm_interaction,Moderate affinity case matching the corrected KD scale near 150 uM.,3,association_probe_injection,30,30,200.0,0.00019999999999999998,0.005,0.1,2.0,0.05,20.0,0.049999999999999996,158.6129205232017,0.016655099821500104,0.04837768392614044,105.00468540999987,9523.38456227371,0.9675536785228088,0.33310199643000205,0.1<=Da<=1: mixed flow and interaction,142.62561324939034,66.06800775679895,417.9470701552752,626.6406911614645,597.040657273781,0.7203209650192813,Association model: baseline + bulk flow wash-in + binding buildup with random noise.
SYNTHETIC_SIMULATED_TRAINING_DATA_NOT_EXPERIMENTAL,expected_probe_biofilm_interaction,Moderate affinity case matching the corrected KD scale near 150 uM.,3,association_probe_injection,40,40,200.0,0.00019999999999999998,0.005,0.1,2.0,0.05,20.0,0.049999999999999996,158.6129205232017,0.016655099821500104,0.04837768392614044,105.00468540999987,9523.38456227371,0.9675536785228088,0.33310199643000205,0.1<=Da<=1: mixed flow and interaction,142.62561324939034,73.53442273556216,466.98762093366827,683.1476569186208,673.0440059926292,0.8407985024903321,Association model: baseline + bulk flow wash-in + binding buildup with random noise.
SYNTHETIC_SIMULATED_TRAINING_DATA_NOT_EXPERIMENTAL,expected_probe_biofilm_interaction,Moderate affinity case matching the corrected KD scale near 150 uM.,3,association_probe_injection,50,50,200.0,0.00019999999999999998,0.005,0.1,2.0,0.05,20.0,0.049999999999999996,158.6129205232017,0.016655099821500104,0.04837768392614044,105.00468540999987,9523.38456227371,0.9675536785228088,0.33310199643000205,0.1<=Da<=1: mixed flow and interaction,142.62561324939034,78.0630323383197,497.21870544588137,717.9073510335913,703.2603561987557,0.8886962797009593,Association model: baseline + bulk flow wash-in + binding buildup with random noise.
SYNTHETIC_SIMULATED_TRAINING_DATA_NOT_EXPERIMENTAL,expected_probe_biofilm_interaction,Moderate affinity case matching the corrected KD scale near 150 uM.,3,association_probe_injection,60,60,200.0,0.00019999999999999998,0.005,0.1,2.0,0.05,20.0,0.049999999999999996,158.6129205232017,0.016655099821500104,0.04837768392614044,105.00468540999987,9523.38456227371,0.9675536785228088,0.33310199643000205,0.1<=Da<=1: mixed flow and interaction,142.62561324939034,80.80977290826121,515.8546802927879,739.2900664504394,746.1816731431796,0.9567334735568176,Association model: baseline + bulk flow wash-in + binding buildup with random noise.
SYNTHETIC_SIMULATED_TRAINING_DATA_NOT_EXPERIMENTAL,expected_probe_biofilm_interaction,Moderate affinity case matching the corrected KD scale near 150 uM.,3,association_probe_injection,70,70,200.0,0.00019999999999999998,0.005,0.1,2.0,0.05,20.0,0.049999999999999996,158.6129205232017,0.016655099821500104,0.04837768392614044,105.00468540999987,9523.38456227371,0.9675536785228088,0.33310199643000205,0.1<=Da<=1: mixed flow and interaction,142.62561324939034,82.47575527820727,527.3428410418414,752.4442095694391,764.4884073953474,0.9857525930958381,Association model: baseline + bulk flow wash-in + binding buildup with random noise.
SYNTHETIC_SIMULATED_TRAINING_DATA_NOT_EXPERIMENTAL,expected_probe_biofilm_interaction,Moderate affinity case matching the corrected KD scale near 150 uM.,3,association_probe_injection,80,80,200.0,0.00019999999999999998,0.005,0.1,2.0,0.05,20.0,0.049999999999999996,158.6129205232017,0.016655099821500104,0.04837768392614044,105.00468540999987,9523.38456227371,0.9675536785228088,0.33310199643000205,0.1<=Da<=1: mixed flow and interaction,142.62561324939034,83.48622466412027,534.4247263996126,760.5365643131232,707.3454981021592,0.8951718869608773,Association model: baseline + bulk flow wash-in + binding buildup with random noise.
SYNTHETIC_SIMULATED_TRAINING_DATA_NOT_EXPERIMENTAL,expected_probe_biofilm_interaction,Moderate affinity case matching the corrected KD scale near 150 uM.,3,association_probe_injection,90,90,200.0,0.00019999999999999998,0.005,0.1,2.0,0.05,20.0,0.049999999999999996,158.6129205232017,0.016655099821500104,0.04837768392614044,105.00468540999987,9523.38456227371,0.9675536785228088,0.33310199643000205,0.1<=Da<=1: mixed flow and interaction,142.62561324939034,84.09910532737752,538.7903599693503,765.5150785461182,771.3190786664361,0.9965803061885762,Association model: baseline + bulk flow wash-in + binding buildup with random noise.
SYNTHETIC_SIMULATED_TRAINING_DATA_NOT_EXPERIMENTAL,expected_probe_biofilm_interaction,Moderate affinity case matching the corrected KD scale near 150 uM.,3,association_probe_injection,100,100,200.0,0.00019999999999999998,0.005,0.1,2.0,0.05,20.0,0.049999999999999996,158.6129205232017,0.016655099821500104,0.04837768392614044,105.00468540999987,9523.38456227371,0.9675536785228088,0.33310199643000205,0.1<=Da<=1: mixed flow and interaction,142.62561324939034,84.47083624038804,541.4815580758416,768.5780075656199,744.7225052060637,0.9544204575807618,Association model: baseline + bulk flow wash-in + binding buildup with random noise.
SYNTHETIC_SIMULATED_TRAINING_DATA_NOT_EXPERIMENTAL,expected_probe_biofilm_interaction,Moderate affinity case matching the corrected KD scale near 150 uM.,3,association_probe_injection,110,110,200.0,0.00019999999999999998,0.005,0.1,2.0,0.05,20.0,0.049999999999999996,158.6129205232017,0.016655099821500104,0.04837768392614044,105.00468540999987,9523.38456227371,0.9675536785228088,0.33310199643000205,0.1<=Da<=1: mixed flow and interaction,142.62561324939034,84.6963024362919,543.1405491782067,770.462464863889,799.3220025370869,1.040969446493504,Association model: baseline + bulk flow wash-in + binding buildup with random noise.
SYNTHETIC_SIMULATED_TRAINING_DATA_NOT_EXPERIMENTAL,expected_probe_biofilm_interaction,Moderate affinity case matching the corrected KD scale near 150 uM.,3,association_probe_injection,120,120,200.0,0.00019999999999999998,0.005,0.1,2.0,0.05,20.0,0.049999999999999996,158.6129205232017,0.016655099821500104,0.04837768392614044,105.00468540999987,9523.38456227371,0.9675536785228088,0.33310199643000205,0.1<=Da<=1: mixed flow and interaction,142.62561324939034,84.83305459683636,544.1632354944197,771.6219033406464,805.5863618179285,1.0508994639560445,Association model: baseline + bulk flow wash-in + binding buildup with random noise.
SYNTHETIC_SIMULATED_TRAINING_DATA_NOT_EXPERIMENTAL,expected_probe_biofilm_interaction,Moderate affinity case matching the corrected KD scale near 150 uM.,3,dissociation_buffer_wash,130,0,0.0,0.0,0.005,0.1,2.0,0.05,20.0,0.049999999999999996,158.6129205232017,0.016655099821500104,0.04837768392614044,105.00468540999987,9523.38456227371,0.9675536785228088,0.33310199643000205,0.1<=Da<=1: mixed flow and interaction,142.62561324939034,84.83305459683636,544.1632354944197,771.6219033406464,784.5522351305385,1.0175569885405842,Dissociation model: bulk flow component washes out fast; bound component decays by koff.
SYNTHETIC_SIMULATED_TRAINING_DATA_NOT_EXPERIMENTAL,expected_probe_biofilm_interaction,Moderate affinity case matching the corrected KD scale near 150 uM.,3,dissociation_buffer_wash,140,10,0.0,0.0,0.005,0.1,2.0,0.05,20.0,0.049999999999999996,158.6129205232017,0.016655099821500104,0.04837768392614044,105.00468540999987,9523.38456227371,0.9675536785228088,0.33310199643000205,0.1<=Da<=1: mixed flow and interaction,142.62561324939034,51.453848570057005,460.67751697685236,654.7569787962997,618.6972314149886,0.754650119807495,Dissociation model: bulk flow component washes out fast; bound component decays by koff.
SYNTHETIC_SIMULATED_TRAINING_DATA_NOT_EXPERIMENTAL,expected_probe_biofilm_interaction,Moderate affinity case matching the corrected KD scale near 150 uM.,3,dissociation_buffer_wash,150,20,0.0,0.0,0.005,0.1,2.0,0.05,20.0,0.049999999999999996,158.6129205232017,0.016655099821500104,0.04837768392614044,105.00468540999987,9523.38456227371,0.9675536785228088,0.33310199643000205,0.1<=Da<=1: mixed flow and interaction,142.62561324939034,31.208336717950623,390.0002073001758,563.8341572675167,572.3330456098873,0.6811554248130415,Dissociation model: bulk flow component washes out fast; bound component decays by koff.
SYNTHETIC_SIMULATED_TRAINING_DATA_NOT_EXPERIMENTAL,expected_probe_biofilm_interaction,Moderate affinity case matching the corrected KD scale near 150 uM.,3,dissociation_buffer_wash,160,30,0.0,0.0,0.005,0.1,2.0,0.05,20.0,0.049999999999999996,158.6129205232017,0.016655099821500104,0.04837768392614044,105.00468540999987,9523.38456227371,0.9675536785228088,0.33310199643000205,0.1<=Da<=1: mixed flow and interaction,142.62561324939034,18.928813058072592,330.16623579184284,491.72066209930574,554.9903847879457,0.6536645167906553,Dissociation model: bulk flow component washes out fast; bound component decays by koff.
SYNTHETIC_SIMULATED_TRAINING_DATA_NOT_EXPERIMENTAL,expected_probe_biofilm_interaction,Moderate affinity case matching the corrected KD scale near 150 uM.,3,dissociation_buffer_wash,170,40,0.0,0.0,0.005,0.1,2.0,0.05,20.0,0.049999999999999996,158.6129205232017,0.016655099821500104,0.04837768392614044,105.00468540999987,9523.38456227371,0.9675536785228088,0.33310199643000205,0.1<=Da<=1: mixed flow and interaction,142.62561324939034,11.48090547168988,279.5120136258082,433.6185323468884,385.1402108762385,0.3844246604310433,Dissociation model: bulk flow component washes out fast; bound component decays by koff.
SYNTHETIC_SIMULATED_TRAINING_DATA_NOT_EXPERIMENTAL,expected_probe_biofilm_interaction,Moderate affinity case matching the corrected KD scale near 150 uM.,3,dissociation_buffer_wash,180,50,0.0,0.0,0.005,0.1,2.0,0.05,20.0,0.049999999999999996,158.6129205232017,0.016655099821500104,0.04837768392614044,105.00468540999987,9523.38456227371,0.9675536785228088,0.33310199643000205,0.1<=Da<=1: mixed flow and interaction,142.62561324939034,6.963521169842444,236.62918036964277,386.21831478887555,402.00084296345506,0.4111514753453115,Dissociation model: bulk flow component washes out fast; bound component decays by koff.
SYNTHETIC_SIMULATED_TRAINING_DATA_NOT_EXPERIMENTAL,expected_probe_biofilm_interaction,Moderate affinity case matching the corrected KD scale near 150 uM.,3,dissociation_buffer_wash,190,60,0.0,0.0,0.005,0.1,2.0,0.05,20.0,0.049999999999999996,158.6129205232017,0.016655099821500104,0.04837768392614044,105.00468540999987,9523.38456227371,0.9675536785228088,0.33310199643000205,0.1<=Da<=1: mixed flow and interaction,142.62561324939034,4.223589089067429,200.32544675295807,347.17464909141586,359.9280984572592,0.34445940534842545,Dissociation model: bulk flow component washes out fast; bound component decays by koff.
SYNTHETIC_SIMULATED_TRAINING_DATA_NOT_EXPERIMENTAL,expected_probe_biofilm_interaction,Moderate affinity case matching the corrected KD scale near 150 uM.,3,dissociation_buffer_wash,200,70,0.0,0.0,0.005,0.1,2.0,0.05,20.0,0.049999999999999996,158.6129205232017,0.016655099821500104,0.04837768392614044,105.00468540999987,9523.38456227371,0.9675536785228088,0.33310199643000205,0.1<=Da<=1: mixed flow and interaction,142.62561324939034,2.5617362765471476,169.5914449523258,314.7787944782633,296.17283136714286,0.24339704810624394,Dissociation model: bulk flow component washes out fast; bound component decays by koff.
SYNTHETIC_SIMULATED_TRAINING_DATA_NOT_EXPERIMENTAL,expected_probe_biofilm_interaction,Moderate affinity case matching the corrected KD scale near 150 uM.,3,dissociation_buffer_wash,210,80,0.0,0.0,0.005,0.1,2.0,0.05,20.0,0.049999999999999996,158.6129205232017,0.016655099821500104,0.04837768392614044,105.00468540999987,9523.38456227371,0.9675536785228088,0.33310199643000205,0.1<=Da<=1: mixed flow and interaction,142.62561324939034,1.5537715938239267,143.57266471735971,287.752049560574,276.17881494146934,0.21170331482046945,Dissociation model: bulk flow component washes out fast; bound component decays by koff.
SYNTHETIC_SIMULATED_TRAINING_DATA_NOT_EXPERIMENTAL,expected_probe_biofilm_interaction,Moderate affinity case matching the corrected KD scale near 150 uM.,3,dissociation_buffer_wash,220,90,0.0,0.0,0.005,0.1,2.0,0.05,20.0,0.049999999999999996,158.6129205232017,0.016655099821500104,0.04837768392614044,105.00468540999987,9523.38456227371,0.9675536785228088,0.33310199643000205,0.1<=Da<=1: mixed flow and interaction,142.62561324939034,0.9424101098447757,121.54569506638727,265.1137184256224,276.2078736631398,0.21174937757017626,Dissociation model: bulk flow component washes out fast; bound component decays by koff.
SYNTHETIC_SIMULATED_TRAINING_DATA_NOT_EXPERIMENTAL,expected_probe_biofilm_interaction,Moderate affinity case matching the corrected KD scale near 150 uM.,3,dissociation_buffer_wash,230,100,0.0,0.0,0.005,0.1,2.0,0.05,20.0,0.049999999999999996,158.6129205232017,0.016655099821500104,0.04837768392614044,105.00468540999987,9523.38456227371,0.9675536785228088,0.33310199643000205,0.1<=Da<=1: mixed flow and interaction,142.62561324939034,0.5716006256440072,102.89811098968138,246.09532486471574,250.84002379291212,0.17153725356750818,Dissociation model: bulk flow component washes out fast; bound component decays by koff.
SYNTHETIC_SIMULATED_TRAINING_DATA_NOT_EXPERIMENTAL,expected_probe_biofilm_interaction,Moderate affinity case matching the corrected KD scale near 150 uM.,3,dissociation_buffer_wash,240,110,0.0,0.0,0.005,0.1,2.0,0.05,20.0,0.049999999999999996,158.6129205232017,0.016655099821500104,0.04837768392614044,105.00468540999987,9523.38456227371,0.9675536785228088,0.33310199643000205,0.1<=Da<=1: mixed flow and interaction,142.62561324939034,0.346693304564014,87.11144594188795,230.0837524958423,235.60623524276087,0.14738924743601303,Dissociation model: bulk flow component washes out fast; bound component decays by koff.
SYNTHETIC_SIMULATED_TRAINING_DATA_NOT_EXPERIMENTAL,expected_probe_biofilm_interaction,Moderate affinity case matching the corrected KD scale near 150 uM.,3,dissociation_buffer_wash,250,120,0.0,0.0,0.005,0.1,2.0,0.05,20.0,0.049999999999999996,158.6129205232017,0.016655099821500104,0.04837768392614044,105.00468540999987,9523.38456227371,0.9675536785228088,0.33310199643000205,0.1<=Da<=1: mixed flow and interaction,142.62561324939034,0.21028011873516433,73.74677670076403,216.58267006888954,204.3677342568554,0.0978711967644437,Dissociation model: bulk flow component washes out fast; bound component decays by koff.
SYNTHETIC_SIMULATED_TRAINING_DATA_NOT_EXPERIMENTAL,expected_probe_biofilm_interaction,Moderate affinity case matching the corrected KD scale near 150 uM.,3,dissociation_buffer_wash,260,130,0.0,0.0,0.005,0.1,2.0,0.05,20.0,0.049999999999999996,158.6129205232017,0.016655099821500104,0.04837768392614044,105.00468540999987,9523.38456227371,0.9675536785228088,0.33310199643000205,0.1<=Da<=1: mixed flow and interaction,142.62561324939034,0.12754133914089014,62.43251980205259,205.1856743905838,173.71095447289122,0.04927526780311424,Dissociation model: bulk flow component washes out fast; bound component decays by koff.
SYNTHETIC_SIMULATED_TRAINING_DATA_NOT_EXPERIMENTAL,expected_probe_biofilm_interaction,Moderate affinity case matching the corrected KD scale near 150 uM.,1,association_probe_injection,0,0,200.0,0.00019999999999999998,0.05,0.1,2.0,0.05,2.0,0.5,146.02466529523056,0.021341643173308913,0.05054657623235502,146.1509473770112,6842.240970360586,0.10109315246471004,0.042683286346617826,Da<0.1: flow/transport faster than interaction; low capture,142.50253753980357,0.0,0.0,142.50253753980357,137.89859487934328,-0.007054371250863239,Association model: baseline + bulk flow wash-in + binding buildup with random noise.
SYNTHETIC_SIMULATED_TRAINING_DATA_NOT_EXPERIMENTAL,expected_probe_biofilm_interaction,Moderate affinity case matching the corrected KD scale near 150 uM.,1,association_probe_injection,10,10,200.0,0.00019999999999999998,0.05,0.1,2.0,0.05,2.0,0.5,146.02466529523056,0.021341643173308913,0.05054657623235502,146.1509473770112,6842.240970360586,0.10109315246471004,0.042683286346617826,Da<0.1: flow/transport faster than interaction; low capture,142.50253753980357,79.3243463707701,227.26281937612904,449.08970328670273,450.3809098863644,0.471745305886804,Association model: baseline + bulk flow wash-in + binding buildup with random noise.
SYNTHETIC_SIMULATED_TRAINING_DATA_NOT_EXPERIMENTAL,expected_probe_biofilm_interaction,Moderate affinity case matching the corrected KD scale near 150 uM.,1,association_probe_injection,20,20,200.0,0.00019999999999999998,0.05,0.1,2.0,0.05,2.0,0.5,146.02466529523056,0.021341643173308913,0.05054657623235502,146.1509473770112,6842.240970360586,0.10109315246471004,0.042683286346617826,Da<0.1: flow/transport faster than interaction; low capture,142.50253753980357,79.85882961235345,364.3533314892902,586.7146986414473,571.7359304395289,0.6576910118336657,Association model: baseline + bulk flow wash-in + binding buildup with random noise.
SYNTHETIC_SIMULATED_TRAINING_DATA_NOT_EXPERIMENTAL,expected_probe_biofilm_interaction,Moderate affinity case matching the corrected KD scale near 150 uM.,1,association_probe_injection,30,30,200.0,0.00019999999999999998,0.05,0.1,2.0,0.05,2.0,0.5,146.02466529523056,0.021341643173308913,0.05054657623235502,146.1509473770112,6842.240970360586,0.10109315246471004,0.042683286346617826,Da<0.1: flow/transport faster than interaction; low capture,142.50253753980357,79.86243093210713,447.0496940665066,669.4146625384174,708.3756235446531,0.8670565912631877,Association model: baseline + bulk flow wash-in + binding buildup with random noise.
SYNTHETIC_SIMULATED_TRAINING_DATA_NOT_EXPERIMENTAL,expected_probe_biofilm_interaction,Moderate affinity case matching the corrected KD scale near 150 uM.,1,association_probe_injection,40,40,200.0,0.00019999999999999998,0.05,0.1,2.0,0.05,2.0,0.5,146.02466529523056,0.021341643173308913,0.05054657623235502,146.1509473770112,6842.240970360586,0.10109315246471004,0.042683286346617826,Da<0.1: flow/transport faster than interaction; low capture,142.50253753980357,79.86245519760875,496.93417022819347,719.2991629656058,742.2164815874262,0.9189090997949979,Association model: baseline + bulk flow wash-in + binding buildup with random noise.
SYNTHETIC_SIMULATED_TRAINING_DATA_NOT_EXPERIMENTAL,expected_probe_biofilm_interaction,Moderate affinity case matching the corrected KD scale near 150 uM.,1,association_probe_injection,50,50,200.0,0.00019999999999999998,0.05,0.1,2.0,0.05,2.0,0.5,146.02466529523056,0.021341643173308913,0.05054657623235502,146.1509473770112,6842.240970360586,0.10109315246471004,0.042683286346617826,Da<0.1: flow/transport faster than interaction; low capture,142.50253753980357,79.86245536110843,527.0257109486495,749.3907038495615,726.473955949583,0.8947876828995766,Association model: baseline + bulk flow wash-in + binding buildup with random noise.
SYNTHETIC_SIMULATED_TRAINING_DATA_NOT_EXPERIMENTAL,expected_probe_biofilm_interaction,Moderate affinity case matching the corrected KD scale near 150 uM.,1,association_probe_injection,60,60,200.0,0.00019999999999999998,0.05,0.1,2.0,0.05,2.0,0.5,146.02466529523056,0.021341643173308913,0.05054657623235502,146.1509473770112,6842.240970360586,0.10109315246471004,0.042683286346617826,Da<0.1: flow/transport faster than interaction; low capture,142.50253753980357,79.86245536221007,545.1776670801709,767.5426599821844,798.2346508202236,1.0047426975840568,Association model: baseline + bulk flow wash-in + binding buildup with random noise.
SYNTHETIC_SIMULATED_TRAINING_DATA_NOT_EXPERIMENTAL,expected_probe_biofilm_interaction,Moderate affinity case matching the corrected KD scale near 150 uM.,1,association_probe_injection,70,70,200.0,0.00019999999999999998,0.05,0.1,2.0,0.05,2.0,0.5,146.02466529523056,0.021341643173308913,0.05054657623235502,146.1509473770112,6842.240970360586,0.10109315246471004,0.042683286346617826,Da<0.1: flow/transport faster than interaction; low capture,142.50253753980357,79.86245536221749,556.1273726622679,778.492365564289,858.8861658145797,1.097675719398605,Association model: baseline + bulk flow wash-in + binding buildup with random noise.
SYNTHETIC_SIMULATED_TRAINING_DATA_NOT_EXPERIMENTAL,expected_probe_biofilm_interaction,Moderate affinity case matching the corrected KD scale near 150 uM.,1,association_probe_injection,80,80,200.0,0.00019999999999999998,0.05,0.1,2.0,0.05,2.0,0.5,146.02466529523056,0.021341643173308913,0.05054657623235502,146.1509473770112,6842.240970360586,0.10109315246471004,0.042683286346617826,Da<0.1: flow/transport faster than interaction; low capture,142.50253753980357,79.86245536221755,562.7325038925271,785.0974967945483,786.250143865839,0.9863794885804223,Association model: baseline + bulk flow wash-in + binding buildup with random noise.
SYNTHETIC_SIMULATED_TRAINING_DATA_NOT_EXPERIMENTAL,expected_probe_biofilm_interaction,Moderate affinity case matching the corrected KD scale near 150 uM.,1,association_probe_injection,90,90,200.0,0.00019999999999999998,0.05,0.1,2.0,0.05,2.0,0.5,146.02466529523056,0.021341643173308913,0.05054657623235502,146.1509473770112,6842.240970360586,0.10109315246471004,0.042683286346617826,Da<0.1: flow/transport faster than interaction; low capture,142.50253753980357,79.86245536221755,566.7168812113362,789.0818741133573,777.9391059902581,0.9736449367021258,Association model: baseline + bulk flow wash-in + binding buildup with random noise.
SYNTHETIC_SIMULATED_TRAINING_DATA_NOT_EXPERIMENTAL,expected_probe_biofilm_interaction,Moderate affinity case matching the corrected KD scale near 150 uM.,1,association_probe_injection,100,100,200.0,0.00019999999999999998,0.05,0.1,2.0,0.05,2.0,0.5,146.02466529523056,0.021341643173308913,0.05054657623235502,146.1509473770112,6842.240970360586,0.10109315246471004,0.042683286346617826,Da<0.1: flow/transport faster than interaction; low capture,142.50253753980357,79.86245536221755,569.1203554293674,791.4853483313884,817.8492827889677,1.0347971326761605,Association model: baseline + bulk flow wash-in + binding buildup with random noise.
SYNTHETIC_SIMULATED_TRAINING_DATA_NOT_EXPERIMENTAL,expected_probe_biofilm_interaction,Moderate affinity case matching the corrected KD scale near 150 uM.,1,association_probe_injection,110,110,200.0,0.00019999999999999998,0.05,0.1,2.0,0.05,2.0,0.5,146.02466529523056,0.021341643173308913,0.05054657623235502,146.1509473770112,6842.240970360586,0.10109315246471004,0.042683286346617826,Da<0.1: flow/transport faster than interaction; low capture,142.50253753980357,79.86245536221755,570.5701900847025,792.9351829867237,833.1736696091538,1.0582778581747314,Association model: baseline + bulk flow wash-in + binding buildup with random noise.
SYNTHETIC_SIMULATED_TRAINING_DATA_NOT_EXPERIMENTAL,expected_probe_biofilm_interaction,Moderate affinity case matching the corrected KD scale near 150 uM.,1,association_probe_injection,120,120,200.0,0.00019999999999999998,0.05,0.1,2.0,0.05,2.0,0.5,146.02466529523056,0.021341643173308913,0.05054657623235502,146.1509473770112,6842.240970360586,0.10109315246471004,0.042683286346617826,Da<0.1: flow/transport faster than interaction; low capture,142.50253753980357,79.86245536221755,571.444765943283,793.809758845304,795.1319338982295,0.9999885729851431,Association model: baseline + bulk flow wash-in + binding buildup with random noise.
SYNTHETIC_SIMULATED_TRAINING_DATA_NOT_EXPERIMENTAL,expected_probe_biofilm_interaction,Moderate affinity case matching the corrected KD scale near 150 uM.,1,dissociation_buffer_wash,130,0,0.0,0.0,0.05,0.1,2.0,0.05,2.0,0.5,146.02466529523056,0.021341643173308913,0.05054657623235502,146.1509473770112,6842.240970360586,0.10109315246471004,0.042683286346617826,Da<0.1: flow/transport faster than interaction; low capture,142.50253753980357,79.86245536221755,571.444765943283,793.809758845304,809.0168386338953,1.021263658278769,Dissociation model: bulk flow component washes out fast; bound component decays by koff.
SYNTHETIC_SIMULATED_TRAINING_DATA_NOT_EXPERIMENTAL,expected_probe_biofilm_interaction,Moderate affinity case matching the corrected KD scale near 150 uM.,1,dissociation_buffer_wash,140,10,0.0,0.0,0.05,0.1,2.0,0.05,2.0,0.5,146.02466529523056,0.021341643173308913,0.05054657623235502,146.1509473770112,6842.240970360586,0.10109315246471004,0.042683286346617826,Da<0.1: flow/transport faster than interaction; low capture,142.50253753980357,0.5381089914474507,461.6243196299073,604.6649661611583,587.7559291161296,0.6822375855939435,Dissociation model: bulk flow component washes out fast; bound component decays by koff.
SYNTHETIC_SIMULATED_TRAINING_DATA_NOT_EXPERIMENTAL,expected_probe_biofilm_interaction,Moderate affinity case matching the corrected KD scale near 150 uM.,1,dissociation_buffer_wash,150,20,0.0,0.0,0.05,0.1,2.0,0.05,2.0,0.5,146.02466529523056,0.021341643173308913,0.05054657623235502,146.1509473770112,6842.240970360586,0.10109315246471004,0.042683286346617826,Da<0.1: flow/transport faster than interaction; low capture,142.50253753980357,0.0036257498641042584,372.90920343283904,515.4153667225067,547.2652298026835,0.6201958865047624,Dissociation model: bulk flow component washes out fast; bound component decays by koff.
SYNTHETIC_SIMULATED_TRAINING_DATA_NOT_EXPERIMENTAL,expected_probe_biofilm_interaction,Moderate affinity case matching the corrected KD scale near 150 uM.,1,dissociation_buffer_wash,160,30,0.0,0.0,0.05,0.1,2.0,0.05,2.0,0.5,146.02466529523056,0.021341643173308913,0.05054657623235502,146.1509473770112,6842.240970360586,0.10109315246471004,0.042683286346617826,Da<0.1: flow/transport faster than interaction; low capture,142.50253753980357,2.443011041627583e-05,301.24338794889,443.745949918804,432.0201588252401,0.4436121243982009,Dissociation model: bulk flow component washes out fast; bound component decays by koff.
SYNTHETIC_SIMULATED_TRAINING_DATA_NOT_EXPERIMENTAL,expected_probe_biofilm_interaction,Moderate affinity case matching the corrected KD scale near 150 uM.,1,dissociation_buffer_wash,170,40,0.0,0.0,0.05,0.1,2.0,0.05,2.0,0.5,146.02466529523056,0.021341643173308913,0.05054657623235502,146.1509473770112,6842.240970360586,0.10109315246471004,0.042683286346617826,Da<0.1: flow/transport faster than interaction; low capture,142.50253753980357,1.6460878916667233e-07,243.35033286264567,385.85287056705806,413.7229566075107,0.41557631535033646,Dissociation model: bulk flow component washes out fast; bound component decays by koff.
SYNTHETIC_SIMULATED_TRAINING_DATA_NOT_EXPERIMENTAL,expected_probe_biofilm_interaction,Moderate affinity case matching the corrected KD scale near 150 uM.,1,dissociation_buffer_wash,180,50,0.0,0.0,0.05,0.1,2.0,0.05,2.0,0.5,146.02466529523056,0.021341643173308913,0.05054657623235502,146.1509473770112,6842.240970360586,0.10109315246471004,0.042683286346617826,Da<0.1: flow/transport faster than interaction; low capture,142.50253753980357,1.1091252969886722e-09,196.58318447277534,339.08572201368804,342.7280156024079,0.3067946237180046,Dissociation model: bulk flow component washes out fast; bound component decays by koff.
SYNTHETIC_SIMULATED_TRAINING_DATA_NOT_EXPERIMENTAL,expected_probe_biofilm_interaction,Moderate affinity case matching the corrected KD scale near 150 uM.,1,dissociation_buffer_wash,190,60,0.0,0.0,0.05,0.1,2.0,0.05,2.0,0.5,146.02466529523056,0.021341643173308913,0.05054657623235502,146.1509473770112,6842.240970360586,0.10109315246471004,0.042683286346617826,Da<0.1: flow/transport faster than interaction; low capture,142.50253753980357,7.473227466454601e-12,158.8037623078559,301.30629984766693,305.26313077274074,0.24938921579902695,Dissociation model: bulk flow component washes out fast; bound component decays by koff.
SYNTHETIC_SIMULATED_TRAINING_DATA_NOT_EXPERIMENTAL,expected_probe_biofilm_interaction,Moderate affinity case matching the corrected KD scale near 150 uM.,1,dissociation_buffer_wash,200,70,0.0,0.0,0.05,0.1,2.0,0.05,2.0,0.5,146.02466529523056,0.021341643173308913,0.05054657623235502,146.1509473770112,6842.240970360586,0.10109315246471004,0.042683286346617826,Da<0.1: flow/transport faster than interaction; low capture,142.50253753980357,5.035421058108086e-14,128.2848021348566,270.7873396746602,264.7027674502187,0.1872407743329117,Dissociation model: bulk flow component washes out fast; bound component decays by koff.
SYNTHETIC_SIMULATED_TRAINING_DATA_NOT_EXPERIMENTAL,expected_probe_biofilm_interaction,Moderate affinity case matching the corrected KD scale near 150 uM.,1,dissociation_buffer_wash,210,80,0.0,0.0,0.05,0.1,2.0,0.05,2.0,0.5,146.02466529523056,0.021341643173308913,0.05054657623235502,146.1509473770112,6842.240970360586,0.10109315246471004,0.042683286346617826,Da<0.1: flow/transport faster than interaction; low capture,142.50253753980357,3.392840020761115e-16,103.63098593895967,246.13352347876324,252.70199155565888,0.1688526373159812,Dissociation model: bulk flow component washes out fast; bound component decays by koff.
SYNTHETIC_SIMULATED_TRAINING_DATA_NOT_EXPERIMENTAL,expected_probe_biofilm_interaction,Moderate affinity case matching the corrected KD scale near 150 uM.,1,dissociation_buffer_wash,220,90,0.0,0.0,0.05,0.1,2.0,0.05,2.0,0.5,146.02466529523056,0.021341643173308913,0.05054657623235502,146.1509473770112,6842.240970360586,0.10109315246471004,0.042683286346617826,Da<0.1: flow/transport faster than interaction; low capture,142.50253753980357,2.286077623626443e-18,83.71514838828155,226.21768592808513,228.38008406874613,0.1315854996482243,Dissociation model: bulk flow component washes out fast; bound component decays by koff.
SYNTHETIC_SIMULATED_TRAINING_DATA_NOT_EXPERIMENTAL,expected_probe_biofilm_interaction,Moderate affinity case matching the corrected KD scale near 150 uM.,1,dissociation_buffer_wash,230,100,0.0,0.0,0.05,0.1,2.0,0.05,2.0,0.5,146.02466529523056,0.021341643173308913,0.05054657623235502,146.1509473770112,6842.240970360586,0.10109315246471004,0.042683286346617826,Da<0.1: flow/transport faster than interaction; low capture,142.50253753980357,1.5403469863790225e-20,67.62674316154782,210.12928070135138,188.46306161538757,0.07042281444942942,Dissociation model: bulk flow component washes out fast; bound component decays by koff.
SYNTHETIC_SIMULATED_TRAINING_DATA_NOT_EXPERIMENTAL,expected_probe_biofilm_interaction,Moderate affinity case matching the corrected KD scale near 150 uM.,1,dissociation_buffer_wash,240,110,0.0,0.0,0.05,0.1,2.0,0.05,2.0,0.5,146.02466529523056,0.021341643173308913,0.05054657623235502,146.1509473770112,6842.240970360586,0.10109315246471004,0.042683286346617826,Da<0.1: flow/transport faster than interaction; low capture,142.50253753980357,1.0378776354422878e-22,54.63021303415781,197.13275057396137,214.9447655602366,0.11099929090879036,Dissociation model: bulk flow component washes out fast; bound component decays by koff.
SYNTHETIC_SIMULATED_TRAINING_DATA_NOT_EXPERIMENTAL,expected_probe_biofilm_interaction,Moderate affinity case matching the corrected KD scale near 150 uM.,1,dissociation_buffer_wash,250,120,0.0,0.0,0.05,0.1,2.0,0.05,2.0,0.5,146.02466529523056,0.021341643173308913,0.05054657623235502,146.1509473770112,6842.240970360586,0.10109315246471004,0.042683286346617826,Da<0.1: flow/transport faster than interaction; low capture,142.50253753980357,6.993164499146284e-25,44.13136041503789,186.63389795484147,184.73821639916073,0.06471543645948742,Dissociation model: bulk flow component washes out fast; bound component decays by koff.
SYNTHETIC_SIMULATED_TRAINING_DATA_NOT_EXPERIMENTAL,expected_probe_biofilm_interaction,Moderate affinity case matching the corrected KD scale near 150 uM.,1,dissociation_buffer_wash,260,130,0.0,0.0,0.05,0.1,2.0,0.05,2.0,0.5,146.02466529523056,0.021341643173308913,0.05054657623235502,146.1509473770112,6842.240970360586,0.10109315246471004,0.042683286346617826,Da<0.1: flow/transport faster than interaction; low capture,142.50253753980357,4.711957175113372e-27,35.65018080497401,178.15271834477758,174.75220085137556,0.0494144072794398,Dissociation model: bulk flow component washes out fast; bound component decays by koff.
SYNTHETIC_SIMULATED_TRAINING_DATA_NOT_EXPERIMENTAL,expected_probe_biofilm_interaction,Moderate affinity case matching the corrected KD scale near 150 uM.,2,association_probe_injection,0,0,200.0,0.00019999999999999998,0.05,0.1,2.0,0.05,2.0,0.5,136.9953042929696,0.02139834676849904,0.048797407627092955,156.1976658903423,6402.1443233476,0.09759481525418591,0.04279669353699808,Da<0.1: flow/transport faster than interaction; low capture,141.64851679841584,0.0,0.0,141.64851679841584,143.4078532827006,0.0030839704810000255,Association model: baseline + bulk flow wash-in + binding buildup with random noise.
SYNTHETIC_SIMULATED_TRAINING_DATA_NOT_EXPERIMENTAL,expected_probe_biofilm_interaction,Moderate affinity case matching the corrected KD scale near 150 uM.,2,association_probe_injection,10,10,200.0,0.00019999999999999998,0.05,0.1,2.0,0.05,2.0,0.5,136.9953042929696,0.02139834676849904,0.048797407627092955,156.1976658903423,6402.1443233476,0.09759481525418591,0.04279669353699808,Da<0.1: flow/transport faster than interaction; low capture,141.64851679841584,83.6331414474923,187.76682527251694,413.0484835184251,408.0267671049288,0.46693891024473494,Association model: baseline + bulk flow wash-in + binding buildup with random noise.
SYNTHETIC_SIMULATED_TRAINING_DATA_NOT_EXPERIMENTAL,expected_probe_biofilm_interaction,Moderate affinity case matching the corrected KD scale near 150 uM.,2,association_probe_injection,20,20,200.0,0.00019999999999999998,0.05,0.1,2.0,0.05,2.0,0.5,136.9953042929696,0.02139834676849904,0.048797407627092955,156.1976658903423,6402.1443233476,0.09759481525418591,0.04279669353699808,Da<0.1: flow/transport faster than interaction; low capture,141.64851679841584,84.19665712193252,303.03101846716527,528.8761923875136,531.0611112128064,0.6826078790674626,Association model: baseline + bulk flow wash-in + binding buildup with random noise.
SYNTHETIC_SIMULATED_TRAINING_DATA_NOT_EXPERIMENTAL,expected_probe_biofilm_interaction,Moderate affinity case matching the corrected KD scale near 150 uM.,2,association_probe_injection,30,30,200.0,0.00019999999999999998,0.05,0.1,2.0,0.05,2.0,0.5,136.9953042929696,0.02139834676849904,0.048797407627092955,156.1976658903423,6402.1443233476,0.09759481525418591,0.04279669353699808,Da<0.1: flow/transport faster than interaction; low capture,141.64851679841584,84.20045406068006,373.7881088825286,599.6370797416246,611.9346693760234,0.8243724978863566,Association model: baseline + bulk flow wash-in + binding buildup with random noise.
SYNTHETIC_SIMULATED_TRAINING_DATA_NOT_EXPERIMENTAL,expected_probe_biofilm_interaction,Moderate affinity case matching the corrected KD scale near 150 uM.,2,association_probe_injection,40,40,200.0,0.00019999999999999998,0.05,0.1,2.0,0.05,2.0,0.5,136.9953042929696,0.02139834676849904,0.048797407627092955,156.1976658903423,6402.1443233476,0.09759481525418591,0.04279669353699808,Da<0.1: flow/transport faster than interaction; low capture,141.64851679841584,84.2004796442521,417.2236781194837,643.0726745621516,624.3656679587391,0.8461630041487411,Association model: baseline + bulk flow wash-in + binding buildup with random noise.
SYNTHETIC_SIMULATED_TRAINING_DATA_NOT_EXPERIMENTAL,expected_probe_biofilm_interaction,Moderate affinity case matching the corrected KD scale near 150 uM.,2,association_probe_injection,50,50,200.0,0.00019999999999999998,0.05,0.1,2.0,0.05,2.0,0.5,136.9953042929696,0.02139834676849904,0.048797407627092955,156.1976658903423,6402.1443233476,0.09759481525418591,0.04279669353699808,Da<0.1: flow/transport faster than interaction; low capture,141.64851679841584,84.20047981663285,443.88741830245567,669.7364149175044,711.552593790728,0.9989944312218321,Association model: baseline + bulk flow wash-in + binding buildup with random noise.
SYNTHETIC_SIMULATED_TRAINING_DATA_NOT_EXPERIMENTAL,expected_probe_biofilm_interaction,Moderate affinity case matching the corrected KD scale near 150 uM.,2,association_probe_injection,60,60,200.0,0.00019999999999999998,0.05,0.1,2.0,0.05,2.0,0.5,136.9953042929696,0.02139834676849904,0.048797407627092955,156.1976658903423,6402.1443233476,0.09759481525418591,0.04279669353699808,Da<0.1: flow/transport faster than interaction; low capture,141.64851679841584,84.20047981779433,460.2554561349186,686.1044527511287,647.1724973392529,0.886141478535523,Association model: baseline + bulk flow wash-in + binding buildup with random noise.
SYNTHETIC_SIMULATED_TRAINING_DATA_NOT_EXPERIMENTAL,expected_probe_biofilm_interaction,Moderate affinity case matching the corrected KD scale near 150 uM.,2,association_probe_injection,70,70,200.0,0.00019999999999999998,0.05,0.1,2.0,0.05,2.0,0.5,136.9953042929696,0.02139834676849904,0.048797407627092955,156.1976658903423,6402.1443233476,0.09759481525418591,0.04279669353699808,Da<0.1: flow/transport faster than interaction; low capture,141.64851679841584,84.20047981780216,470.30328365823163,696.1522802744496,683.9684627662717,0.950641744522423,Association model: baseline + bulk flow wash-in + binding buildup with random noise.
SYNTHETIC_SIMULATED_TRAINING_DATA_NOT_EXPERIMENTAL,expected_probe_biofilm_interaction,Moderate affinity case matching the corrected KD scale near 150 uM.,2,association_probe_injection,80,80,200.0,0.00019999999999999998,0.05,0.1,2.0,0.05,2.0,0.5,136.9953042929696,0.02139834676849904,0.048797407627092955,156.1976658903423,6402.1443233476,0.09759481525418591,0.04279669353699808,Da<0.1: flow/transport faster than interaction; low capture,141.64851679841584,84.20047981780222,476.4713313479807,702.3203279641988,736.9709909027496,1.0435507665607653,Association model: baseline + bulk flow wash-in + binding buildup with random noise.
SYNTHETIC_SIMULATED_TRAINING_DATA_NOT_EXPERIMENTAL,expected_probe_biofilm_interaction,Moderate affinity case matching the corrected KD scale near 150 uM.,2,association_probe_injection,90,90,200.0,0.00019999999999999998,0.05,0.1,2.0,0.05,2.0,0.5,136.9953042929696,0.02139834676849904,0.048797407627092955,156.1976658903423,6402.1443233476,0.09759481525418591,0.04279669353699808,Da<0.1: flow/transport faster than interaction; low capture,141.64851679841584,84.20047981780222,480.2577032990066,706.1066999152247,730.6966923745415,1.0325524432594428,Association model: baseline + bulk flow wash-in + binding buildup with random noise.
SYNTHETIC_SIMULATED_TRAINING_DATA_NOT_EXPERIMENTAL,expected_probe_biofilm_interaction,Moderate affinity case matching the corrected KD scale near 150 uM.,2,association_probe_injection,100,100,200.0,0.00019999999999999998,0.05,0.1,2.0,0.05,2.0,0.5,136.9953042929696,0.02139834676849904,0.048797407627092955,156.1976658903423,6402.1443233476,0.09759481525418591,0.04279669353699808,Da<0.1: flow/transport faster than interaction; low capture,141.64851679841584,84.20047981780222,482.58203885421676,708.4310354704348,712.338556277283,1.0003721580690614,Association model: baseline + bulk flow wash-in + binding buildup with random noise.
SYNTHETIC_SIMULATED_TRAINING_DATA_NOT_EXPERIMENTAL,expected_probe_biofilm_interaction,Moderate affinity case matching the corrected KD scale near 150 uM.,2,association_probe_injection,110,110,200.0,0.00019999999999999998,0.05,0.1,2.0,0.05,2.0,0.5,136.9953042929696,0.02139834676849904,0.048797407627092955,156.1976658903423,6402.1443233476,0.09759481525418591,0.04279669353699808,Da<0.1: flow/transport faster than interaction; low capture,141.64851679841584,84.20047981780222,484.0088759011557,709.8578725173738,688.5364866380155,0.958649110312196,Association model: baseline + bulk flow wash-in + binding buildup with random noise.
SYNTHETIC_SIMULATED_TRAINING_DATA_NOT_EXPERIMENTAL,expected_probe_biofilm_interaction,Moderate affinity case matching the corrected KD scale near 150 uM.,2,association_probe_injection,120,120,200.0,0.00019999999999999998,0.05,0.1,2.0,0.05,2.0,0.5,136.9953042929696,0.02139834676849904,0.048797407627092955,156.1976658903423,6402.1443233476,0.09759481525418591,0.04279669353699808,Da<0.1: flow/transport faster than interaction; low capture,141.64851679841584,84.20047981780222,484.8847666278427,710.7337632440608,762.3976119895501,1.0881215178432553,Association model: baseline + bulk flow wash-in + binding buildup with random noise.
SYNTHETIC_SIMULATED_TRAINING_DATA_NOT_EXPERIMENTAL,expected_probe_biofilm_interaction,Moderate affinity case matching the corrected KD scale near 150 uM.,2,dissociation_buffer_wash,130,0,0.0,0.0,0.05,0.1,2.0,0.05,2.0,0.5,136.9953042929696,0.02139834676849904,0.048797407627092955,156.1976658903423,6402.1443233476,0.09759481525418591,0.04279669353699808,Da<0.1: flow/transport faster than interaction; low capture,141.64851679841584,84.20047981780222,484.8847666278427,710.7337632440608,671.7165364639453,0.9291651370688331,Dissociation model: bulk flow component washes out fast; bound component decays by koff.
SYNTHETIC_SIMULATED_TRAINING_DATA_NOT_EXPERIMENTAL,expected_probe_biofilm_interaction,Moderate affinity case matching the corrected KD scale near 150 uM.,2,dissociation_buffer_wash,140,10,0.0,0.0,0.05,0.1,2.0,0.05,2.0,0.5,136.9953042929696,0.02139834676849904,0.048797407627092955,156.1976658903423,6402.1443233476,0.09759481525418591,0.04279669353699808,Da<0.1: flow/transport faster than interaction; low capture,141.64851679841584,0.5673383703099169,391.47740523337256,533.6932604020983,543.7740950850663,0.7048926820813773,Dissociation model: bulk flow component washes out fast; bound component decays by koff.
SYNTHETIC_SIMULATED_TRAINING_DATA_NOT_EXPERIMENTAL,expected_probe_biofilm_interaction,Moderate affinity case matching the corrected KD scale near 150 uM.,2,dissociation_buffer_wash,150,20,0.0,0.0,0.05,0.1,2.0,0.05,2.0,0.5,136.9953042929696,0.02139834676849904,0.048797407627092955,156.1976658903423,6402.1443233476,0.09759481525418591,0.04279669353699808,Da<0.1: flow/transport faster than interaction; low capture,141.64851679841584,0.0038226958696957443,316.06387611240353,457.71621560668905,469.96465851236627,0.5755108806791336,Dissociation model: bulk flow component washes out fast; bound component decays by koff.
SYNTHETIC_SIMULATED_TRAINING_DATA_NOT_EXPERIMENTAL,expected_probe_biofilm_interaction,Moderate affinity case matching the corrected KD scale near 150 uM.,2,dissociation_buffer_wash,160,30,0.0,0.0,0.05,0.1,2.0,0.05,2.0,0.5,136.9953042929696,0.02139834676849904,0.048797407627092955,156.1976658903423,6402.1443233476,0.09759481525418591,0.04279669353699808,Da<0.1: flow/transport faster than interaction; low capture,141.64851679841584,2.5757122163632848e-05,255.17787858955813,396.8264211450961,367.930745584645,0.3966539204894246,Dissociation model: bulk flow component washes out fast; bound component decays by koff.
SYNTHETIC_SIMULATED_TRAINING_DATA_NOT_EXPERIMENTAL,expected_probe_biofilm_interaction,Moderate affinity case matching the corrected KD scale near 150 uM.,2,dissociation_buffer_wash,170,40,0.0,0.0,0.05,0.1,2.0,0.05,2.0,0.5,136.9953042929696,0.02139834676849904,0.048797407627092955,156.1976658903423,6402.1443233476,0.09759481525418591,0.04279669353699808,Da<0.1: flow/transport faster than interaction; low capture,141.64851679841584,1.7355012398752772e-07,206.02085414629852,347.6693711182645,354.6701526032764,0.37340920426805724,Dissociation model: bulk flow component washes out fast; bound component decays by koff.
SYNTHETIC_SIMULATED_TRAINING_DATA_NOT_EXPERIMENTAL,expected_probe_biofilm_interaction,Moderate affinity case matching the corrected KD scale near 150 uM.,2,dissociation_buffer_wash,180,50,0.0,0.0,0.05,0.1,2.0,0.05,2.0,0.5,136.9953042929696,0.02139834676849904,0.048797407627092955,156.1976658903423,6402.1443233476,0.09759481525418591,0.04279669353699808,Da<0.1: flow/transport faster than interaction; low capture,141.64851679841584,1.1693715371126732e-09,166.33335372867717,307.9818705282624,346.0298951610997,0.358263551837194,Dissociation model: bulk flow component washes out fast; bound component decays by koff.
SYNTHETIC_SIMULATED_TRAINING_DATA_NOT_EXPERIMENTAL,expected_probe_biofilm_interaction,Moderate affinity case matching the corrected KD scale near 150 uM.,2,dissociation_buffer_wash,190,60,0.0,0.0,0.05,0.1,2.0,0.05,2.0,0.5,136.9953042929696,0.02139834676849904,0.048797407627092955,156.1976658903423,6402.1443233476,0.09759481525418591,0.04279669353699808,Da<0.1: flow/transport faster than interaction; low capture,141.64851679841584,7.879163439304296e-12,134.29118463406937,275.93970143249305,281.7845644334375,0.24564683225228534,Dissociation model: bulk flow component washes out fast; bound component decays by koff.
SYNTHETIC_SIMULATED_TRAINING_DATA_NOT_EXPERIMENTAL,expected_probe_biofilm_interaction,Moderate affinity case matching the corrected KD scale near 150 uM.,2,dissociation_buffer_wash,200,70,0.0,0.0,0.05,0.1,2.0,0.05,2.0,0.5,136.9953042929696,0.02139834676849904,0.048797407627092955,156.1976658903423,6402.1443233476,0.09759481525418591,0.04279669353699808,Da<0.1: flow/transport faster than interaction; low capture,141.64851679841584,5.308938565116431e-14,108.42156348172327,250.07008028013917,256.3957239312982,0.2011423071913801,Dissociation model: bulk flow component washes out fast; bound component decays by koff.
SYNTHETIC_SIMULATED_TRAINING_DATA_NOT_EXPERIMENTAL,expected_probe_biofilm_interaction,Moderate affinity case matching the corrected KD scale near 150 uM.,2,dissociation_buffer_wash,210,80,0.0,0.0,0.05,0.1,2.0,0.05,2.0,0.5,136.9953042929696,0.02139834676849904,0.048797407627092955,156.1976658903423,6402.1443233476,0.09759481525418591,0.04279669353699808,Da<0.1: flow/transport faster than interaction; low capture,141.64851679841584,3.577134667315536e-16,87.53542132980094,229.18393812821677,240.52597000751783,0.17332394891890313,Dissociation model: bulk flow component washes out fast; bound component decays by koff.
SYNTHETIC_SIMULATED_TRAINING_DATA_NOT_EXPERIMENTAL,expected_probe_biofilm_interaction,Moderate affinity case matching the corrected KD scale near 150 uM.,2,dissociation_buffer_wash,220,90,0.0,0.0,0.05,0.1,2.0,0.05,2.0,0.5,136.9953042929696,0.02139834676849904,0.048797407627092955,156.1976658903423,6402.1443233476,0.09759481525418591,0.04279669353699808,Da<0.1: flow/transport faster than interaction; low capture,141.64851679841584,2.4102543796963308e-18,70.67274941739274,212.32126621580858,216.70981933823936,0.13157621828796356,Dissociation model: bulk flow component washes out fast; bound component decays by koff.
SYNTHETIC_SIMULATED_TRAINING_DATA_NOT_EXPERIMENTAL,expected_probe_biofilm_interaction,Moderate affinity case matching the corrected KD scale near 150 uM.,2,dissociation_buffer_wash,230,100,0.0,0.0,0.05,0.1,2.0,0.05,2.0,0.5,136.9953042929696,0.02139834676849904,0.048797407627092955,156.1976658903423,6402.1443233476,0.09759481525418591,0.04279669353699808,Da<0.1: flow/transport faster than interaction; low capture,141.64851679841584,1.6240166264707496e-20,57.05847340810353,198.70699020651938,179.5014517737389,0.06635304566571816,Dissociation model: bulk flow component washes out fast; bound component decays by koff.
SYNTHETIC_SIMULATED_TRAINING_DATA_NOT_EXPERIMENTAL,expected_probe_biofilm_interaction,Moderate affinity case matching the corrected KD scale near 150 uM.,2,dissociation_buffer_wash,240,110,0.0,0.0,0.05,0.1,2.0,0.05,2.0,0.5,136.9953042929696,0.02139834676849904,0.048797407627092955,156.1976658903423,6402.1443233476,0.09759481525418591,0.04279669353699808,Da<0.1: flow/transport faster than interaction; low capture,141.64851679841584,1.0942537954793491e-22,46.06682794290764,187.7153447413235,194.04222225707312,0.09184180653787741,Dissociation model: bulk flow component washes out fast; bound component decays by koff.
SYNTHETIC_SIMULATED_TRAINING_DATA_NOT_EXPERIMENTAL,expected_probe_biofilm_interaction,Moderate affinity case matching the corrected KD scale near 150 uM.,2,dissociation_buffer_wash,250,120,0.0,0.0,0.05,0.1,2.0,0.05,2.0,0.5,136.9953042929696,0.02139834676849904,0.048797407627092955,156.1976658903423,6402.1443233476,0.09759481525418591,0.04279669353699808,Da<0.1: flow/transport faster than interaction; low capture,141.64851679841584,7.373024077487963e-25,37.19259401742189,178.84111081583774,162.172804467494,0.03597736867301017,Dissociation model: bulk flow component washes out fast; bound component decays by koff.
SYNTHETIC_SIMULATED_TRAINING_DATA_NOT_EXPERIMENTAL,expected_probe_biofilm_interaction,Moderate affinity case matching the corrected KD scale near 150 uM.,2,dissociation_buffer_wash,260,130,0.0,0.0,0.05,0.1,2.0,0.05,2.0,0.5,136.9953042929696,0.02139834676849904,0.048797407627092955,156.1976658903423,6402.1443233476,0.09759481525418591,0.04279669353699808,Da<0.1: flow/transport faster than interaction; low capture,141.64851679841584,4.967904545709491e-27,30.02787714099022,171.67639393940607,156.33007293475566,0.025735546408579297,Dissociation model: bulk flow component washes out fast; bound component decays by koff.
SYNTHETIC_SIMULATED_TRAINING_DATA_NOT_EXPERIMENTAL,expected_probe_biofilm_interaction,Moderate affinity case matching the corrected KD scale near 150 uM.,3,association_probe_injection,0,0,200.0,0.00019999999999999998,0.05,0.1,2.0,0.05,2.0,0.5,119.7436933542746,0.017843067641224113,0.04179180631207903,149.01050018921228,6710.936469109281,0.08358361262415806,0.035686135282448225,Da<0.1: flow/transport faster than interaction; low capture,141.764273833057,0.0,0.0,141.764273833057,139.27588190252806,-0.00393590882181332,Association model: baseline + bulk flow wash-in + binding buildup with random noise.
SYNTHETIC_SIMULATED_TRAINING_DATA_NOT_EXPERIMENTAL,expected_probe_biofilm_interaction,Moderate affinity case matching the corrected KD scale near 150 uM.,3,association_probe_injection,10,10,200.0,0.00019999999999999998,0.05,0.1,2.0,0.05,2.0,0.5,119.7436933542746,0.017843067641224113,0.04179180631207903,149.01050018921228,6710.936469109281,0.08358361262415806,0.035686135282448225,Da<0.1: flow/transport faster than interaction; low capture,141.764273833057,80.40082349782966,188.30894865718642,410.47404598807304,392.0630622321381,0.39589953546414375,Association model: baseline + bulk flow wash-in + binding buildup with random noise.
SYNTHETIC_SIMULATED_TRAINING_DATA_NOT_EXPERIMENTAL,expected_probe_biofilm_interaction,Moderate affinity case matching the corrected KD scale near 150 uM.,3,association_probe_injection,20,20,200.0,0.00019999999999999998,0.05,0.1,2.0,0.05,2.0,0.5,119.7436933542746,0.017843067641224113,0.04179180631207903,149.01050018921228,6710.936469109281,0.08358361262415806,0.035686135282448225,Da<0.1: flow/transport faster than interaction; low capture,141.764273833057,80.94255998524086,312.2946063091358,535.0014401274336,530.2057636527978,0.6144009180317704,Association model: baseline + bulk flow wash-in + binding buildup with random noise.
SYNTHETIC_SIMULATED_TRAINING_DATA_NOT_EXPERIMENTAL,expected_probe_biofilm_interaction,Moderate affinity case matching the corrected KD scale near 150 uM.,3,association_probe_injection,30,30,200.0,0.00019999999999999998,0.05,0.1,2.0,0.05,2.0,0.5,119.7436933542746,0.017843067641224113,0.04179180631207903,149.01050018921228,6710.936469109281,0.08358361262415806,0.035686135282448225,Da<0.1: flow/transport faster than interaction; low capture,141.764273833057,80.94621017698051,393.92876874807394,616.6392527581114,571.1345104580956,0.6791382343847027,Association model: baseline + bulk flow wash-in + binding buildup with random noise.
SYNTHETIC_SIMULATED_TRAINING_DATA_NOT_EXPERIMENTAL,expected_probe_biofilm_interaction,Moderate affinity case matching the corrected KD scale near 150 uM.,3,association_probe_injection,40,40,200.0,0.00019999999999999998,0.05,0.1,2.0,0.05,2.0,0.5,119.7436933542746,0.017843067641224113,0.04179180631207903,149.01050018921228,6710.936469109281,0.08358361262415806,0.035686135282448225,Da<0.1: flow/transport faster than interaction; low capture,141.764273833057,80.94623477177899,447.6780217125933,670.3885303174293,665.0175416561867,0.8276337531885261,Association model: baseline + bulk flow wash-in + binding buildup with random noise.
SYNTHETIC_SIMULATED_TRAINING_DATA_NOT_EXPERIMENTAL,expected_probe_biofilm_interaction,Moderate affinity case matching the corrected KD scale near 150 uM.,3,association_probe_injection,50,50,200.0,0.00019999999999999998,0.05,0.1,2.0,0.05,2.0,0.5,119.7436933542746,0.017843067641224113,0.04179180631207903,149.01050018921228,6710.936469109281,0.08358361262415806,0.035686135282448225,Da<0.1: flow/transport faster than interaction; low capture,141.764273833057,80.94623493749744,483.06739924684365,705.7779080173981,702.7997088480637,0.887394100155302,Association model: baseline + bulk flow wash-in + binding buildup with random noise.
SYNTHETIC_SIMULATED_TRAINING_DATA_NOT_EXPERIMENTAL,expected_probe_biofilm_interaction,Moderate affinity case matching the corrected KD scale near 150 uM.,3,association_probe_injection,60,60,200.0,0.00019999999999999998,0.05,0.1,2.0,0.05,2.0,0.5,119.7436933542746,0.017843067641224113,0.04179180631207903,149.01050018921228,6710.936469109281,0.08358361262415806,0.035686135282448225,Da<0.1: flow/transport faster than interaction; low capture,141.764273833057,80.94623493861404,506.3683378308354,729.0788466025065,685.5765242482165,0.8601520554538274,Association model: baseline + bulk flow wash-in + binding buildup with random noise.
SYNTHETIC_SIMULATED_TRAINING_DATA_NOT_EXPERIMENTAL,expected_probe_biofilm_interaction,Moderate affinity case matching the corrected KD scale near 150 uM.,3,association_probe_injection,70,70,200.0,0.00019999999999999998,0.05,0.1,2.0,0.05,2.0,0.5,119.7436933542746,0.017843067641224113,0.04179180631207903,149.01050018921228,6710.936469109281,0.08358361262415806,0.035686135282448225,Da<0.1: flow/transport faster than interaction; low capture,141.764273833057,80.94623493862156,521.7100526821208,744.4205614537993,713.6130940263089,0.9044977153835003,Association model: baseline + bulk flow wash-in + binding buildup with random noise.
SYNTHETIC_SIMULATED_TRAINING_DATA_NOT_EXPERIMENTAL,expected_probe_biofilm_interaction,Moderate affinity case matching the corrected KD scale near 150 uM.,3,association_probe_injection,80,80,200.0,0.00019999999999999998,0.05,0.1,2.0,0.05,2.0,0.5,119.7436933542746,0.017843067641224113,0.04179180631207903,149.01050018921228,6710.936469109281,0.08358361262415806,0.035686135282448225,Da<0.1: flow/transport faster than interaction; low capture,141.764273833057,80.94623493862161,531.8112858890893,754.5217946607679,758.1599503459378,0.9749578236250542,Association model: baseline + bulk flow wash-in + binding buildup with random noise.
SYNTHETIC_SIMULATED_TRAINING_DATA_NOT_EXPERIMENTAL,expected_probe_biofilm_interaction,Moderate affinity case matching the corrected KD scale near 150 uM.,3,association_probe_injection,90,90,200.0,0.00019999999999999998,0.05,0.1,2.0,0.05,2.0,0.5,119.7436933542746,0.017843067641224113,0.04179180631207903,149.01050018921228,6710.936469109281,0.08358361262415806,0.035686135282448225,Da<0.1: flow/transport faster than interaction; low capture,141.764273833057,80.94623493862161,538.4621012177952,761.1726099894738,764.8314242400218,0.9855101456415626,Association model: baseline + bulk flow wash-in + binding buildup with random noise.
SYNTHETIC_SIMULATED_TRAINING_DATA_NOT_EXPERIMENTAL,expected_probe_biofilm_interaction,Moderate affinity case matching the corrected KD scale near 150 uM.,3,association_probe_injection,100,100,200.0,0.00019999999999999998,0.05,0.1,2.0,0.05,2.0,0.5,119.7436933542746,0.017843067641224113,0.04179180631207903,149.01050018921228,6710.936469109281,0.08358361262415806,0.035686135282448225,Da<0.1: flow/transport faster than interaction; low capture,141.764273833057,80.94623493862161,542.8411056056984,765.5516143773771,772.7541317897116,0.99804155363839,Association model: baseline + bulk flow wash-in + binding buildup with random noise.
SYNTHETIC_SIMULATED_TRAINING_DATA_NOT_EXPERIMENTAL,expected_probe_biofilm_interaction,Moderate affinity case matching the corrected KD scale near 150 uM.,3,association_probe_injection,110,110,200.0,0.00019999999999999998,0.05,0.1,2.0,0.05,2.0,0.5,119.7436933542746,0.017843067641224113,0.04179180631207903,149.01050018921228,6710.936469109281,0.08358361262415806,0.035686135282448225,Da<0.1: flow/transport faster than interaction; low capture,141.764273833057,80.94623493862161,545.7243129241322,768.4348216958108,812.8268773607549,1.0614249261981237,Association model: baseline + bulk flow wash-in + binding buildup with random noise.
SYNTHETIC_SIMULATED_TRAINING_DATA_NOT_EXPERIMENTAL,expected_probe_biofilm_interaction,Moderate affinity case matching the corrected KD scale near 150 uM.,3,association_probe_injection,120,120,200.0,0.00019999999999999998,0.05,0.1,2.0,0.05,2.0,0.5,119.7436933542746,0.017843067641224113,0.04179180631207903,149.01050018921228,6710.936469109281,0.08358361262415806,0.035686135282448225,Da<0.1: flow/transport faster than interaction; low capture,141.764273833057,80.94623493862161,547.6226632578366,770.3331720295153,761.52888307905,0.9802864906656733,Association model: baseline + bulk flow wash-in + binding buildup with random noise.
SYNTHETIC_SIMULATED_TRAINING_DATA_NOT_EXPERIMENTAL,expected_probe_biofilm_interaction,Moderate affinity case matching the corrected KD scale near 150 uM.,3,dissociation_buffer_wash,130,0,0.0,0.0,0.05,0.1,2.0,0.05,2.0,0.5,119.7436933542746,0.017843067641224113,0.04179180631207903,149.01050018921228,6710.936469109281,0.08358361262415806,0.035686135282448225,Da<0.1: flow/transport faster than interaction; low capture,141.764273833057,80.94623493862161,547.6226632578366,770.3331720295153,781.1726798432103,1.0113572364068926,Dissociation model: bulk flow component washes out fast; bound component decays by koff.
SYNTHETIC_SIMULATED_TRAINING_DATA_NOT_EXPERIMENTAL,expected_probe_biofilm_interaction,Moderate affinity case matching the corrected KD scale near 150 uM.,3,dissociation_buffer_wash,140,10,0.0,0.0,0.05,0.1,2.0,0.05,2.0,0.5,119.7436933542746,0.017843067641224113,0.04179180631207903,149.01050018921228,6710.936469109281,0.08358361262415806,0.035686135282448225,Da<0.1: flow/transport faster than interaction; low capture,141.764273833057,0.5454114407919527,458.13129011033374,600.4409753841827,611.1794496330139,0.7424776253519593,Dissociation model: bulk flow component washes out fast; bound component decays by koff.
SYNTHETIC_SIMULATED_TRAINING_DATA_NOT_EXPERIMENTAL,expected_probe_biofilm_interaction,Moderate affinity case matching the corrected KD scale near 150 uM.,3,dissociation_buffer_wash,150,20,0.0,0.0,0.05,0.1,2.0,0.05,2.0,0.5,119.7436933542746,0.017843067641224113,0.04179180631207903,149.01050018921228,6710.936469109281,0.08358361262415806,0.035686135282448225,Da<0.1: flow/transport faster than interaction; low capture,141.764273833057,0.0036749533807510187,383.2644137288729,525.0323625153106,495.4905109415072,0.5594915334924933,Dissociation model: bulk flow component washes out fast; bound component decays by koff.
SYNTHETIC_SIMULATED_TRAINING_DATA_NOT_EXPERIMENTAL,expected_probe_biofilm_interaction,Moderate affinity case matching the corrected KD scale near 150 uM.,3,dissociation_buffer_wash,160,30,0.0,0.0,0.05,0.1,2.0,0.05,2.0,0.5,119.7436933542746,0.017843067641224113,0.04179180631207903,149.01050018921228,6710.936469109281,0.08358361262415806,0.035686135282448225,Da<0.1: flow/transport faster than interaction; low capture,141.764273833057,2.4761641103610316e-05,320.6321288283106,462.39642742300873,450.3307896116743,0.4880620519096065,Dissociation model: bulk flow component washes out fast; bound component decays by koff.
SYNTHETIC_SIMULATED_TRAINING_DATA_NOT_EXPERIMENTAL,expected_probe_biofilm_interaction,Moderate affinity case matching the corrected KD scale near 150 uM.,3,dissociation_buffer_wash,170,40,0.0,0.0,0.05,0.1,2.0,0.05,2.0,0.5,119.7436933542746,0.017843067641224113,0.04179180631207903,149.01050018921228,6710.936469109281,0.08358361262415806,0.035686135282448225,Da<0.1: flow/transport faster than interaction; low capture,141.764273833057,1.668426253665025e-07,268.2350835465256,409.9993575464252,441.0880773357829,0.4734427821965632,Dissociation model: bulk flow component washes out fast; bound component decays by koff.
SYNTHETIC_SIMULATED_TRAINING_DATA_NOT_EXPERIMENTAL,expected_probe_biofilm_interaction,Moderate affinity case matching the corrected KD scale near 150 uM.,3,dissociation_buffer_wash,180,50,0.0,0.0,0.05,0.1,2.0,0.05,2.0,0.5,119.7436933542746,0.017843067641224113,0.04179180631207903,149.01050018921228,6710.936469109281,0.08358361262415806,0.035686135282448225,Da<0.1: flow/transport faster than interaction; low capture,141.764273833057,1.1241767669077663e-09,224.4006560045602,366.1649298387414,362.9969590038374,0.34992545448901047,Dissociation model: bulk flow component washes out fast; bound component decays by koff.
SYNTHETIC_SIMULATED_TRAINING_DATA_NOT_EXPERIMENTAL,expected_probe_biofilm_interaction,Moderate affinity case matching the corrected KD scale near 150 uM.,3,dissociation_buffer_wash,190,60,0.0,0.0,0.05,0.1,2.0,0.05,2.0,0.5,119.7436933542746,0.017843067641224113,0.04179180631207903,149.01050018921228,6710.936469109281,0.08358361262415806,0.035686135282448225,Da<0.1: flow/transport faster than interaction; low capture,141.764273833057,7.574643473027787e-12,187.7295607624822,329.4938345955468,296.6242021955281,0.24494315011609522,Dissociation model: bulk flow component washes out fast; bound component decays by koff.
SYNTHETIC_SIMULATED_TRAINING_DATA_NOT_EXPERIMENTAL,expected_probe_biofilm_interaction,Moderate affinity case matching the corrected KD scale near 150 uM.,3,dissociation_buffer_wash,200,70,0.0,0.0,0.05,0.1,2.0,0.05,2.0,0.5,119.7436933542746,0.017843067641224113,0.04179180631207903,149.01050018921228,6710.936469109281,0.08358361262415806,0.035686135282448225,Da<0.1: flow/transport faster than interaction; low capture,141.764273833057,5.1037546258229897e-14,157.05118073878674,298.8154545718438,303.6730303477619,0.25609233629028677,Dissociation model: bulk flow component washes out fast; bound component decays by koff.
SYNTHETIC_SIMULATED_TRAINING_DATA_NOT_EXPERIMENTAL,expected_probe_biofilm_interaction,Moderate affinity case matching the corrected KD scale near 150 uM.,3,dissociation_buffer_wash,210,80,0.0,0.0,0.05,0.1,2.0,0.05,2.0,0.5,119.7436933542746,0.017843067641224113,0.04179180631207903,149.01050018921228,6710.936469109281,0.08358361262415806,0.035686135282448225,Da<0.1: flow/transport faster than interaction; low capture,141.764273833057,3.438882816513258e-16,131.38619869597213,273.1504725290291,313.4781026021771,0.27160109514422937,Dissociation model: bulk flow component washes out fast; bound component decays by koff.
SYNTHETIC_SIMULATED_TRAINING_DATA_NOT_EXPERIMENTAL,expected_probe_biofilm_interaction,Moderate affinity case matching the corrected KD scale near 150 uM.,3,dissociation_buffer_wash,220,90,0.0,0.0,0.05,0.1,2.0,0.05,2.0,0.5,119.7436933542746,0.017843067641224113,0.04179180631207903,149.01050018921228,6710.936469109281,0.08358361262415806,0.035686135282448225,Da<0.1: flow/transport faster than interaction; low capture,141.764273833057,2.317101015373209e-18,109.91533541214703,251.679609245204,243.4083311797539,0.1607711940742092,Dissociation model: bulk flow component washes out fast; bound component decays by koff.
SYNTHETIC_SIMULATED_TRAINING_DATA_NOT_EXPERIMENTAL,expected_probe_biofilm_interaction,Moderate affinity case matching the corrected KD scale near 150 uM.,3,dissociation_buffer_wash,230,100,0.0,0.0,0.05,0.1,2.0,0.05,2.0,0.5,119.7436933542746,0.017843067641224113,0.04179180631207903,149.01050018921228,6710.936469109281,0.08358361262415806,0.035686135282448225,Da<0.1: flow/transport faster than interaction; low capture,141.764273833057,1.56125038331118e-20,91.95319659655514,233.71747042961215,242.18858663980058,0.15884191467241476,Dissociation model: bulk flow component washes out fast; bound component decays by koff.
SYNTHETIC_SIMULATED_TRAINING_DATA_NOT_EXPERIMENTAL,expected_probe_biofilm_interaction,Moderate affinity case matching the corrected KD scale near 150 uM.,3,dissociation_buffer_wash,240,110,0.0,0.0,0.05,0.1,2.0,0.05,2.0,0.5,119.7436933542746,0.017843067641224113,0.04179180631207903,149.01050018921228,6710.936469109281,0.08358361262415806,0.035686135282448225,Da<0.1: flow/transport faster than interaction; low capture,141.764273833057,1.0519622335052601e-22,76.92639368855797,218.69066752161496,218.32086434956287,0.12109015315678857,Dissociation model: bulk flow component washes out fast; bound component decays by koff.
SYNTHETIC_SIMULATED_TRAINING_DATA_NOT_EXPERIMENTAL,expected_probe_biofilm_interaction,Moderate affinity case matching the corrected KD scale near 150 uM.,3,dissociation_buffer_wash,250,120,0.0,0.0,0.05,0.1,2.0,0.05,2.0,0.5,119.7436933542746,0.017843067641224113,0.04179180631207903,149.01050018921228,6710.936469109281,0.08358361262415806,0.035686135282448225,Da<0.1: flow/transport faster than interaction; low capture,141.764273833057,7.0880657743980125e-25,64.35524011080119,206.11951394385818,190.07670438950746,0.07641614622579075,Dissociation model: bulk flow component washes out fast; bound component decays by koff.
SYNTHETIC_SIMULATED_TRAINING_DATA_NOT_EXPERIMENTAL,expected_probe_biofilm_interaction,Moderate affinity case matching the corrected KD scale near 150 uM.,3,dissociation_buffer_wash,260,130,0.0,0.0,0.05,0.1,2.0,0.05,2.0,0.5,119.7436933542746,0.017843067641224113,0.04179180631207903,149.01050018921228,6710.936469109281,0.08358361262415806,0.035686135282448225,Da<0.1: flow/transport faster than interaction; low capture,141.764273833057,4.7759011513925495e-27,53.83843868317065,195.60271251622765,203.05682094786653,0.09694689728772303,Dissociation model: bulk flow component washes out fast; bound component decays by koff.
SYNTHETIC_SIMULATED_TRAINING_DATA_NOT_EXPERIMENTAL,expected_probe_biofilm_interaction,Moderate affinity case matching the corrected KD scale near 150 uM.,1,association_probe_injection,0,0,200.0,0.00019999999999999998,0.5,0.1,2.0,0.05,0.2,5.0,145.9220860012194,0.01919723362009477,0.04838165082033865,131.5581084821824,7601.203844728699,0.00967633016406773,0.0038394467240189544,Da<0.1: flow/transport faster than interaction; low capture,141.34836408389248,0.0,0.0,141.34836408389248,140.47834473560582,-0.0014904161189035587,Association model: baseline + bulk flow wash-in + binding buildup with random noise.
SYNTHETIC_SIMULATED_TRAINING_DATA_NOT_EXPERIMENTAL,expected_probe_biofilm_interaction,Moderate affinity case matching the corrected KD scale near 150 uM.,1,association_probe_injection,10,10,200.0,0.00019999999999999998,0.5,0.1,2.0,0.05,0.2,5.0,145.9220860012194,0.01919723362009477,0.04838165082033865,131.5581084821824,7601.203844728699,0.00967633016406773,0.0038394467240189544,Da<0.1: flow/transport faster than interaction; low capture,141.34836408389248,80.40596734944685,193.06668592960074,414.8210173629401,400.35113695136283,0.44369347449869073,Association model: baseline + bulk flow wash-in + binding buildup with random noise.
SYNTHETIC_SIMULATED_TRAINING_DATA_NOT_EXPERIMENTAL,expected_probe_biofilm_interaction,Moderate affinity case matching the corrected KD scale near 150 uM.,1,association_probe_injection,20,20,200.0,0.00019999999999999998,0.5,0.1,2.0,0.05,0.2,5.0,145.9220860012194,0.01919723362009477,0.04838165082033865,131.5581084821824,7601.203844728699,0.00967633016406773,0.0038394467240189544,Da<0.1: flow/transport faster than interaction; low capture,141.34836408389248,80.40596734944685,312.0780689265621,533.8324003599014,495.3806077193309,0.6064869287849368,Association model: baseline + bulk flow wash-in + binding buildup with random noise.
SYNTHETIC_SIMULATED_TRAINING_DATA_NOT_EXPERIMENTAL,expected_probe_biofilm_interaction,Moderate affinity case matching the corrected KD scale near 150 uM.,1,association_probe_injection,30,30,200.0,0.00019999999999999998,0.5,0.1,2.0,0.05,0.2,5.0,145.9220860012194,0.01919723362009477,0.04838165082033865,131.5581084821824,7601.203844728699,0.00967633016406773,0.0038394467240189544,Da<0.1: flow/transport faster than interaction; low capture,141.34836408389248,80.40596734944685,385.4398154891671,607.1941469225064,607.992531236028,0.7994005994067989,Association model: baseline + bulk flow wash-in + binding buildup with random noise.
SYNTHETIC_SIMULATED_TRAINING_DATA_NOT_EXPERIMENTAL,expected_probe_biofilm_interaction,Moderate affinity case matching the corrected KD scale near 150 uM.,1,association_probe_injection,40,40,200.0,0.00019999999999999998,0.5,0.1,2.0,0.05,0.2,5.0,145.9220860012194,0.01919723362009477,0.04838165082033865,131.5581084821824,7601.203844728699,0.00967633016406773,0.0038394467240189544,Da<0.1: flow/transport faster than interaction; low capture,141.34836408389248,80.40596734944685,430.66192553601275,652.416256969352,677.1440825143468,0.9178630070249268,Association model: baseline + bulk flow wash-in + binding buildup with random noise.
SYNTHETIC_SIMULATED_TRAINING_DATA_NOT_EXPERIMENTAL,expected_probe_biofilm_interaction,Moderate affinity case matching the corrected KD scale near 150 uM.,1,association_probe_injection,50,50,200.0,0.00019999999999999998,0.5,0.1,2.0,0.05,0.2,5.0,145.9220860012194,0.01919723362009477,0.04838165082033865,131.5581084821824,7601.203844728699,0.00967633016406773,0.0038394467240189544,Da<0.1: flow/transport faster than interaction; low capture,141.34836408389248,80.40596734944685,458.538023542265,680.2923549756043,667.9889515191009,0.9021794997180382,Association model: baseline + bulk flow wash-in + binding buildup with random noise.
SYNTHETIC_SIMULATED_TRAINING_DATA_NOT_EXPERIMENTAL,expected_probe_biofilm_interaction,Moderate affinity case matching the corrected KD scale near 150 uM.,1,association_probe_injection,60,60,200.0,0.00019999999999999998,0.5,0.1,2.0,0.05,0.2,5.0,145.9220860012194,0.01919723362009477,0.04838165082033865,131.5581084821824,7601.203844728699,0.00967633016406773,0.0038394467240189544,Da<0.1: flow/transport faster than interaction; low capture,141.34836408389248,80.40596734944685,475.72158351434973,697.475914947689,665.9215054435515,0.8986377911778424,Association model: baseline + bulk flow wash-in + binding buildup with random noise.
SYNTHETIC_SIMULATED_TRAINING_DATA_NOT_EXPERIMENTAL,expected_probe_biofilm_interaction,Moderate affinity case matching the corrected KD scale near 150 uM.,1,association_probe_injection,70,70,200.0,0.00019999999999999998,0.5,0.1,2.0,0.05,0.2,5.0,145.9220860012194,0.01919723362009477,0.04838165082033865,131.5581084821824,7601.203844728699,0.00967633016406773,0.0038394467240189544,Da<0.1: flow/transport faster than interaction; low capture,141.34836408389248,80.40596734944685,486.3139818208847,708.068313254224,726.9534146672837,1.003190570898941,Association model: baseline + bulk flow wash-in + binding buildup with random noise.
SYNTHETIC_SIMULATED_TRAINING_DATA_NOT_EXPERIMENTAL,expected_probe_biofilm_interaction,Moderate affinity case matching the corrected KD scale near 150 uM.,1,association_probe_injection,80,80,200.0,0.00019999999999999998,0.5,0.1,2.0,0.05,0.2,5.0,145.9220860012194,0.01919723362009477,0.04838165082033865,131.5581084821824,7601.203844728699,0.00967633016406773,0.0038394467240189544,Da<0.1: flow/transport faster than interaction; low capture,141.34836408389248,80.40596734944685,492.8434147245761,714.5977461579155,748.6819966986732,1.0404134544638604,Association model: baseline + bulk flow wash-in + binding buildup with random noise.
SYNTHETIC_SIMULATED_TRAINING_DATA_NOT_EXPERIMENTAL,expected_probe_biofilm_interaction,Moderate affinity case matching the corrected KD scale near 150 uM.,1,association_probe_injection,90,90,200.0,0.00019999999999999998,0.5,0.1,2.0,0.05,0.2,5.0,145.9220860012194,0.01919723362009477,0.04838165082033865,131.5581084821824,7601.203844728699,0.00967633016406773,0.0038394467240189544,Da<0.1: flow/transport faster than interaction; low capture,141.34836408389248,80.40596734944685,496.86832889510026,718.6226603284396,702.5596451698108,0.9614019976546223,Association model: baseline + bulk flow wash-in + binding buildup with random noise.
SYNTHETIC_SIMULATED_TRAINING_DATA_NOT_EXPERIMENTAL,expected_probe_biofilm_interaction,Moderate affinity case matching the corrected KD scale near 150 uM.,1,association_probe_injection,100,100,200.0,0.00019999999999999998,0.5,0.1,2.0,0.05,0.2,5.0,145.9220860012194,0.01919723362009477,0.04838165082033865,131.5581084821824,7601.203844728699,0.00967633016406773,0.0038394467240189544,Da<0.1: flow/transport faster than interaction; low capture,141.34836408389248,80.40596734944685,499.3493918478917,721.103723281231,712.4003871912544,0.978260014156916,Association model: baseline + bulk flow wash-in + binding buildup with random noise.
SYNTHETIC_SIMULATED_TRAINING_DATA_NOT_EXPERIMENTAL,expected_probe_biofilm_interaction,Moderate affinity case matching the corrected KD scale near 150 uM.,1,association_probe_injection,110,110,200.0,0.00019999999999999998,0.5,0.1,2.0,0.05,0.2,5.0,145.9220860012194,0.01919723362009477,0.04838165082033865,131.5581084821824,7601.203844728699,0.00967633016406773,0.0038394467240189544,Da<0.1: flow/transport faster than interaction; low capture,141.34836408389248,80.40596734944685,500.87878430569714,722.6331157390365,699.8316681470037,0.9567287441979068,Association model: baseline + bulk flow wash-in + binding buildup with random noise.
SYNTHETIC_SIMULATED_TRAINING_DATA_NOT_EXPERIMENTAL,expected_probe_biofilm_interaction,Moderate affinity case matching the corrected KD scale near 150 uM.,1,association_probe_injection,120,120,200.0,0.00019999999999999998,0.5,0.1,2.0,0.05,0.2,5.0,145.9220860012194,0.01919723362009477,0.04838165082033865,131.5581084821824,7601.203844728699,0.00967633016406773,0.0038394467240189544,Da<0.1: flow/transport faster than interaction; low capture,141.34836408389248,80.40596734944685,501.82154204078836,723.5758734741277,681.6667787690018,0.9256107650628566,Association model: baseline + bulk flow wash-in + binding buildup with random noise.
SYNTHETIC_SIMULATED_TRAINING_DATA_NOT_EXPERIMENTAL,expected_probe_biofilm_interaction,Moderate affinity case matching the corrected KD scale near 150 uM.,1,dissociation_buffer_wash,130,0,0.0,0.0,0.5,0.1,2.0,0.05,0.2,5.0,145.9220860012194,0.01919723362009477,0.04838165082033865,131.5581084821824,7601.203844728699,0.00967633016406773,0.0038394467240189544,Da<0.1: flow/transport faster than interaction; low capture,141.34836408389248,80.40596734944685,501.82154204078836,723.5758734741277,719.5052310502856,0.9904312076259423,Dissociation model: bulk flow component washes out fast; bound component decays by koff.
SYNTHETIC_SIMULATED_TRAINING_DATA_NOT_EXPERIMENTAL,expected_probe_biofilm_interaction,Moderate affinity case matching the corrected KD scale near 150 uM.,1,dissociation_buffer_wash,140,10,0.0,0.0,0.5,0.1,2.0,0.05,0.2,5.0,145.9220860012194,0.01919723362009477,0.04838165082033865,131.5581084821824,7601.203844728699,0.00967633016406773,0.0038394467240189544,Da<0.1: flow/transport faster than interaction; low capture,141.34836408389248,1.5508299730063736e-20,414.16822271136004,555.5165867952526,548.5646946134473,0.6975957305975158,Dissociation model: bulk flow component washes out fast; bound component decays by koff.
SYNTHETIC_SIMULATED_TRAINING_DATA_NOT_EXPERIMENTAL,expected_probe_biofilm_interaction,Moderate affinity case matching the corrected KD scale near 150 uM.,1,dissociation_buffer_wash,150,20,0.0,0.0,0.5,0.1,2.0,0.05,0.2,5.0,145.9220860012194,0.01919723362009477,0.04838165082033865,131.5581084821824,7601.203844728699,0.00967633016406773,0.0038394467240189544,Da<0.1: flow/transport faster than interaction; low capture,141.34836408389248,2.99116307465393e-42,341.82533497126,483.1736990551525,480.0084795604071,0.5801531838687692,Dissociation model: bulk flow component washes out fast; bound component decays by koff.
SYNTHETIC_SIMULATED_TRAINING_DATA_NOT_EXPERIMENTAL,expected_probe_biofilm_interaction,Moderate affinity case matching the corrected KD scale near 150 uM.,1,dissociation_buffer_wash,160,30,0.0,0.0,0.5,0.1,2.0,0.05,0.2,5.0,145.9220860012194,0.01919723362009477,0.04838165082033865,131.5581084821824,7601.203844728699,0.00967633016406773,0.0038394467240189544,Da<0.1: flow/transport faster than interaction; low capture,141.34836408389248,5.769205325474052e-64,282.1186011405922,423.4669652244847,423.1522644232423,0.48275371836589587,Dissociation model: bulk flow component washes out fast; bound component decays by koff.
SYNTHETIC_SIMULATED_TRAINING_DATA_NOT_EXPERIMENTAL,expected_probe_biofilm_interaction,Moderate affinity case matching the corrected KD scale near 150 uM.,1,dissociation_buffer_wash,170,40,0.0,0.0,0.5,0.1,2.0,0.05,0.2,5.0,145.9220860012194,0.01919723362009477,0.04838165082033865,131.5581084821824,7601.203844728699,0.00967633016406773,0.0038394467240189544,Da<0.1: flow/transport faster than interaction; low capture,141.34836408389248,1.1127353894380703e-85,232.84086042427595,374.1892245081684,369.19131422161973,0.39031408454599187,Dissociation model: bulk flow component washes out fast; bound component decays by koff.
SYNTHETIC_SIMULATED_TRAINING_DATA_NOT_EXPERIMENTAL,expected_probe_biofilm_interaction,Moderate affinity case matching the corrected KD scale near 150 uM.,1,dissociation_buffer_wash,180,50,0.0,0.0,0.5,0.1,2.0,0.05,0.2,5.0,145.9220860012194,0.01919723362009477,0.04838165082033865,131.5581084821824,7601.203844728699,0.00967633016406773,0.0038394467240189544,Da<0.1: flow/transport faster than interaction; low capture,141.34836408389248,2.146188213202749e-107,192.1704774656085,333.51884154950096,315.7846693355924,0.29882402222559984,Dissociation model: bulk flow component washes out fast; bound component decays by koff.
SYNTHETIC_SIMULATED_TRAINING_DATA_NOT_EXPERIMENTAL,expected_probe_biofilm_interaction,Moderate affinity case matching the corrected KD scale near 150 uM.,1,dissociation_buffer_wash,190,60,0.0,0.0,0.5,0.1,2.0,0.05,0.2,5.0,145.9220860012194,0.01919723362009477,0.04838165082033865,131.5581084821824,7601.203844728699,0.00967633016406773,0.0038394467240189544,Da<0.1: flow/transport faster than interaction; low capture,141.34836408389248,4.139460189916754e-129,158.60400250225877,299.95236658615124,263.971764702845,0.21006417063846525,Dissociation model: bulk flow component washes out fast; bound component decays by koff.
SYNTHETIC_SIMULATED_TRAINING_DATA_NOT_EXPERIMENTAL,expected_probe_biofilm_interaction,Moderate affinity case matching the corrected KD scale near 150 uM.,1,dissociation_buffer_wash,200,70,0.0,0.0,0.5,0.1,2.0,0.05,0.2,5.0,145.9220860012194,0.01919723362009477,0.04838165082033865,131.5581084821824,7601.203844728699,0.00967633016406773,0.0038394467240189544,Da<0.1: flow/transport faster than interaction; low capture,141.34836408389248,7.98398321195463e-151,130.90059379302093,272.24895787691344,245.78971751577552,0.17891679873732363,Dissociation model: bulk flow component washes out fast; bound component decays by koff.
SYNTHETIC_SIMULATED_TRAINING_DATA_NOT_EXPERIMENTAL,expected_probe_biofilm_interaction,Moderate affinity case matching the corrected KD scale near 150 uM.,1,dissociation_buffer_wash,210,80,0.0,0.0,0.5,0.1,2.0,0.05,0.2,5.0,145.9220860012194,0.01919723362009477,0.04838165082033865,131.5581084821824,7601.203844728699,0.00967633016406773,0.0038394467240189544,Da<0.1: flow/transport faster than interaction; low capture,141.34836408389248,1.5399106406203963e-172,108.03614779596397,249.38451187985646,254.56878564038192,0.19395607880348906,Dissociation model: bulk flow component washes out fast; bound component decays by koff.
SYNTHETIC_SIMULATED_TRAINING_DATA_NOT_EXPERIMENTAL,expected_probe_biofilm_interaction,Moderate affinity case matching the corrected KD scale near 150 uM.,1,dissociation_buffer_wash,220,90,0.0,0.0,0.5,0.1,2.0,0.05,0.2,5.0,145.9220860012194,0.01919723362009477,0.04838165082033865,131.5581084821824,7601.203844728699,0.00967633016406773,0.0038394467240189544,Da<0.1: flow/transport faster than interaction; low capture,141.34836408389248,2.9701024139746085e-194,89.16544144212786,230.51380552602035,232.00404956050863,0.15530079321877482,Dissociation model: bulk flow component washes out fast; bound component decays by koff.
SYNTHETIC_SIMULATED_TRAINING_DATA_NOT_EXPERIMENTAL,expected_probe_biofilm_interaction,Moderate affinity case matching the corrected KD scale near 150 uM.,1,dissociation_buffer_wash,230,100,0.0,0.0,0.5,0.1,2.0,0.05,0.2,5.0,145.9220860012194,0.01919723362009477,0.04838165082033865,131.5581084821824,7601.203844728699,0.00967633016406773,0.0038394467240189544,Da<0.1: flow/transport faster than interaction; low capture,141.34836408389248,5.728584579390792e-216,73.59088702963312,214.9392511135256,207.5620463304747,0.11342959154484078,Dissociation model: bulk flow component washes out fast; bound component decays by koff.
SYNTHETIC_SIMULATED_TRAINING_DATA_NOT_EXPERIMENTAL,expected_probe_biofilm_interaction,Moderate affinity case matching the corrected KD scale near 150 uM.,1,dissociation_buffer_wash,240,110,0.0,0.0,0.5,0.1,2.0,0.05,0.2,5.0,145.9220860012194,0.01919723362009477,0.04838165082033865,131.5581084821824,7601.203844728699,0.00967633016406773,0.0038394467240189544,Da<0.1: flow/transport faster than interaction; low capture,141.34836408389248,1.1049006636548433e-237,60.736744709812164,202.08510879370465,213.5392432474516,0.12366903121760975,Dissociation model: bulk flow component washes out fast; bound component decays by koff.
SYNTHETIC_SIMULATED_TRAINING_DATA_NOT_EXPERIMENTAL,expected_probe_biofilm_interaction,Moderate affinity case matching the corrected KD scale near 150 uM.,1,dissociation_buffer_wash,250,120,0.0,0.0,0.5,0.1,2.0,0.05,0.2,5.0,145.9220860012194,0.01919723362009477,0.04838165082033865,131.5581084821824,7601.203844728699,0.00967633016406773,0.0038394467240189544,Da<0.1: flow/transport faster than interaction; low capture,141.34836408389248,2.131076987039511e-259,50.12783928612588,191.47620337001837,170.17071001349458,0.04937509613170056,Dissociation model: bulk flow component washes out fast; bound component decays by koff.
SYNTHETIC_SIMULATED_TRAINING_DATA_NOT_EXPERIMENTAL,expected_probe_biofilm_interaction,Moderate affinity case matching the corrected KD scale near 150 uM.,1,dissociation_buffer_wash,260,130,0.0,0.0,0.5,0.1,2.0,0.05,0.2,5.0,145.9220860012194,0.01919723362009477,0.04838165082033865,131.5581084821824,7601.203844728699,0.00967633016406773,0.0038394467240189544,Da<0.1: flow/transport faster than interaction; low capture,141.34836408389248,4.1103144147518605e-281,41.37199455620012,182.7203586400926,187.02392085644698,0.07824605991553162,Dissociation model: bulk flow component washes out fast; bound component decays by koff.
SYNTHETIC_SIMULATED_TRAINING_DATA_NOT_EXPERIMENTAL,expected_probe_biofilm_interaction,Moderate affinity case matching the corrected KD scale near 150 uM.,2,association_probe_injection,0,0,200.0,0.00019999999999999998,0.5,0.1,2.0,0.05,0.2,5.0,124.66496739490496,0.02149472993120184,0.04642772341018283,172.41996994321858,5799.7922185540365,0.009285544682036566,0.004298945986240368,Da<0.1: flow/transport faster than interaction; low capture,140.50284032307465,0.0,0.0,140.50284032307465,145.4131424024073,0.007876398502892705,Association model: baseline + bulk flow wash-in + binding buildup with random noise.
SYNTHETIC_SIMULATED_TRAINING_DATA_NOT_EXPERIMENTAL,expected_probe_biofilm_interaction,Moderate affinity case matching the corrected KD scale near 150 uM.,2,association_probe_injection,10,10,200.0,0.00019999999999999998,0.5,0.1,2.0,0.05,0.2,5.0,124.66496739490496,0.02149472993120184,0.04642772341018283,172.41996994321858,5799.7922185540365,0.009285544682036566,0.004298945986240368,Da<0.1: flow/transport faster than interaction; low capture,140.50284032307465,80.94978391509702,201.4791549594706,422.9317791976423,406.03519276715514,0.42592870855399234,Association model: baseline + bulk flow wash-in + binding buildup with random noise.
SYNTHETIC_SIMULATED_TRAINING_DATA_NOT_EXPERIMENTAL,expected_probe_biofilm_interaction,Moderate affinity case matching the corrected KD scale near 150 uM.,2,association_probe_injection,20,20,200.0,0.00019999999999999998,0.5,0.1,2.0,0.05,0.2,5.0,124.66496739490496,0.02149472993120184,0.04642772341018283,172.41996994321858,5799.7922185540365,0.009285544682036566,0.004298945986240368,Da<0.1: flow/transport faster than interaction; low capture,140.50284032307465,80.94978391509702,328.1267886723945,549.5794129105661,492.60021292995486,0.5647838307435051,Association model: baseline + bulk flow wash-in + binding buildup with random noise.
SYNTHETIC_SIMULATED_TRAINING_DATA_NOT_EXPERIMENTAL,expected_probe_biofilm_interaction,Moderate affinity case matching the corrected KD scale near 150 uM.,2,association_probe_injection,30,30,200.0,0.00019999999999999998,0.5,0.1,2.0,0.05,0.2,5.0,124.66496739490496,0.02149472993120184,0.04642772341018283,172.41996994321858,5799.7922185540365,0.009285544682036566,0.004298945986240368,Da<0.1: flow/transport faster than interaction; low capture,140.50284032307465,80.94978391509702,407.7361315262965,629.1887557644682,644.6523725917733,0.8086839785088985,Association model: baseline + bulk flow wash-in + binding buildup with random noise.
SYNTHETIC_SIMULATED_TRAINING_DATA_NOT_EXPERIMENTAL,expected_probe_biofilm_interaction,Moderate affinity case matching the corrected KD scale near 150 uM.,2,association_probe_injection,40,40,200.0,0.00019999999999999998,0.5,0.1,2.0,0.05,0.2,5.0,124.66496739490496,0.02149472993120184,0.04642772341018283,172.41996994321858,5799.7922185540365,0.009285544682036566,0.004298945986240368,Da<0.1: flow/transport faster than interaction; low capture,140.50284032307465,80.94978391509702,457.77770975266793,679.2303339908397,697.1655428328502,0.8929180335194575,Association model: baseline + bulk flow wash-in + binding buildup with random noise.
SYNTHETIC_SIMULATED_TRAINING_DATA_NOT_EXPERIMENTAL,expected_probe_biofilm_interaction,Moderate affinity case matching the corrected KD scale near 150 uM.,2,association_probe_injection,50,50,200.0,0.00019999999999999998,0.5,0.1,2.0,0.05,0.2,5.0,124.66496739490496,0.02149472993120184,0.04642772341018283,172.41996994321858,5799.7922185540365,0.009285544682036566,0.004298945986240368,Da<0.1: flow/transport faster than interaction; low capture,140.50284032307465,80.94978391509702,489.2333085758067,710.6859328139783,730.2702696386852,0.9460198623763065,Association model: baseline + bulk flow wash-in + binding buildup with random noise.
SYNTHETIC_SIMULATED_TRAINING_DATA_NOT_EXPERIMENTAL,expected_probe_biofilm_interaction,Moderate affinity case matching the corrected KD scale near 150 uM.,2,association_probe_injection,60,60,200.0,0.00019999999999999998,0.5,0.1,2.0,0.05,0.2,5.0,124.66496739490496,0.02149472993120184,0.04642772341018283,172.41996994321858,5799.7922185540365,0.009285544682036566,0.004298945986240368,Da<0.1: flow/transport faster than interaction; low capture,140.50284032307465,80.94978391509702,509.0059602864759,730.4585845246476,733.1991474889157,0.9507179458632284,Association model: baseline + bulk flow wash-in + binding buildup with random noise.
SYNTHETIC_SIMULATED_TRAINING_DATA_NOT_EXPERIMENTAL,expected_probe_biofilm_interaction,Moderate affinity case matching the corrected KD scale near 150 uM.,2,association_probe_injection,70,70,200.0,0.00019999999999999998,0.5,0.1,2.0,0.05,0.2,5.0,124.66496739490496,0.02149472993120184,0.04642772341018283,172.41996994321858,5799.7922185540365,0.009285544682036566,0.004298945986240368,Da<0.1: flow/transport faster than interaction; low capture,140.50284032307465,80.94978391509702,521.4348368712015,742.8874611093731,730.5026667067286,0.9463926402399165,Association model: baseline + bulk flow wash-in + binding buildup with random noise.
SYNTHETIC_SIMULATED_TRAINING_DATA_NOT_EXPERIMENTAL,expected_probe_biofilm_interaction,Moderate affinity case matching the corrected KD scale near 150 uM.,2,association_probe_injection,80,80,200.0,0.00019999999999999998,0.5,0.1,2.0,0.05,0.2,5.0,124.66496739490496,0.02149472993120184,0.04642772341018283,172.41996994321858,5799.7922185540365,0.009285544682036566,0.004298945986240368,Da<0.1: flow/transport faster than interaction; low capture,140.50284032307465,80.94978391509702,529.2474952550532,750.7001194932249,736.1034200252618,0.9553765610538396,Association model: baseline + bulk flow wash-in + binding buildup with random noise.
SYNTHETIC_SIMULATED_TRAINING_DATA_NOT_EXPERIMENTAL,expected_probe_biofilm_interaction,Moderate affinity case matching the corrected KD scale near 150 uM.,2,association_probe_injection,90,90,200.0,0.00019999999999999998,0.5,0.1,2.0,0.05,0.2,5.0,124.66496739490496,0.02149472993120184,0.04642772341018283,172.41996994321858,5799.7922185540365,0.009285544682036566,0.004298945986240368,Da<0.1: flow/transport faster than interaction; low capture,140.50284032307465,80.94978391509702,534.1584484378837,755.6110726760554,715.0333259406623,0.9215789545476624,Association model: baseline + bulk flow wash-in + binding buildup with random noise.
SYNTHETIC_SIMULATED_TRAINING_DATA_NOT_EXPERIMENTAL,expected_probe_biofilm_interaction,Moderate affinity case matching the corrected KD scale near 150 uM.,2,association_probe_injection,100,100,200.0,0.00019999999999999998,0.5,0.1,2.0,0.05,0.2,5.0,124.66496739490496,0.02149472993120184,0.04642772341018283,172.41996994321858,5799.7922185540365,0.009285544682036566,0.004298945986240368,Da<0.1: flow/transport faster than interaction; low capture,140.50284032307465,80.94978391509702,537.2454208842671,758.6980451224388,768.6544061463618,1.007590158956712,Association model: baseline + bulk flow wash-in + binding buildup with random noise.
SYNTHETIC_SIMULATED_TRAINING_DATA_NOT_EXPERIMENTAL,expected_probe_biofilm_interaction,Moderate affinity case matching the corrected KD scale near 150 uM.,2,association_probe_injection,110,110,200.0,0.00019999999999999998,0.5,0.1,2.0,0.05,0.2,5.0,124.66496739490496,0.02149472993120184,0.04642772341018283,172.41996994321858,5799.7922185540365,0.009285544682036566,0.004298945986240368,Da<0.1: flow/transport faster than interaction; low capture,140.50284032307465,80.94978391509702,539.1858586221068,760.6384828602785,774.8329063231181,1.0175008179662979,Association model: baseline + bulk flow wash-in + binding buildup with random noise.
SYNTHETIC_SIMULATED_TRAINING_DATA_NOT_EXPERIMENTAL,expected_probe_biofilm_interaction,Moderate affinity case matching the corrected KD scale near 150 uM.,2,association_probe_injection,120,120,200.0,0.00019999999999999998,0.5,0.1,2.0,0.05,0.2,5.0,124.66496739490496,0.02149472993120184,0.04642772341018283,172.41996994321858,5799.7922185540365,0.009285544682036566,0.004298945986240368,Da<0.1: flow/transport faster than interaction; low capture,140.50284032307465,80.94978391509702,540.4055969514347,761.8582211896064,752.3379824275727,0.9814177049457564,Association model: baseline + bulk flow wash-in + binding buildup with random noise.
SYNTHETIC_SIMULATED_TRAINING_DATA_NOT_EXPERIMENTAL,expected_probe_biofilm_interaction,Moderate affinity case matching the corrected KD scale near 150 uM.,2,dissociation_buffer_wash,130,0,0.0,0.0,0.5,0.1,2.0,0.05,0.2,5.0,124.66496739490496,0.02149472993120184,0.04642772341018283,172.41996994321858,5799.7922185540365,0.009285544682036566,0.004298945986240368,Da<0.1: flow/transport faster than interaction; low capture,140.50284032307465,80.94978391509702,540.4055969514347,761.8582211896064,746.9360457202578,0.9727526970690925,Dissociation model: bulk flow component washes out fast; bound component decays by koff.
SYNTHETIC_SIMULATED_TRAINING_DATA_NOT_EXPERIMENTAL,expected_probe_biofilm_interaction,Moderate affinity case matching the corrected KD scale near 150 uM.,2,dissociation_buffer_wash,140,10,0.0,0.0,0.5,0.1,2.0,0.05,0.2,5.0,124.66496739490496,0.02149472993120184,0.04642772341018283,172.41996994321858,5799.7922185540365,0.009285544682036566,0.004298945986240368,Da<0.1: flow/transport faster than interaction; low capture,140.50284032307465,1.5613188341895538e-20,435.8824791463371,576.3853194694118,567.8806379630246,0.6855378327270619,Dissociation model: bulk flow component washes out fast; bound component decays by koff.
SYNTHETIC_SIMULATED_TRAINING_DATA_NOT_EXPERIMENTAL,expected_probe_biofilm_interaction,Moderate affinity case matching the corrected KD scale near 150 uM.,2,dissociation_buffer_wash,150,20,0.0,0.0,0.5,0.1,2.0,0.05,0.2,5.0,124.66496739490496,0.02149472993120184,0.04642772341018283,172.41996994321858,5799.7922185540365,0.009285544682036566,0.004298945986240368,Da<0.1: flow/transport faster than interaction; low capture,140.50284032307465,3.011393464066303e-42,351.5758102776116,492.0786506006863,473.9141702247387,0.5348103756667135,Dissociation model: bulk flow component washes out fast; bound component decays by koff.
SYNTHETIC_SIMULATED_TRAINING_DATA_NOT_EXPERIMENTAL,expected_probe_biofilm_interaction,Moderate affinity case matching the corrected KD scale near 150 uM.,2,dissociation_buffer_wash,160,30,0.0,0.0,0.5,0.1,2.0,0.05,0.2,5.0,124.66496739490496,0.02149472993120184,0.04642772341018283,172.41996994321858,5799.7922185540365,0.009285544682036566,0.004298945986240368,Da<0.1: flow/transport faster than interaction; low capture,140.50284032307465,5.808224685977418e-64,283.5754045779425,424.0782449010171,414.77081407337505,0.4399411325284251,Dissociation model: bulk flow component washes out fast; bound component decays by koff.
SYNTHETIC_SIMULATED_TRAINING_DATA_NOT_EXPERIMENTAL,expected_probe_biofilm_interaction,Moderate affinity case matching the corrected KD scale near 150 uM.,2,dissociation_buffer_wash,170,40,0.0,0.0,0.5,0.1,2.0,0.05,0.2,5.0,124.66496739490496,0.02149472993120184,0.04642772341018283,172.41996994321858,5799.7922185540365,0.009285544682036566,0.004298945986240368,Da<0.1: flow/transport faster than interaction; low capture,140.50284032307465,1.1202612480019218e-85,228.72736897924347,369.23020930231814,377.10147578690226,0.37951741217660967,Dissociation model: bulk flow component washes out fast; bound component decays by koff.
SYNTHETIC_SIMULATED_TRAINING_DATA_NOT_EXPERIMENTAL,expected_probe_biofilm_interaction,Moderate affinity case matching the corrected KD scale near 150 uM.,2,dissociation_buffer_wash,180,50,0.0,0.0,0.5,0.1,2.0,0.05,0.2,5.0,124.66496739490496,0.02149472993120184,0.04642772341018283,172.41996994321858,5799.7922185540365,0.009285544682036566,0.004298945986240368,Da<0.1: flow/transport faster than interaction; low capture,140.50284032307465,2.1607037117635754e-107,184.4878239635467,324.9906642866214,325.532497311974,0.29679789343962093,Dissociation model: bulk flow component washes out fast; bound component decays by koff.
SYNTHETIC_SIMULATED_TRAINING_DATA_NOT_EXPERIMENTAL,expected_probe_biofilm_interaction,Moderate affinity case matching the corrected KD scale near 150 uM.,2,dissociation_buffer_wash,190,60,0.0,0.0,0.5,0.1,2.0,0.05,0.2,5.0,124.66496739490496,0.02149472993120184,0.04642772341018283,172.41996994321858,5799.7922185540365,0.009285544682036566,0.004298945986240368,Da<0.1: flow/transport faster than interaction; low capture,140.50284032307465,4.167456955559069e-129,148.80491714960996,289.3077574726846,270.0698341607416,0.2078326872358142,Dissociation model: bulk flow component washes out fast; bound component decays by koff.
SYNTHETIC_SIMULATED_TRAINING_DATA_NOT_EXPERIMENTAL,expected_probe_biofilm_interaction,Moderate affinity case matching the corrected KD scale near 150 uM.,2,dissociation_buffer_wash,200,70,0.0,0.0,0.5,0.1,2.0,0.05,0.2,5.0,124.66496739490496,0.02149472993120184,0.04642772341018283,172.41996994321858,5799.7922185540365,0.009285544682036566,0.004298945986240368,Da<0.1: flow/transport faster than interaction; low capture,140.50284032307465,8.037981969430726e-151,120.02365734595875,260.5264976690334,265.28587693143544,0.20015895292170638,Dissociation model: bulk flow component washes out fast; bound component decays by koff.
SYNTHETIC_SIMULATED_TRAINING_DATA_NOT_EXPERIMENTAL,expected_probe_biofilm_interaction,Moderate affinity case matching the corrected KD scale near 150 uM.,2,dissociation_buffer_wash,210,80,0.0,0.0,0.5,0.1,2.0,0.05,0.2,5.0,124.66496739490496,0.02149472993120184,0.04642772341018283,172.41996994321858,5799.7922185540365,0.009285544682036566,0.004298945986240368,Da<0.1: flow/transport faster than interaction; low capture,140.50284032307465,1.5503256501476224e-172,96.80915522580818,237.31199554888283,258.55844083175674,0.1893677700641708,Dissociation model: bulk flow component washes out fast; bound component decays by koff.
SYNTHETIC_SIMULATED_TRAINING_DATA_NOT_EXPERIMENTAL,expected_probe_biofilm_interaction,Moderate affinity case matching the corrected KD scale near 150 uM.,2,dissociation_buffer_wash,220,90,0.0,0.0,0.5,0.1,2.0,0.05,0.2,5.0,124.66496739490496,0.02149472993120184,0.04642772341018283,172.41996994321858,5799.7922185540365,0.009285544682036566,0.004298945986240368,Da<0.1: flow/transport faster than interaction; low capture,140.50284032307465,2.990190362016789e-194,78.08471048770441,218.58755081077908,202.61969068490257,0.09963889375637083,Dissociation model: bulk flow component washes out fast; bound component decays by koff.
SYNTHETIC_SIMULATED_TRAINING_DATA_NOT_EXPERIMENTAL,expected_probe_biofilm_interaction,Moderate affinity case matching the corrected KD scale near 150 uM.,2,dissociation_buffer_wash,230,100,0.0,0.0,0.5,0.1,2.0,0.05,0.2,5.0,124.66496739490496,0.02149472993120184,0.04642772341018283,172.41996994321858,5799.7922185540365,0.009285544682036566,0.004298945986240368,Da<0.1: flow/transport faster than interaction; low capture,140.50284032307465,5.767329206123054e-216,62.98187395321023,203.48471427628488,211.26379849621716,0.11350452497902971,Dissociation model: bulk flow component washes out fast; bound component decays by koff.
SYNTHETIC_SIMULATED_TRAINING_DATA_NOT_EXPERIMENTAL,expected_probe_biofilm_interaction,Moderate affinity case matching the corrected KD scale near 150 uM.,2,dissociation_buffer_wash,240,110,0.0,0.0,0.5,0.1,2.0,0.05,0.2,5.0,124.66496739490496,0.02149472993120184,0.04642772341018283,172.41996994321858,5799.7922185540365,0.009285544682036566,0.004298945986240368,Da<0.1: flow/transport faster than interaction; low capture,140.50284032307465,1.1123735329467703e-237,50.80016845657228,191.30300877964692,229.92422468407023,0.1434368897327113,Dissociation model: bulk flow component washes out fast; bound component decays by koff.
SYNTHETIC_SIMULATED_TRAINING_DATA_NOT_EXPERIMENTAL,expected_probe_biofilm_interaction,Moderate affinity case matching the corrected KD scale near 150 uM.,2,dissociation_buffer_wash,250,120,0.0,0.0,0.5,0.1,2.0,0.05,0.2,5.0,124.66496739490496,0.02149472993120184,0.04642772341018283,172.41996994321858,5799.7922185540365,0.009285544682036566,0.004298945986240368,Da<0.1: flow/transport faster than interaction; low capture,140.50284032307465,2.145490282550169e-259,40.97460036094376,181.4774406840184,169.21625156837277,0.04605791368667606,Dissociation model: bulk flow component washes out fast; bound component decays by koff.
SYNTHETIC_SIMULATED_TRAINING_DATA_NOT_EXPERIMENTAL,expected_probe_biofilm_interaction,Moderate affinity case matching the corrected KD scale near 150 uM.,2,dissociation_buffer_wash,260,130,0.0,0.0,0.5,0.1,2.0,0.05,0.2,5.0,124.66496739490496,0.02149472993120184,0.04642772341018283,172.41996994321858,5799.7922185540365,0.009285544682036566,0.004298945986240368,Da<0.1: flow/transport faster than interaction; low capture,140.50284032307465,4.138114056276702e-281,33.049454868920655,173.5522951919953,169.8219312029865,0.04702945761416341,Dissociation model: bulk flow component washes out fast; bound component decays by koff.
SYNTHETIC_SIMULATED_TRAINING_DATA_NOT_EXPERIMENTAL,expected_probe_biofilm_interaction,Moderate affinity case matching the corrected KD scale near 150 uM.,3,association_probe_injection,0,0,200.0,0.00019999999999999998,0.5,0.1,2.0,0.05,0.2,5.0,129.07385750608663,0.019710915017910287,0.04552568651912761,152.71035823021555,6548.344274672379,0.009105137303825523,0.0039421830035820575,Da<0.1: flow/transport faster than interaction; low capture,139.10589501342466,0.0,0.0,139.10589501342466,144.40145152488262,0.00832988031609909,Association model: baseline + bulk flow wash-in + binding buildup with random noise.
SYNTHETIC_SIMULATED_TRAINING_DATA_NOT_EXPERIMENTAL,expected_probe_biofilm_interaction,Moderate affinity case matching the corrected KD scale near 150 uM.,3,association_probe_injection,10,10,200.0,0.00019999999999999998,0.5,0.1,2.0,0.05,0.2,5.0,129.07385750608663,0.019710915017910287,0.04552568651912761,152.71035823021555,6548.344274672379,0.009105137303825523,0.0039421830035820575,Da<0.1: flow/transport faster than interaction; low capture,139.10589501342466,73.10301493856795,205.7611904236353,417.9701003756279,413.6329483267107,0.43182949566927326,Association model: baseline + bulk flow wash-in + binding buildup with random noise.
SYNTHETIC_SIMULATED_TRAINING_DATA_NOT_EXPERIMENTAL,expected_probe_biofilm_interaction,Moderate affinity case matching the corrected KD scale near 150 uM.,3,association_probe_injection,20,20,200.0,0.00019999999999999998,0.5,0.1,2.0,0.05,0.2,5.0,129.07385750608663,0.019710915017910287,0.04552568651912761,152.71035823021555,6548.344274672379,0.009105137303825523,0.0039421830035820575,Da<0.1: flow/transport faster than interaction; low capture,139.10589501342466,73.10301493856795,336.27243146970744,548.4813414217001,501.25914342656785,0.5696650028832261,Association model: baseline + bulk flow wash-in + binding buildup with random noise.
SYNTHETIC_SIMULATED_TRAINING_DATA_NOT_EXPERIMENTAL,expected_probe_biofilm_interaction,Moderate affinity case matching the corrected KD scale near 150 uM.,3,association_probe_injection,30,30,200.0,0.00019999999999999998,0.5,0.1,2.0,0.05,0.2,5.0,129.07385750608663,0.019710915017910287,0.04552568651912761,152.71035823021555,6548.344274672379,0.009105137303825523,0.0039421830035820575,Da<0.1: flow/transport faster than interaction; low capture,139.10589501342466,73.10301493856795,419.05375677365265,631.2626667256452,596.2744474731618,0.7191235365035176,Association model: baseline + bulk flow wash-in + binding buildup with random noise.
SYNTHETIC_SIMULATED_TRAINING_DATA_NOT_EXPERIMENTAL,expected_probe_biofilm_interaction,Moderate affinity case matching the corrected KD scale near 150 uM.,3,association_probe_injection,40,40,200.0,0.00019999999999999998,0.5,0.1,2.0,0.05,0.2,5.0,129.07385750608663,0.019710915017910287,0.04552568651912761,152.71035823021555,6548.344274672379,0.009105137303825523,0.0039421830035820575,Da<0.1: flow/transport faster than interaction; low capture,139.10589501342466,73.10301493856795,471.5607114554986,683.7696214074913,699.5284820390651,0.8815415464383288,Association model: baseline + bulk flow wash-in + binding buildup with random noise.
SYNTHETIC_SIMULATED_TRAINING_DATA_NOT_EXPERIMENTAL,expected_probe_biofilm_interaction,Moderate affinity case matching the corrected KD scale near 150 uM.,3,association_probe_injection,50,50,200.0,0.00019999999999999998,0.5,0.1,2.0,0.05,0.2,5.0,129.07385750608663,0.019710915017910287,0.04552568651912761,152.71035823021555,6548.344274672379,0.009105137303825523,0.0039421830035820575,Da<0.1: flow/transport faster than interaction; low capture,139.10589501342466,73.10301493856795,504.865086323124,717.0739962751165,693.3358055782678,0.8718005015371644,Association model: baseline + bulk flow wash-in + binding buildup with random noise.
SYNTHETIC_SIMULATED_TRAINING_DATA_NOT_EXPERIMENTAL,expected_probe_biofilm_interaction,Moderate affinity case matching the corrected KD scale near 150 uM.,3,association_probe_injection,60,60,200.0,0.00019999999999999998,0.5,0.1,2.0,0.05,0.2,5.0,129.07385750608663,0.019710915017910287,0.04552568651912761,152.71035823021555,6548.344274672379,0.009105137303825523,0.0039421830035820575,Da<0.1: flow/transport faster than interaction; low capture,139.10589501342466,73.10301493856795,525.9895524446911,738.1984623966837,758.732039341461,0.9746684058249161,Association model: baseline + bulk flow wash-in + binding buildup with random noise.
SYNTHETIC_SIMULATED_TRAINING_DATA_NOT_EXPERIMENTAL,expected_probe_biofilm_interaction,Moderate affinity case matching the corrected KD scale near 150 uM.,3,association_probe_injection,70,70,200.0,0.00019999999999999998,0.5,0.1,2.0,0.05,0.2,5.0,129.07385750608663,0.019710915017910287,0.04552568651912761,152.71035823021555,6548.344274672379,0.009105137303825523,0.0039421830035820575,Da<0.1: flow/transport faster than interaction; low capture,139.10589501342466,73.10301493856795,539.3884848880987,751.5973948400913,770.4044461916308,0.9930290355061128,Association model: baseline + bulk flow wash-in + binding buildup with random noise.
SYNTHETIC_SIMULATED_TRAINING_DATA_NOT_EXPERIMENTAL,expected_probe_biofilm_interaction,Moderate affinity case matching the corrected KD scale near 150 uM.,3,association_probe_injection,80,80,200.0,0.00019999999999999998,0.5,0.1,2.0,0.05,0.2,5.0,129.07385750608663,0.019710915017910287,0.04552568651912761,152.71035823021555,6548.344274672379,0.009105137303825523,0.0039421830035820575,Da<0.1: flow/transport faster than interaction; low capture,139.10589501342466,73.10301493856795,547.88722703807,760.0961369900626,747.088526065691,0.9563532255721475,Association model: baseline + bulk flow wash-in + binding buildup with random noise.
SYNTHETIC_SIMULATED_TRAINING_DATA_NOT_EXPERIMENTAL,expected_probe_biofilm_interaction,Moderate affinity case matching the corrected KD scale near 150 uM.,3,association_probe_injection,90,90,200.0,0.00019999999999999998,0.5,0.1,2.0,0.05,0.2,5.0,129.07385750608663,0.019710915017910287,0.04552568651912761,152.71035823021555,6548.344274672379,0.009105137303825523,0.0039421830035820575,Da<0.1: flow/transport faster than interaction; low capture,139.10589501342466,73.10301493856795,553.277851883502,765.4867618354946,717.1705184761207,0.9092923695548351,Association model: baseline + bulk flow wash-in + binding buildup with random noise.
SYNTHETIC_SIMULATED_TRAINING_DATA_NOT_EXPERIMENTAL,expected_probe_biofilm_interaction,Moderate affinity case matching the corrected KD scale near 150 uM.,3,association_probe_injection,100,100,200.0,0.00019999999999999998,0.5,0.1,2.0,0.05,0.2,5.0,129.07385750608663,0.019710915017910287,0.04552568651912761,152.71035823021555,6548.344274672379,0.009105137303825523,0.0039421830035820575,Da<0.1: flow/transport faster than interaction; low capture,139.10589501342466,73.10301493856795,556.6970444782894,768.905954430282,726.3867464704548,0.9237894438458143,Association model: baseline + bulk flow wash-in + binding buildup with random noise.
SYNTHETIC_SIMULATED_TRAINING_DATA_NOT_EXPERIMENTAL,expected_probe_biofilm_interaction,Moderate affinity case matching the corrected KD scale near 150 uM.,3,association_probe_injection,110,110,200.0,0.00019999999999999998,0.5,0.1,2.0,0.05,0.2,5.0,129.07385750608663,0.019710915017910287,0.04552568651912761,152.71035823021555,6548.344274672379,0.009105137303825523,0.0039421830035820575,Da<0.1: flow/transport faster than interaction; low capture,139.10589501342466,73.10301493856795,558.8657871260282,771.0746970780208,759.553318015202,0.9759602725142101,Association model: baseline + bulk flow wash-in + binding buildup with random noise.
SYNTHETIC_SIMULATED_TRAINING_DATA_NOT_EXPERIMENTAL,expected_probe_biofilm_interaction,Moderate affinity case matching the corrected KD scale near 150 uM.,3,association_probe_injection,120,120,200.0,0.00019999999999999998,0.5,0.1,2.0,0.05,0.2,5.0,129.07385750608663,0.019710915017910287,0.04552568651912761,152.71035823021555,6548.344274672379,0.009105137303825523,0.0039421830035820575,Da<0.1: flow/transport faster than interaction; low capture,139.10589501342466,73.10301493856795,560.2413881024959,772.4502980544885,791.5038744230025,1.0262183162786183,Association model: baseline + bulk flow wash-in + binding buildup with random noise.
SYNTHETIC_SIMULATED_TRAINING_DATA_NOT_EXPERIMENTAL,expected_probe_biofilm_interaction,Moderate affinity case matching the corrected KD scale near 150 uM.,3,dissociation_buffer_wash,130,0,0.0,0.0,0.5,0.1,2.0,0.05,0.2,5.0,129.07385750608663,0.019710915017910287,0.04552568651912761,152.71035823021555,6548.344274672379,0.009105137303825523,0.0039421830035820575,Da<0.1: flow/transport faster than interaction; low capture,139.10589501342466,73.10301493856795,560.2413881024959,772.4502980544885,797.645036870342,1.0358783299291905,Dissociation model: bulk flow component washes out fast; bound component decays by koff.
SYNTHETIC_SIMULATED_TRAINING_DATA_NOT_EXPERIMENTAL,expected_probe_biofilm_interaction,Moderate affinity case matching the corrected KD scale near 150 uM.,3,dissociation_buffer_wash,140,10,0.0,0.0,0.5,0.1,2.0,0.05,0.2,5.0,129.07385750608663,0.019710915017910287,0.04552568651912761,152.71035823021555,6548.344274672379,0.009105137303825523,0.0039421830035820575,Da<0.1: flow/transport faster than interaction; low capture,139.10589501342466,1.4099742894846695e-20,460.0147668693046,599.1206618827292,625.3463339057387,0.7648534487464743,Dissociation model: bulk flow component washes out fast; bound component decays by koff.
SYNTHETIC_SIMULATED_TRAINING_DATA_NOT_EXPERIMENTAL,expected_probe_biofilm_interaction,Moderate affinity case matching the corrected KD scale near 150 uM.,3,dissociation_buffer_wash,150,20,0.0,0.0,0.5,0.1,2.0,0.05,0.2,5.0,129.07385750608663,0.019710915017910287,0.04552568651912761,152.71035823021555,6548.344274672379,0.009105137303825523,0.0039421830035820575,Da<0.1: flow/transport faster than interaction; low capture,139.10589501342466,2.7194876964765894e-42,377.71858743700324,516.8244824504279,513.4761811139288,0.5888823337780617,Dissociation model: bulk flow component washes out fast; bound component decays by koff.
SYNTHETIC_SIMULATED_TRAINING_DATA_NOT_EXPERIMENTAL,expected_probe_biofilm_interaction,Moderate affinity case matching the corrected KD scale near 150 uM.,3,dissociation_buffer_wash,160,30,0.0,0.0,0.5,0.1,2.0,0.05,0.2,5.0,129.07385750608663,0.019710915017910287,0.04552568651912761,152.71035823021555,6548.344274672379,0.009105137303825523,0.0039421830035820575,Da<0.1: flow/transport faster than interaction; low capture,139.10589501342466,5.245211481118967e-64,310.14511178929087,449.25100680271555,451.8356035956101,0.49192205543302736,Dissociation model: bulk flow component washes out fast; bound component decays by koff.
SYNTHETIC_SIMULATED_TRAINING_DATA_NOT_EXPERIMENTAL,expected_probe_biofilm_interaction,Moderate affinity case matching the corrected KD scale near 150 uM.,3,dissociation_buffer_wash,170,40,0.0,0.0,0.5,0.1,2.0,0.05,0.2,5.0,129.07385750608663,0.019710915017910287,0.04552568651912761,152.71035823021555,6548.344274672379,0.009105137303825523,0.0039421830035820575,Da<0.1: flow/transport faster than interaction; low capture,139.10589501342466,1.0116700846746803e-85,254.66046301688695,393.7663580303116,418.84452993144305,0.4400272839340334,Dissociation model: bulk flow component washes out fast; bound component decays by koff.
SYNTHETIC_SIMULATED_TRAINING_DATA_NOT_EXPERIMENTAL,expected_probe_biofilm_interaction,Moderate affinity case matching the corrected KD scale near 150 uM.,3,dissociation_buffer_wash,180,50,0.0,0.0,0.5,0.1,2.0,0.05,0.2,5.0,129.07385750608663,0.019710915017910287,0.04552568651912761,152.71035823021555,6548.344274672379,0.009105137303825523,0.0039421830035820575,Da<0.1: flow/transport faster than interaction; low capture,139.10589501342466,1.9512585220059335e-107,209.1019621422727,348.20785715569735,340.7541038885406,0.31719148728770974,Dissociation model: bulk flow component washes out fast; bound component decays by koff.
SYNTHETIC_SIMULATED_TRAINING_DATA_NOT_EXPERIMENTAL,expected_probe_biofilm_interaction,Moderate affinity case matching the corrected KD scale near 150 uM.,3,dissociation_buffer_wash,190,60,0.0,0.0,0.5,0.1,2.0,0.05,0.2,5.0,129.07385750608663,0.019710915017910287,0.04552568651912761,152.71035823021555,6548.344274672379,0.009105137303825523,0.0039421830035820575,Da<0.1: flow/transport faster than interaction; low capture,139.10589501342466,3.763489577657243e-129,171.6938312833,310.79972629672466,321.6807965319453,0.2871892831437549,Dissociation model: bulk flow component washes out fast; bound component decays by koff.
SYNTHETIC_SIMULATED_TRAINING_DATA_NOT_EXPERIMENTAL,expected_probe_biofilm_interaction,Moderate affinity case matching the corrected KD scale near 150 uM.,3,dissociation_buffer_wash,200,70,0.0,0.0,0.5,0.1,2.0,0.05,0.2,5.0,129.07385750608663,0.019710915017910287,0.04552568651912761,152.71035823021555,6548.344274672379,0.009105137303825523,0.0039421830035820575,Da<0.1: flow/transport faster than interaction; low capture,139.10589501342466,7.258829950720197e-151,140.97797743610352,280.08387244952814,272.64382226657904,0.21005440113270965,Dissociation model: bulk flow component washes out fast; bound component decays by koff.
SYNTHETIC_SIMULATED_TRAINING_DATA_NOT_EXPERIMENTAL,expected_probe_biofilm_interaction,Moderate affinity case matching the corrected KD scale near 150 uM.,3,dissociation_buffer_wash,210,80,0.0,0.0,0.5,0.1,2.0,0.05,0.2,5.0,129.07385750608663,0.019710915017910287,0.04552568651912761,152.71035823021555,6548.344274672379,0.009105137303825523,0.0039421830035820575,Da<0.1: flow/transport faster than interaction; low capture,139.10589501342466,1.400046716384751e-172,115.75715896968077,254.86305398310543,256.16029210801986,0.18412590181247387,Dissociation model: bulk flow component washes out fast; bound component decays by koff.
SYNTHETIC_SIMULATED_TRAINING_DATA_NOT_EXPERIMENTAL,expected_probe_biofilm_interaction,Moderate affinity case matching the corrected KD scale near 150 uM.,3,dissociation_buffer_wash,220,90,0.0,0.0,0.5,0.1,2.0,0.05,0.2,5.0,129.07385750608663,0.019710915017910287,0.04552568651912761,152.71035823021555,6548.344274672379,0.009105137303825523,0.0039421830035820575,Da<0.1: flow/transport faster than interaction; low capture,139.10589501342466,2.7003398913694712e-194,95.04831957746876,234.15421459089342,243.5707209686312,0.16432257791342436,Dissociation model: bulk flow component washes out fast; bound component decays by koff.
SYNTHETIC_SIMULATED_TRAINING_DATA_NOT_EXPERIMENTAL,expected_probe_biofilm_interaction,Moderate affinity case matching the corrected KD scale near 150 uM.,3,dissociation_buffer_wash,230,100,0.0,0.0,0.5,0.1,2.0,0.05,0.2,5.0,129.07385750608663,0.019710915017910287,0.04552568651912761,152.71035823021555,6548.344274672379,0.009105137303825523,0.0039421830035820575,Da<0.1: flow/transport faster than interaction; low capture,139.10589501342466,5.20828015492977e-216,78.04427073807912,217.15016575150378,223.95260962548346,0.13346340019286876,Dissociation model: bulk flow component washes out fast; bound component decays by koff.
SYNTHETIC_SIMULATED_TRAINING_DATA_NOT_EXPERIMENTAL,expected_probe_biofilm_interaction,Moderate affinity case matching the corrected KD scale near 150 uM.,3,dissociation_buffer_wash,240,110,0.0,0.0,0.5,0.1,2.0,0.05,0.2,5.0,129.07385750608663,0.019710915017910287,0.04552568651912761,152.71035823021555,6548.344274672379,0.009105137303825523,0.0039421830035820575,Da<0.1: flow/transport faster than interaction; low capture,139.10589501342466,1.0045469556974283e-237,64.08222914529513,203.1881241587198,186.9288617039427,0.0752252549908363,Dissociation model: bulk flow component washes out fast; bound component decays by koff.
SYNTHETIC_SIMULATED_TRAINING_DATA_NOT_EXPERIMENTAL,expected_probe_biofilm_interaction,Moderate affinity case matching the corrected KD scale near 150 uM.,3,dissociation_buffer_wash,250,120,0.0,0.0,0.5,0.1,2.0,0.05,0.2,5.0,129.07385750608663,0.019710915017910287,0.04552568651912761,152.71035823021555,6548.344274672379,0.009105137303825523,0.0039421830035820575,Da<0.1: flow/transport faster than interaction; low capture,139.10589501342466,1.9375197880740312e-259,52.61798276021899,191.72387777364366,202.83263943670622,0.10024180703803347,Dissociation model: bulk flow component washes out fast; bound component decays by koff.
SYNTHETIC_SIMULATED_TRAINING_DATA_NOT_EXPERIMENTAL,expected_probe_biofilm_interaction,Moderate affinity case matching the corrected KD scale near 150 uM.,3,dissociation_buffer_wash,260,130,0.0,0.0,0.5,0.1,2.0,0.05,0.2,5.0,129.07385750608663,0.019710915017910287,0.04552568651912761,152.71035823021555,6548.344274672379,0.009105137303825523,0.0039421830035820575,Da<0.1: flow/transport faster than interaction; low capture,139.10589501342466,3.73699099667487e-281,43.20467853072457,182.31057354414924,195.34088244980967,0.08845731584751909,Dissociation model: bulk flow component washes out fast; bound component decays by koff.
SYNTHETIC_SIMULATED_TRAINING_DATA_NOT_EXPERIMENTAL,strong_retained_interaction,Strong binding and slow dissociation; signal remains after wash.,1,association_probe_injection,0,0,200.0,0.00019999999999999998,0.005,0.1,2.0,0.05,20.0,0.049999999999999996,3911.90748109031,0.004875691133915569,0.7872571873519775,1.2463717911234031,802328.8132176526,15.745143747039549,0.09751382267831138,Da>1: interaction/retention dominates over residence time,146.30441402051093,0.0,0.0,146.30441402051093,157.86809206754103,0.015084276570957206,Association model: baseline + bulk flow wash-in + binding buildup with random noise.
SYNTHETIC_SIMULATED_TRAINING_DATA_NOT_EXPERIMENTAL,strong_retained_interaction,Strong binding and slow dissociation; signal remains after wash.,1,association_probe_injection,10,10,200.0,0.00019999999999999998,0.005,0.1,2.0,0.05,20.0,0.049999999999999996,3911.90748109031,0.004875691133915569,0.7872571873519775,1.2463717911234031,802328.8132176526,15.745143747039549,0.09751382267831138,Da>1: interaction/retention dominates over residence time,146.30441402051093,25.39538388271548,701.7950075514066,873.494805454633,863.3477560781593,0.9353494658854616,Association model: baseline + bulk flow wash-in + binding buildup with random noise.
SYNTHETIC_SIMULATED_TRAINING_DATA_NOT_EXPERIMENTAL,strong_retained_interaction,Strong binding and slow dissociation; signal remains after wash.,1,association_probe_injection,20,20,200.0,0.00019999999999999998,0.005,0.1,2.0,0.05,20.0,0.049999999999999996,3911.90748109031,0.004875691133915569,0.7872571873519775,1.2463717911234031,802328.8132176526,15.745143747039549,0.09751382267831138,Da>1: interaction/retention dominates over residence time,146.30441402051093,40.79846282275448,702.0624287009467,889.1653055442122,900.2096352468112,0.9834340612921938,Association model: baseline + bulk flow wash-in + binding buildup with random noise.
SYNTHETIC_SIMULATED_TRAINING_DATA_NOT_EXPERIMENTAL,strong_retained_interaction,Strong binding and slow dissociation; signal remains after wash.,1,association_probe_injection,30,30,200.0,0.00019999999999999998,0.005,0.1,2.0,0.05,20.0,0.049999999999999996,3911.90748109031,0.004875691133915569,0.7872571873519775,1.2463717911234031,802328.8132176526,15.745143747039549,0.09751382267831138,Da>1: interaction/retention dominates over residence time,146.30441402051093,50.1409024538621,702.0625306025995,898.5078470769726,876.6102546233852,0.9526497742531342,Association model: baseline + bulk flow wash-in + binding buildup with random noise.
SYNTHETIC_SIMULATED_TRAINING_DATA_NOT_EXPERIMENTAL,strong_retained_interaction,Strong binding and slow dissociation; signal remains after wash.,1,association_probe_injection,40,40,200.0,0.00019999999999999998,0.005,0.1,2.0,0.05,20.0,0.049999999999999996,3911.90748109031,0.004875691133915569,0.7872571873519775,1.2463717911234031,802328.8132176526,15.745143747039549,0.09751382267831138,Da>1: interaction/retention dominates over residence time,146.30441402051093,55.80737852664326,702.0625306414295,904.1743231885837,870.0701403791054,0.9441185014465803,Association model: baseline + bulk flow wash-in + binding buildup with random noise.
SYNTHETIC_SIMULATED_TRAINING_DATA_NOT_EXPERIMENTAL,strong_retained_interaction,Strong binding and slow dissociation; signal remains after wash.,1,association_probe_injection,50,50,200.0,0.00019999999999999998,0.005,0.1,2.0,0.05,20.0,0.049999999999999996,3911.90748109031,0.004875691133915569,0.7872571873519775,1.2463717911234031,802328.8132176526,15.745143747039549,0.09751382267831138,Da>1: interaction/retention dominates over residence time,146.30441402051093,59.24426999731307,702.0625306414443,907.6112146592683,873.1814564689412,0.9481770676058834,Association model: baseline + bulk flow wash-in + binding buildup with random noise.
SYNTHETIC_SIMULATED_TRAINING_DATA_NOT_EXPERIMENTAL,strong_retained_interaction,Strong binding and slow dissociation; signal remains after wash.,1,association_probe_injection,60,60,200.0,0.00019999999999999998,0.005,0.1,2.0,0.05,20.0,0.049999999999999996,3911.90748109031,0.004875691133915569,0.7872571873519775,1.2463717911234031,802328.8132176526,15.745143747039549,0.09751382267831138,Da>1: interaction/retention dominates over residence time,146.30441402051093,61.32885004837915,702.0625306414443,909.6957947103343,897.4693711307673,0.9798595150590866,Association model: baseline + bulk flow wash-in + binding buildup with random noise.
SYNTHETIC_SIMULATED_TRAINING_DATA_NOT_EXPERIMENTAL,strong_retained_interaction,Strong binding and slow dissociation; signal remains after wash.,1,association_probe_injection,70,70,200.0,0.00019999999999999998,0.005,0.1,2.0,0.05,20.0,0.049999999999999996,3911.90748109031,0.004875691133915569,0.7872571873519775,1.2463717911234031,802328.8132176526,15.745143747039549,0.09751382267831138,Da>1: interaction/retention dominates over residence time,146.30441402051093,62.59321176197606,702.0625306414443,910.9601564239313,913.5189803528381,1.0007954788049538,Association model: baseline + bulk flow wash-in + binding buildup with random noise.
SYNTHETIC_SIMULATED_TRAINING_DATA_NOT_EXPERIMENTAL,strong_retained_interaction,Strong binding and slow dissociation; signal remains after wash.,1,association_probe_injection,80,80,200.0,0.00019999999999999998,0.005,0.1,2.0,0.05,20.0,0.049999999999999996,3911.90748109031,0.004875691133915569,0.7872571873519775,1.2463717911234031,802328.8132176526,15.745143747039549,0.09751382267831138,Da>1: interaction/retention dominates over residence time,146.30441402051093,63.360085906239384,702.0625306414443,911.7270305681946,928.8368560394631,1.0207769304154934,Association model: baseline + bulk flow wash-in + binding buildup with random noise.
SYNTHETIC_SIMULATED_TRAINING_DATA_NOT_EXPERIMENTAL,strong_retained_interaction,Strong binding and slow dissociation; signal remains after wash.,1,association_probe_injection,90,90,200.0,0.00019999999999999998,0.005,0.1,2.0,0.05,20.0,0.049999999999999996,3911.90748109031,0.004875691133915569,0.7872571873519775,1.2463717911234031,802328.8132176526,15.745143747039549,0.09751382267831138,Da>1: interaction/retention dominates over residence time,146.30441402051093,63.825218586875984,702.0625306414443,912.1921632488312,938.5638137978569,1.0334652913699316,Association model: baseline + bulk flow wash-in + binding buildup with random noise.
SYNTHETIC_SIMULATED_TRAINING_DATA_NOT_EXPERIMENTAL,strong_retained_interaction,Strong binding and slow dissociation; signal remains after wash.,1,association_probe_injection,100,100,200.0,0.00019999999999999998,0.005,0.1,2.0,0.05,20.0,0.049999999999999996,3911.90748109031,0.004875691133915569,0.7872571873519775,1.2463717911234031,802328.8132176526,15.745143747039549,0.09751382267831138,Da>1: interaction/retention dominates over residence time,146.30441402051093,64.1073358185164,702.0625306414443,912.4742804804716,939.6832683614407,1.034925567432361,Association model: baseline + bulk flow wash-in + binding buildup with random noise.
SYNTHETIC_SIMULATED_TRAINING_DATA_NOT_EXPERIMENTAL,strong_retained_interaction,Strong binding and slow dissociation; signal remains after wash.,1,association_probe_injection,110,110,200.0,0.00019999999999999998,0.005,0.1,2.0,0.05,20.0,0.049999999999999996,3911.90748109031,0.004875691133915569,0.7872571873519775,1.2463717911234031,802328.8132176526,15.745143747039549,0.09751382267831138,Da>1: interaction/retention dominates over residence time,146.30441402051093,64.27844856913957,702.0625306414443,912.6453932310948,918.0691327873045,1.0067309396057784,Association model: baseline + bulk flow wash-in + binding buildup with random noise.
SYNTHETIC_SIMULATED_TRAINING_DATA_NOT_EXPERIMENTAL,strong_retained_interaction,Strong binding and slow dissociation; signal remains after wash.,1,association_probe_injection,120,120,200.0,0.00019999999999999998,0.005,0.1,2.0,0.05,20.0,0.049999999999999996,3911.90748109031,0.004875691133915569,0.7872571873519775,1.2463717911234031,802328.8132176526,15.745143747039549,0.09751382267831138,Da>1: interaction/retention dominates over residence time,146.30441402051093,64.38223369866027,702.0625306414443,912.7491783606155,915.1966768740414,1.0029839553627615,Association model: baseline + bulk flow wash-in + binding buildup with random noise.
SYNTHETIC_SIMULATED_TRAINING_DATA_NOT_EXPERIMENTAL,strong_retained_interaction,Strong binding and slow dissociation; signal remains after wash.,1,dissociation_buffer_wash,130,0,0.0,0.0,0.005,0.1,2.0,0.05,20.0,0.049999999999999996,3911.90748109031,0.004875691133915569,0.7872571873519775,1.2463717911234031,802328.8132176526,15.745143747039549,0.09751382267831138,Da>1: interaction/retention dominates over residence time,146.30441402051093,64.38223369866027,702.0625306414443,912.7491783606155,925.5173851238696,1.0164468360323382,Dissociation model: bulk flow component washes out fast; bound component decays by koff.
SYNTHETIC_SIMULATED_TRAINING_DATA_NOT_EXPERIMENTAL,strong_retained_interaction,Strong binding and slow dissociation; signal remains after wash.,1,dissociation_buffer_wash,140,10,0.0,0.0,0.005,0.1,2.0,0.05,20.0,0.049999999999999996,3911.90748109031,0.004875691133915569,0.7872571873519775,1.2463717911234031,802328.8132176526,15.745143747039549,0.09751382267831138,Da>1: interaction/retention dominates over residence time,146.30441402051093,39.04979867902136,668.6532158055013,854.0074285050337,881.9825654411443,0.9596577021693768,Dissociation model: bulk flow component washes out fast; bound component decays by koff.
SYNTHETIC_SIMULATED_TRAINING_DATA_NOT_EXPERIMENTAL,strong_retained_interaction,Strong binding and slow dissociation; signal remains after wash.,1,dissociation_buffer_wash,150,20,0.0,0.0,0.005,0.1,2.0,0.05,20.0,0.049999999999999996,3911.90748109031,0.004875691133915569,0.7872571873519775,1.2463717911234031,802328.8132176526,15.745143747039549,0.09751382267831138,Da>1: interaction/retention dominates over residence time,146.30441402051093,23.68490015443235,636.8337626543678,806.823076829311,831.0896602693902,0.8932702903106212,Dissociation model: bulk flow component washes out fast; bound component decays by koff.
SYNTHETIC_SIMULATED_TRAINING_DATA_NOT_EXPERIMENTAL,strong_retained_interaction,Strong binding and slow dissociation; signal remains after wash.,1,dissociation_buffer_wash,160,30,0.0,0.0,0.005,0.1,2.0,0.05,20.0,0.049999999999999996,3911.90748109031,0.004875691133915569,0.7872571873519775,1.2463717911234031,802328.8132176526,15.745143747039549,0.09751382267831138,Da>1: interaction/retention dominates over residence time,146.30441402051093,14.365618115895705,606.5285138395097,767.1985459759164,752.1775105953283,0.7903330859322932,Dissociation model: bulk flow component washes out fast; bound component decays by koff.
SYNTHETIC_SIMULATED_TRAINING_DATA_NOT_EXPERIMENTAL,strong_retained_interaction,Strong binding and slow dissociation; signal remains after wash.,1,dissociation_buffer_wash,170,40,0.0,0.0,0.005,0.1,2.0,0.05,20.0,0.049999999999999996,3911.90748109031,0.004875691133915569,0.7872571873519775,1.2463717911234031,802328.8132176526,15.745143747039549,0.09751382267831138,Da>1: interaction/retention dominates over residence time,146.30441402051093,8.713187833013981,577.6654123472158,732.6830142007407,768.3849275618691,0.8114749024918537,Dissociation model: bulk flow component washes out fast; bound component decays by koff.
SYNTHETIC_SIMULATED_TRAINING_DATA_NOT_EXPERIMENTAL,strong_retained_interaction,Strong binding and slow dissociation; signal remains after wash.,1,dissociation_buffer_wash,180,50,0.0,0.0,0.005,0.1,2.0,0.05,20.0,0.049999999999999996,3911.90748109031,0.004875691133915569,0.7872571873519775,1.2463717911234031,802328.8132176526,15.745143747039549,0.09751382267831138,Da>1: interaction/retention dominates over residence time,146.30441402051093,5.284815564558059,550.1758301681043,701.7650597531733,740.352868133845,0.7749083935017127,Dissociation model: bulk flow component washes out fast; bound component decays by koff.
SYNTHETIC_SIMULATED_TRAINING_DATA_NOT_EXPERIMENTAL,strong_retained_interaction,Strong binding and slow dissociation; signal remains after wash.,1,dissociation_buffer_wash,190,60,0.0,0.0,0.005,0.1,2.0,0.05,20.0,0.049999999999999996,3911.90748109031,0.004875691133915569,0.7872571873519775,1.2463717911234031,802328.8132176526,15.745143747039549,0.09751382267831138,Da>1: interaction/retention dominates over residence time,146.30441402051093,3.205402670830994,523.9944051197991,673.5042218111411,723.5827622118197,0.7530325755462789,Dissociation model: bulk flow component washes out fast; bound component decays by koff.
SYNTHETIC_SIMULATED_TRAINING_DATA_NOT_EXPERIMENTAL,strong_retained_interaction,Strong binding and slow dissociation; signal remains after wash.,1,dissociation_buffer_wash,200,70,0.0,0.0,0.005,0.1,2.0,0.05,20.0,0.049999999999999996,3911.90748109031,0.004875691133915569,0.7872571873519775,1.2463717911234031,802328.8132176526,15.745143747039549,0.09751382267831138,Da>1: interaction/retention dominates over residence time,146.30441402051093,1.94417499658376,499.05888543478585,647.3074744518806,647.5906590943887,0.6539044351769236,Dissociation model: bulk flow component washes out fast; bound component decays by koff.
SYNTHETIC_SIMULATED_TRAINING_DATA_NOT_EXPERIMENTAL,strong_retained_interaction,Strong binding and slow dissociation; signal remains after wash.,1,dissociation_buffer_wash,210,80,0.0,0.0,0.005,0.1,2.0,0.05,20.0,0.049999999999999996,3911.90748109031,0.004875691133915569,0.7872571873519775,1.2463717911234031,802328.8132176526,15.745143747039549,0.09751382267831138,Da>1: interaction/retention dominates over residence time,146.30441402051093,1.1792017432747548,475.3099817439253,622.793597507711,622.8151223422362,0.6215859075386204,Dissociation model: bulk flow component washes out fast; bound component decays by koff.
SYNTHETIC_SIMULATED_TRAINING_DATA_NOT_EXPERIMENTAL,strong_retained_interaction,Strong binding and slow dissociation; signal remains after wash.,1,dissociation_buffer_wash,220,90,0.0,0.0,0.005,0.1,2.0,0.05,20.0,0.049999999999999996,3911.90748109031,0.004875691133915569,0.7872571873519775,1.2463717911234031,802328.8132176526,15.745143747039549,0.09751382267831138,Da>1: interaction/retention dominates over residence time,146.30441402051093,0.7152220112827241,452.69122610368277,599.7108621354764,574.8668833730939,0.5590396748642641,Dissociation model: bulk flow component washes out fast; bound component decays by koff.
SYNTHETIC_SIMULATED_TRAINING_DATA_NOT_EXPERIMENTAL,strong_retained_interaction,Strong binding and slow dissociation; signal remains after wash.,1,dissociation_buffer_wash,230,100,0.0,0.0,0.005,0.1,2.0,0.05,20.0,0.049999999999999996,3911.90748109031,0.004875691133915569,0.7872571873519775,1.2463717911234031,802328.8132176526,15.745143747039549,0.09751382267831138,Da>1: interaction/retention dominates over residence time,146.30441402051093,0.43380407834430723,431.1488377318824,577.8870558307376,593.6456490070622,0.5835356953632709,Dissociation model: bulk flow component washes out fast; bound component decays by koff.
SYNTHETIC_SIMULATED_TRAINING_DATA_NOT_EXPERIMENTAL,strong_retained_interaction,Strong binding and slow dissociation; signal remains after wash.,1,dissociation_buffer_wash,240,110,0.0,0.0,0.005,0.1,2.0,0.05,20.0,0.049999999999999996,3911.90748109031,0.004875691133915569,0.7872571873519775,1.2463717911234031,802328.8132176526,15.745143747039549,0.09751382267831138,Da>1: interaction/retention dominates over residence time,146.30441402051093,0.2631154738242038,410.6315951327443,557.1991246270794,568.0730094725235,0.5501773844677642,Dissociation model: bulk flow component washes out fast; bound component decays by koff.
SYNTHETIC_SIMULATED_TRAINING_DATA_NOT_EXPERIMENTAL,strong_retained_interaction,Strong binding and slow dissociation; signal remains after wash.,1,dissociation_buffer_wash,250,120,0.0,0.0,0.005,0.1,2.0,0.05,20.0,0.049999999999999996,3911.90748109031,0.004875691133915569,0.7872571873519775,1.2463717911234031,802328.8132176526,15.745143747039549,0.09751382267831138,Da>1: interaction/retention dominates over residence time,146.30441402051093,0.15958760191919646,391.09071430715625,537.5547159295863,546.4596371589432,0.5219837522788391,Dissociation model: bulk flow component washes out fast; bound component decays by koff.
SYNTHETIC_SIMULATED_TRAINING_DATA_NOT_EXPERIMENTAL,strong_retained_interaction,Strong binding and slow dissociation; signal remains after wash.,1,dissociation_buffer_wash,260,130,0.0,0.0,0.005,0.1,2.0,0.05,20.0,0.049999999999999996,3911.90748109031,0.004875691133915569,0.7872571873519775,1.2463717911234031,802328.8132176526,15.745143747039549,0.09751382267831138,Da>1: interaction/retention dominates over residence time,146.30441402051093,0.09679477347400736,372.4797327585986,518.8809415525835,528.2099142789835,0.49817784328128284,Dissociation model: bulk flow component washes out fast; bound component decays by koff.
SYNTHETIC_SIMULATED_TRAINING_DATA_NOT_EXPERIMENTAL,strong_retained_interaction,Strong binding and slow dissociation; signal remains after wash.,2,association_probe_injection,0,0,200.0,0.00019999999999999998,0.005,0.1,2.0,0.05,20.0,0.049999999999999996,3994.227246059836,0.00527993316996501,0.8041253823819321,1.3218910304048115,756492.008039243,16.082507647638643,0.10559866339930019,Da>1: interaction/retention dominates over residence time,142.16614569028053,0.0,0.0,142.16614569028053,130.97761028553327,-0.014936710071749822,Association model: baseline + bulk flow wash-in + binding buildup with random noise.
SYNTHETIC_SIMULATED_TRAINING_DATA_NOT_EXPERIMENTAL,strong_retained_interaction,Strong binding and slow dissociation; signal remains after wash.,2,association_probe_injection,10,10,200.0,0.00019999999999999998,0.005,0.1,2.0,0.05,20.0,0.049999999999999996,3994.227246059836,0.00527993316996501,0.8041253823819321,1.3218910304048115,756492.008039243,16.082507647638643,0.10559866339930019,Da>1: interaction/retention dominates over residence time,142.16614569028053,25.402656902023327,684.2818558719723,851.8506584642762,830.6035957882102,0.9190649376936749,Association model: baseline + bulk flow wash-in + binding buildup with random noise.
SYNTHETIC_SIMULATED_TRAINING_DATA_NOT_EXPERIMENTAL,strong_retained_interaction,Strong binding and slow dissociation; signal remains after wash.,2,association_probe_injection,20,20,200.0,0.00019999999999999998,0.005,0.1,2.0,0.05,20.0,0.049999999999999996,3994.227246059836,0.00527993316996501,0.8041253823819321,1.3218910304048115,756492.008039243,16.082507647638643,0.10559866339930019,Da>1: interaction/retention dominates over residence time,142.16614569028053,40.81014715126122,684.5021296807598,867.4784225223016,916.7259652039075,1.0340384186828484,Association model: baseline + bulk flow wash-in + binding buildup with random noise.
SYNTHETIC_SIMULATED_TRAINING_DATA_NOT_EXPERIMENTAL,strong_retained_interaction,Strong binding and slow dissociation; signal remains after wash.,2,association_probe_injection,30,30,200.0,0.00019999999999999998,0.005,0.1,2.0,0.05,20.0,0.049999999999999996,3994.227246059836,0.00527993316996501,0.8041253823819321,1.3218910304048115,756492.008039243,16.082507647638643,0.10559866339930019,Da>1: interaction/retention dominates over residence time,142.16614569028053,50.15526237664744,684.5022005880189,876.8236086549468,871.1023251019251,0.9731307967315407,Association model: baseline + bulk flow wash-in + binding buildup with random noise.
SYNTHETIC_SIMULATED_TRAINING_DATA_NOT_EXPERIMENTAL,strong_retained_interaction,Strong binding and slow dissociation; signal remains after wash.,2,association_probe_injection,40,40,200.0,0.00019999999999999998,0.005,0.1,2.0,0.05,20.0,0.049999999999999996,3994.227246059836,0.00527993316996501,0.8041253823819321,1.3218910304048115,756492.008039243,16.082507647638643,0.10559866339930019,Da>1: interaction/retention dominates over residence time,142.16614569028053,55.82336127939153,684.5022006108443,882.4917075805163,920.0903249492166,1.0385298435454293,Association model: baseline + bulk flow wash-in + binding buildup with random noise.
SYNTHETIC_SIMULATED_TRAINING_DATA_NOT_EXPERIMENTAL,strong_retained_interaction,Strong binding and slow dissociation; signal remains after wash.,2,association_probe_injection,50,50,200.0,0.00019999999999999998,0.005,0.1,2.0,0.05,20.0,0.049999999999999996,3994.227246059836,0.00527993316996501,0.8041253823819321,1.3218910304048115,756492.008039243,16.082507647638643,0.10559866339930019,Da>1: interaction/retention dominates over residence time,142.16614569028053,59.26123704618934,684.5022006108517,885.9295833473216,905.1410141747117,1.0185724932101459,Association model: baseline + bulk flow wash-in + binding buildup with random noise.
SYNTHETIC_SIMULATED_TRAINING_DATA_NOT_EXPERIMENTAL,strong_retained_interaction,Strong binding and slow dissociation; signal remains after wash.,2,association_probe_injection,60,60,200.0,0.00019999999999999998,0.005,0.1,2.0,0.05,20.0,0.049999999999999996,3994.227246059836,0.00527993316996501,0.8041253823819321,1.3218910304048115,756492.008039243,16.082507647638643,0.10559866339930019,Da>1: interaction/retention dominates over residence time,142.16614569028053,61.34641410303531,684.5022006108517,888.0147604041675,845.3863478819677,0.938799931962301,Association model: baseline + bulk flow wash-in + binding buildup with random noise.
SYNTHETIC_SIMULATED_TRAINING_DATA_NOT_EXPERIMENTAL,strong_retained_interaction,Strong binding and slow dissociation; signal remains after wash.,2,association_probe_injection,70,70,200.0,0.00019999999999999998,0.005,0.1,2.0,0.05,20.0,0.049999999999999996,3994.227246059836,0.00527993316996501,0.8041253823819321,1.3218910304048115,756492.008039243,16.082507647638643,0.10559866339930019,Da>1: interaction/retention dominates over residence time,142.16614569028053,62.611137918941736,684.5022006108517,889.279484220074,918.4277147673683,1.0363102566781377,Association model: baseline + bulk flow wash-in + binding buildup with random noise.
SYNTHETIC_SIMULATED_TRAINING_DATA_NOT_EXPERIMENTAL,strong_retained_interaction,Strong binding and slow dissociation; signal remains after wash.,2,association_probe_injection,80,80,200.0,0.00019999999999999998,0.005,0.1,2.0,0.05,20.0,0.049999999999999996,3994.227246059836,0.00527993316996501,0.8041253823819321,1.3218910304048115,756492.008039243,16.082507647638643,0.10559866339930019,Da>1: interaction/retention dominates over residence time,142.16614569028053,63.37823168935773,684.5022006108517,890.0465779904899,917.9795929181363,1.0357120133963622,Association model: baseline + bulk flow wash-in + binding buildup with random noise.
SYNTHETIC_SIMULATED_TRAINING_DATA_NOT_EXPERIMENTAL,strong_retained_interaction,Strong binding and slow dissociation; signal remains after wash.,2,association_probe_injection,90,90,200.0,0.00019999999999999998,0.005,0.1,2.0,0.05,20.0,0.049999999999999996,3994.227246059836,0.00527993316996501,0.8041253823819321,1.3218910304048115,756492.008039243,16.082507647638643,0.10559866339930019,Da>1: interaction/retention dominates over residence time,142.16614569028053,63.84349757998961,684.5022006108517,890.5118438811219,917.019186953059,1.0344298701191061,Association model: baseline + bulk flow wash-in + binding buildup with random noise.
SYNTHETIC_SIMULATED_TRAINING_DATA_NOT_EXPERIMENTAL,strong_retained_interaction,Strong binding and slow dissociation; signal remains after wash.,2,association_probe_injection,100,100,200.0,0.00019999999999999998,0.005,0.1,2.0,0.05,20.0,0.049999999999999996,3994.227246059836,0.00527993316996501,0.8041253823819321,1.3218910304048115,756492.008039243,16.082507647638643,0.10559866339930019,Da>1: interaction/retention dominates over residence time,142.16614569028053,64.12569560757633,684.5022006108517,890.7940419087086,864.5897260677514,0.9644364681113947,Association model: baseline + bulk flow wash-in + binding buildup with random noise.
SYNTHETIC_SIMULATED_TRAINING_DATA_NOT_EXPERIMENTAL,strong_retained_interaction,Strong binding and slow dissociation; signal remains after wash.,2,association_probe_injection,110,110,200.0,0.00019999999999999998,0.005,0.1,2.0,0.05,20.0,0.049999999999999996,3994.227246059836,0.00527993316996501,0.8041253823819321,1.3218910304048115,756492.008039243,16.082507647638643,0.10559866339930019,Da>1: interaction/retention dominates over residence time,142.16614569028053,64.29685736341813,684.5022006108517,890.9652036645504,879.1489585570887,0.9838730634023352,Association model: baseline + bulk flow wash-in + binding buildup with random noise.
SYNTHETIC_SIMULATED_TRAINING_DATA_NOT_EXPERIMENTAL,strong_retained_interaction,Strong binding and slow dissociation; signal remains after wash.,2,association_probe_injection,120,120,200.0,0.00019999999999999998,0.005,0.1,2.0,0.05,20.0,0.049999999999999996,3994.227246059836,0.00527993316996501,0.8041253823819321,1.3218910304048115,756492.008039243,16.082507647638643,0.10559866339930019,Da>1: interaction/retention dominates over residence time,142.16614569028053,64.40067221610641,684.5022006108517,891.0690185172386,901.7763947608241,1.0140807216896575,Association model: baseline + bulk flow wash-in + binding buildup with random noise.
SYNTHETIC_SIMULATED_TRAINING_DATA_NOT_EXPERIMENTAL,strong_retained_interaction,Strong binding and slow dissociation; signal remains after wash.,2,dissociation_buffer_wash,130,0,0.0,0.0,0.005,0.1,2.0,0.05,20.0,0.049999999999999996,3994.227246059836,0.00527993316996501,0.8041253823819321,1.3218910304048115,756492.008039243,16.082507647638643,0.10559866339930019,Da>1: interaction/retention dominates over residence time,142.16614569028053,64.40067221610641,684.5022006108517,891.0690185172386,923.6109615439519,1.043229898215788,Dissociation model: bulk flow component washes out fast; bound component decays by koff.
SYNTHETIC_SIMULATED_TRAINING_DATA_NOT_EXPERIMENTAL,strong_retained_interaction,Strong binding and slow dissociation; signal remains after wash.,2,dissociation_buffer_wash,140,10,0.0,0.0,0.005,0.1,2.0,0.05,20.0,0.049999999999999996,3994.227246059836,0.00527993316996501,0.8041253823819321,1.3218910304048115,756492.008039243,16.082507647638643,0.10559866339930019,Da>1: interaction/retention dominates over residence time,142.16614569028053,39.06098220517209,649.2984861110822,830.5256140065349,808.0819975845382,0.8889985732812284,Dissociation model: bulk flow component washes out fast; bound component decays by koff.
SYNTHETIC_SIMULATED_TRAINING_DATA_NOT_EXPERIMENTAL,strong_retained_interaction,Strong binding and slow dissociation; signal remains after wash.,2,dissociation_buffer_wash,150,20,0.0,0.0,0.005,0.1,2.0,0.05,20.0,0.049999999999999996,3994.227246059836,0.00527993316996501,0.8041253823819321,1.3218910304048115,756492.008039243,16.082507647638643,0.10559866339930019,Da>1: interaction/retention dominates over residence time,142.16614569028053,23.691683305926464,615.9052866300742,781.7631156262812,780.8725569203884,0.852673932770868,Dissociation model: bulk flow component washes out fast; bound component decays by koff.
SYNTHETIC_SIMULATED_TRAINING_DATA_NOT_EXPERIMENTAL,strong_retained_interaction,Strong binding and slow dissociation; signal remains after wash.,2,dissociation_buffer_wash,160,30,0.0,0.0,0.005,0.1,2.0,0.05,20.0,0.049999999999999996,3994.227246059836,0.00527993316996501,0.8041253823819321,1.3218910304048115,756492.008039243,16.082507647638643,0.10559866339930019,Da>1: interaction/retention dominates over residence time,142.16614569028053,14.369732305246362,584.2294879984926,740.7653659940195,779.9620394223472,0.8514583906653544,Dissociation model: bulk flow component washes out fast; bound component decays by koff.
SYNTHETIC_SIMULATED_TRAINING_DATA_NOT_EXPERIMENTAL,strong_retained_interaction,Strong binding and slow dissociation; signal remains after wash.,2,dissociation_buffer_wash,170,40,0.0,0.0,0.005,0.1,2.0,0.05,20.0,0.049999999999999996,3994.227246059836,0.00527993316996501,0.8041253823819321,1.3218910304048115,756492.008039243,16.082507647638643,0.10559866339930019,Da>1: interaction/retention dominates over residence time,142.16614569028053,8.715683214995018,554.1827648769432,705.0645937822187,701.7312434036671,0.7470201709572211,Dissociation model: bulk flow component washes out fast; bound component decays by koff.
SYNTHETIC_SIMULATED_TRAINING_DATA_NOT_EXPERIMENTAL,strong_retained_interaction,Strong binding and slow dissociation; signal remains after wash.,2,dissociation_buffer_wash,180,50,0.0,0.0,0.005,0.1,2.0,0.05,20.0,0.049999999999999996,3994.227246059836,0.00527993316996501,0.8041253823819321,1.3218910304048115,756492.008039243,16.082507647638643,0.10559866339930019,Da>1: interaction/retention dominates over residence time,142.16614569028053,5.286329090237253,525.6813344680846,673.1338092486023,679.3871784399138,0.7171908136629392,Dissociation model: bulk flow component washes out fast; bound component decays by koff.
SYNTHETIC_SIMULATED_TRAINING_DATA_NOT_EXPERIMENTAL,strong_retained_interaction,Strong binding and slow dissociation; signal remains after wash.,2,dissociation_buffer_wash,190,60,0.0,0.0,0.005,0.1,2.0,0.05,20.0,0.049999999999999996,3994.227246059836,0.00527993316996501,0.8041253823819321,1.3218910304048115,756492.008039243,16.082507647638643,0.10559866339930019,Da>1: interaction/retention dominates over residence time,142.16614569028053,3.2063206705596876,498.64572289524,644.0181892560802,631.7752598674103,0.6536288372334328,Dissociation model: bulk flow component washes out fast; bound component decays by koff.
SYNTHETIC_SIMULATED_TRAINING_DATA_NOT_EXPERIMENTAL,strong_retained_interaction,Strong binding and slow dissociation; signal remains after wash.,2,dissociation_buffer_wash,200,70,0.0,0.0,0.005,0.1,2.0,0.05,20.0,0.049999999999999996,3994.227246059836,0.00527993316996501,0.8041253823819321,1.3218910304048115,756492.008039243,16.082507647638643,0.10559866339930019,Da>1: interaction/retention dominates over residence time,142.16614569028053,1.9447317915648203,473.0005435960795,617.1114210779249,587.636067089706,0.5947029544908258,Dissociation model: bulk flow component washes out fast; bound component decays by koff.
SYNTHETIC_SIMULATED_TRAINING_DATA_NOT_EXPERIMENTAL,strong_retained_interaction,Strong binding and slow dissociation; signal remains after wash.,2,dissociation_buffer_wash,210,80,0.0,0.0,0.005,0.1,2.0,0.05,20.0,0.049999999999999996,3994.227246059836,0.00527993316996501,0.8041253823819321,1.3218910304048115,756492.008039243,16.082507647638643,0.10559866339930019,Da>1: interaction/retention dominates over residence time,142.16614569028053,1.1795394565019421,448.67428711343797,592.0199722602205,591.4044724466747,0.5997337807977245,Dissociation model: bulk flow component washes out fast; bound component decays by koff.
SYNTHETIC_SIMULATED_TRAINING_DATA_NOT_EXPERIMENTAL,strong_retained_interaction,Strong binding and slow dissociation; signal remains after wash.,2,dissociation_buffer_wash,220,90,0.0,0.0,0.005,0.1,2.0,0.05,20.0,0.049999999999999996,3994.227246059836,0.00527993316996501,0.8041253823819321,1.3218910304048115,756492.008039243,16.082507647638643,0.10559866339930019,Da>1: interaction/retention dominates over residence time,142.16614569028053,0.7154268447092036,425.59912169712,568.4806942321097,558.5420012319709,0.555862336768778,Dissociation model: bulk flow component washes out fast; bound component decays by koff.
SYNTHETIC_SIMULATED_TRAINING_DATA_NOT_EXPERIMENTAL,strong_retained_interaction,Strong binding and slow dissociation; signal remains after wash.,2,dissociation_buffer_wash,230,100,0.0,0.0,0.005,0.1,2.0,0.05,20.0,0.049999999999999996,3994.227246059836,0.00527993316996501,0.8041253823819321,1.3218910304048115,756492.008039243,16.082507647638643,0.10559866339930019,Da>1: interaction/retention dominates over residence time,142.16614569028053,0.433928316097601,403.7107041606862,546.3107781670643,520.0322192875904,0.5044517251899419,Dissociation model: bulk flow component washes out fast; bound component decays by koff.
SYNTHETIC_SIMULATED_TRAINING_DATA_NOT_EXPERIMENTAL,strong_retained_interaction,Strong binding and slow dissociation; signal remains after wash.,2,dissociation_buffer_wash,240,110,0.0,0.0,0.005,0.1,2.0,0.05,20.0,0.049999999999999996,3994.227246059836,0.00527993316996501,0.8041253823819321,1.3218910304048115,756492.008039243,16.082507647638643,0.10559866339930019,Da>1: interaction/retention dominates over residence time,142.16614569028053,0.2631908278306703,382.94800046581014,525.3773369839214,541.9252968424797,0.5336790136764193,Dissociation model: bulk flow component washes out fast; bound component decays by koff.
SYNTHETIC_SIMULATED_TRAINING_DATA_NOT_EXPERIMENTAL,strong_retained_interaction,Strong binding and slow dissociation; signal remains after wash.,2,dissociation_buffer_wash,250,120,0.0,0.0,0.005,0.1,2.0,0.05,20.0,0.049999999999999996,3994.227246059836,0.00527993316996501,0.8041253823819321,1.3218910304048115,756492.008039243,16.082507647638643,0.10559866339930019,Da>1: interaction/retention dominates over residence time,142.16614569028053,0.1596333064344506,363.25311553392044,505.5788945306354,480.91308163835,0.45222762291149216,Dissociation model: bulk flow component washes out fast; bound component decays by koff.
SYNTHETIC_SIMULATED_TRAINING_DATA_NOT_EXPERIMENTAL,strong_retained_interaction,Strong binding and slow dissociation; signal remains after wash.,2,dissociation_buffer_wash,260,130,0.0,0.0,0.005,0.1,2.0,0.05,20.0,0.049999999999999996,3994.227246059836,0.00527993316996501,0.8041253823819321,1.3218910304048115,756492.008039243,16.082507647638643,0.10559866339930019,Da>1: interaction/retention dominates over residence time,142.16614569028053,0.09682249466379629,344.5711318105723,486.8340999955166,489.42324488338227,0.4635887024858907,Dissociation model: bulk flow component washes out fast; bound component decays by koff.
SYNTHETIC_SIMULATED_TRAINING_DATA_NOT_EXPERIMENTAL,strong_retained_interaction,Strong binding and slow dissociation; signal remains after wash.,3,association_probe_injection,0,0,200.0,0.00019999999999999998,0.005,0.1,2.0,0.05,20.0,0.049999999999999996,3764.2614814579056,0.0048846383611262124,0.7577369346527072,1.2976352427128368,770632.5838603146,15.154738693054144,0.09769276722252425,Da>1: interaction/retention dominates over residence time,136.94356382856492,0.0,0.0,136.94356382856492,138.9772619870371,0.002593731863764303,Association model: baseline + bulk flow wash-in + binding buildup with random noise.
SYNTHETIC_SIMULATED_TRAINING_DATA_NOT_EXPERIMENTAL,strong_retained_interaction,Strong binding and slow dissociation; signal remains after wash.,3,association_probe_injection,10,10,200.0,0.00019999999999999998,0.005,0.1,2.0,0.05,20.0,0.049999999999999996,3764.2614814579056,0.0048846383611262124,0.7577369346527072,1.2976352427128368,770632.5838603146,15.154738693054144,0.09769276722252425,Da>1: interaction/retention dominates over residence time,136.94356382856492,24.78098255665091,720.7320243594859,882.4565707447017,855.0316810201958,0.9158330712900216,Association model: baseline + bulk flow wash-in + binding buildup with random noise.
SYNTHETIC_SIMULATED_TRAINING_DATA_NOT_EXPERIMENTAL,strong_retained_interaction,Strong binding and slow dissociation; signal remains after wash.,3,association_probe_injection,20,20,200.0,0.00019999999999999998,0.005,0.1,2.0,0.05,20.0,0.049999999999999996,3764.2614814579056,0.0048846383611262124,0.7577369346527072,1.2976352427128368,770632.5838603146,15.154738693054144,0.09769276722252425,Da>1: interaction/retention dominates over residence time,136.94356382856492,39.81140825506365,721.1009714798314,897.85594356346,920.7766701395025,0.9996827185207047,Association model: baseline + bulk flow wash-in + binding buildup with random noise.
SYNTHETIC_SIMULATED_TRAINING_DATA_NOT_EXPERIMENTAL,strong_retained_interaction,Strong binding and slow dissociation; signal remains after wash.,3,association_probe_injection,30,30,200.0,0.00019999999999999998,0.005,0.1,2.0,0.05,20.0,0.049999999999999996,3764.2614814579056,0.0048846383611262124,0.7577369346527072,1.2976352427128368,770632.5838603146,15.154738693054144,0.09769276722252425,Da>1: interaction/retention dominates over residence time,136.94356382856492,48.92782226968364,721.1011603461131,906.9725464443617,905.5672604210816,0.9802849871261152,Association model: baseline + bulk flow wash-in + binding buildup with random noise.
SYNTHETIC_SIMULATED_TRAINING_DATA_NOT_EXPERIMENTAL,strong_retained_interaction,Strong binding and slow dissociation; signal remains after wash.,3,association_probe_injection,40,40,200.0,0.00019999999999999998,0.005,0.1,2.0,0.05,20.0,0.049999999999999996,3764.2614814579056,0.0048846383611262124,0.7577369346527072,1.2976352427128368,770632.5838603146,15.154738693054144,0.09769276722252425,Da>1: interaction/retention dominates over residence time,136.94356382856492,54.45720687618461,721.1011604427949,912.5019311475445,900.6488813801548,0.974012199601881,Association model: baseline + bulk flow wash-in + binding buildup with random noise.
SYNTHETIC_SIMULATED_TRAINING_DATA_NOT_EXPERIMENTAL,strong_retained_interaction,Strong binding and slow dissociation; signal remains after wash.,3,association_probe_injection,50,50,200.0,0.00019999999999999998,0.005,0.1,2.0,0.05,20.0,0.049999999999999996,3764.2614814579056,0.0048846383611262124,0.7577369346527072,1.2976352427128368,770632.5838603146,15.154738693054144,0.09769276722252425,Da>1: interaction/retention dominates over residence time,136.94356382856492,57.81094816937051,721.1011604428445,915.8556724407799,925.4279763544787,1.0056148875044106,Association model: baseline + bulk flow wash-in + binding buildup with random noise.
SYNTHETIC_SIMULATED_TRAINING_DATA_NOT_EXPERIMENTAL,strong_retained_interaction,Strong binding and slow dissociation; signal remains after wash.,3,association_probe_injection,60,60,200.0,0.00019999999999999998,0.005,0.1,2.0,0.05,20.0,0.049999999999999996,3764.2614814579056,0.0048846383611262124,0.7577369346527072,1.2976352427128368,770632.5838603146,15.154738693054144,0.09769276722252425,Da>1: interaction/retention dominates over residence time,136.94356382856492,59.84509508843207,721.1011604428445,917.8898193598415,889.4895103897866,0.9597797944651082,Association model: baseline + bulk flow wash-in + binding buildup with random noise.
SYNTHETIC_SIMULATED_TRAINING_DATA_NOT_EXPERIMENTAL,strong_retained_interaction,Strong binding and slow dissociation; signal remains after wash.,3,association_probe_injection,70,70,200.0,0.00019999999999999998,0.005,0.1,2.0,0.05,20.0,0.049999999999999996,3764.2614814579056,0.0048846383611262124,0.7577369346527072,1.2976352427128368,770632.5838603146,15.154738693054144,0.09769276722252425,Da>1: interaction/retention dominates over residence time,136.94356382856492,61.07886756120289,721.1011604428445,919.1235918326123,922.6419754592713,1.0020616860304004,Association model: baseline + bulk flow wash-in + binding buildup with random noise.
SYNTHETIC_SIMULATED_TRAINING_DATA_NOT_EXPERIMENTAL,strong_retained_interaction,Strong binding and slow dissociation; signal remains after wash.,3,association_probe_injection,80,80,200.0,0.00019999999999999998,0.005,0.1,2.0,0.05,20.0,0.049999999999999996,3764.2614814579056,0.0048846383611262124,0.7577369346527072,1.2976352427128368,770632.5838603146,15.154738693054144,0.09769276722252425,Da>1: interaction/retention dominates over residence time,136.94356382856492,61.82718839304786,721.1011604428445,919.8719126644573,940.4197113218919,1.0247350015272807,Association model: baseline + bulk flow wash-in + binding buildup with random noise.
SYNTHETIC_SIMULATED_TRAINING_DATA_NOT_EXPERIMENTAL,strong_retained_interaction,Strong binding and slow dissociation; signal remains after wash.,3,association_probe_injection,90,90,200.0,0.00019999999999999998,0.005,0.1,2.0,0.05,20.0,0.049999999999999996,3764.2614814579056,0.0048846383611262124,0.7577369346527072,1.2976352427128368,770632.5838603146,15.154738693054144,0.09769276722252425,Da>1: interaction/retention dominates over residence time,136.94356382856492,62.28106792086351,721.1011604428445,920.325792192273,884.4514623027995,0.9533543837914752,Association model: baseline + bulk flow wash-in + binding buildup with random noise.
SYNTHETIC_SIMULATED_TRAINING_DATA_NOT_EXPERIMENTAL,strong_retained_interaction,Strong binding and slow dissociation; signal remains after wash.,3,association_probe_injection,100,100,200.0,0.00019999999999999998,0.005,0.1,2.0,0.05,20.0,0.049999999999999996,3764.2614814579056,0.0048846383611262124,0.7577369346527072,1.2976352427128368,770632.5838603146,15.154738693054144,0.09769276722252425,Da>1: interaction/retention dominates over residence time,136.94356382856492,62.55635977029958,721.1011604428445,920.601084041709,905.4806790646321,0.9801745632551512,Association model: baseline + bulk flow wash-in + binding buildup with random noise.
SYNTHETIC_SIMULATED_TRAINING_DATA_NOT_EXPERIMENTAL,strong_retained_interaction,Strong binding and slow dissociation; signal remains after wash.,3,association_probe_injection,110,110,200.0,0.00019999999999999998,0.005,0.1,2.0,0.05,20.0,0.049999999999999996,3764.2614814579056,0.0048846383611262124,0.7577369346527072,1.2976352427128368,770632.5838603146,15.154738693054144,0.09769276722252425,Da>1: interaction/retention dominates over residence time,136.94356382856492,62.72333271735155,721.1011604428445,920.7680569887609,904.5086830410987,0.9789349018790575,Association model: baseline + bulk flow wash-in + binding buildup with random noise.
SYNTHETIC_SIMULATED_TRAINING_DATA_NOT_EXPERIMENTAL,strong_retained_interaction,Strong binding and slow dissociation; signal remains after wash.,3,association_probe_injection,120,120,200.0,0.00019999999999999998,0.005,0.1,2.0,0.05,20.0,0.049999999999999996,3764.2614814579056,0.0048846383611262124,0.7577369346527072,1.2976352427128368,770632.5838603146,15.154738693054144,0.09769276722252425,Da>1: interaction/retention dominates over residence time,136.94356382856492,62.82460692908115,721.1011604428445,920.8693312004906,982.7456103575989,1.0787164798179714,Association model: baseline + bulk flow wash-in + binding buildup with random noise.
SYNTHETIC_SIMULATED_TRAINING_DATA_NOT_EXPERIMENTAL,strong_retained_interaction,Strong binding and slow dissociation; signal remains after wash.,3,dissociation_buffer_wash,130,0,0.0,0.0,0.005,0.1,2.0,0.05,20.0,0.049999999999999996,3764.2614814579056,0.0048846383611262124,0.7577369346527072,1.2976352427128368,770632.5838603146,15.154738693054144,0.09769276722252425,Da>1: interaction/retention dominates over residence time,136.94356382856492,62.82460692908115,721.1011604428445,920.8693312004906,930.1306279005722,1.0116125411426706,Dissociation model: bulk flow component washes out fast; bound component decays by koff.
SYNTHETIC_SIMULATED_TRAINING_DATA_NOT_EXPERIMENTAL,strong_retained_interaction,Strong binding and slow dissociation; signal remains after wash.,3,dissociation_buffer_wash,140,10,0.0,0.0,0.005,0.1,2.0,0.05,20.0,0.049999999999999996,3764.2614814579056,0.0048846383611262124,0.7577369346527072,1.2976352427128368,770632.5838603146,15.154738693054144,0.09769276722252425,Da>1: interaction/retention dominates over residence time,136.94356382856492,38.105050286882474,686.7244015977576,861.773015713205,832.417586945667,0.8869915757480611,Dissociation model: bulk flow component washes out fast; bound component decays by koff.
SYNTHETIC_SIMULATED_TRAINING_DATA_NOT_EXPERIMENTAL,strong_retained_interaction,Strong binding and slow dissociation; signal remains after wash.,3,dissociation_buffer_wash,150,20,0.0,0.0,0.005,0.1,2.0,0.05,20.0,0.049999999999999996,3764.2614814579056,0.0048846383611262124,0.7577369346527072,1.2976352427128368,770632.5838603146,15.154738693054144,0.09769276722252425,Da>1: interaction/retention dominates over residence time,136.94356382856492,23.1118812888859,653.9864718289787,814.0419169464295,830.5280393876162,0.8845816902451425,Dissociation model: bulk flow component washes out fast; bound component decays by koff.
SYNTHETIC_SIMULATED_TRAINING_DATA_NOT_EXPERIMENTAL,strong_retained_interaction,Strong binding and slow dissociation; signal remains after wash.,3,dissociation_buffer_wash,160,30,0.0,0.0,0.005,0.1,2.0,0.05,20.0,0.049999999999999996,3764.2614814579056,0.0048846383611262124,0.7577369346527072,1.2976352427128368,770632.5838603146,15.154738693054144,0.09769276722252425,Da>1: interaction/retention dominates over residence time,136.94356382856492,14.018064605348034,622.8092439124304,773.7708723463434,797.5929854865713,0.842577079884424,Dissociation model: bulk flow component washes out fast; bound component decays by koff.
SYNTHETIC_SIMULATED_TRAINING_DATA_NOT_EXPERIMENTAL,strong_retained_interaction,Strong binding and slow dissociation; signal remains after wash.,3,dissociation_buffer_wash,170,40,0.0,0.0,0.005,0.1,2.0,0.05,20.0,0.049999999999999996,3764.2614814579056,0.0048846383611262124,0.7577369346527072,1.2976352427128368,770632.5838603146,15.154738693054144,0.09769276722252425,Da>1: interaction/retention dominates over residence time,136.94356382856492,8.50238597297606,593.1183151510342,738.5642649525752,741.0946468691881,0.7705203980650626,Dissociation model: bulk flow component washes out fast; bound component decays by koff.
SYNTHETIC_SIMULATED_TRAINING_DATA_NOT_EXPERIMENTAL,strong_retained_interaction,Strong binding and slow dissociation; signal remains after wash.,3,dissociation_buffer_wash,180,50,0.0,0.0,0.005,0.1,2.0,0.05,20.0,0.049999999999999996,3764.2614814579056,0.0048846383611262124,0.7577369346527072,1.2976352427128368,770632.5838603146,15.154738693054144,0.09769276722252425,Da>1: interaction/retention dominates over residence time,136.94356382856492,5.15695777332061,564.8428298168686,706.9433514187542,718.7469185374557,0.7420186192660359,Dissociation model: bulk flow component washes out fast; bound component decays by koff.
SYNTHETIC_SIMULATED_TRAINING_DATA_NOT_EXPERIMENTAL,strong_retained_interaction,Strong binding and slow dissociation; signal remains after wash.,3,dissociation_buffer_wash,190,60,0.0,0.0,0.005,0.1,2.0,0.05,20.0,0.049999999999999996,3764.2614814579056,0.0048846383611262124,0.7577369346527072,1.2976352427128368,770632.5838603146,15.154738693054144,0.09769276722252425,Da>1: interaction/retention dominates over residence time,136.94356382856492,3.1278530003623435,537.9153100579679,677.9867268868951,692.0608935775867,0.7079838767122931,Dissociation model: bulk flow component washes out fast; bound component decays by koff.
SYNTHETIC_SIMULATED_TRAINING_DATA_NOT_EXPERIMENTAL,strong_retained_interaction,Strong binding and slow dissociation; signal remains after wash.,3,dissociation_buffer_wash,200,70,0.0,0.0,0.005,0.1,2.0,0.05,20.0,0.049999999999999996,3764.2614814579056,0.0048846383611262124,0.7577369346527072,1.2976352427128368,770632.5838603146,15.154738693054144,0.09769276722252425,Da>1: interaction/retention dominates over residence time,136.94356382856492,1.897138743793912,512.2714948662315,651.1121974385903,673.9541033519598,0.6848908928478703,Dissociation model: bulk flow component washes out fast; bound component decays by koff.
SYNTHETIC_SIMULATED_TRAINING_DATA_NOT_EXPERIMENTAL,strong_retained_interaction,Strong binding and slow dissociation; signal remains after wash.,3,dissociation_buffer_wash,210,80,0.0,0.0,0.005,0.1,2.0,0.05,20.0,0.049999999999999996,3764.2614814579056,0.0048846383611262124,0.7577369346527072,1.2976352427128368,770632.5838603146,15.154738693054144,0.09769276722252425,Da>1: interaction/retention dominates over residence time,136.94356382856492,1.1506728138397182,487.85018672215114,625.9444233645557,646.0020724304587,0.6492415154041262,Dissociation model: bulk flow component washes out fast; bound component decays by koff.
SYNTHETIC_SIMULATED_TRAINING_DATA_NOT_EXPERIMENTAL,strong_retained_interaction,Strong binding and slow dissociation; signal remains after wash.,3,dissociation_buffer_wash,220,90,0.0,0.0,0.005,0.1,2.0,0.05,20.0,0.049999999999999996,3764.2614814579056,0.0048846383611262124,0.7577369346527072,1.2976352427128368,770632.5838603146,15.154738693054144,0.09769276722252425,Da>1: interaction/retention dominates over residence time,136.94356382856492,0.6979183408915961,464.59310555037933,602.2345877198359,609.6537706985298,0.6028837272519999,Dissociation model: bulk flow component washes out fast; bound component decays by koff.
SYNTHETIC_SIMULATED_TRAINING_DATA_NOT_EXPERIMENTAL,strong_retained_interaction,Strong binding and slow dissociation; signal remains after wash.,3,dissociation_buffer_wash,230,100,0.0,0.0,0.005,0.1,2.0,0.05,20.0,0.049999999999999996,3764.2614814579056,0.0048846383611262124,0.7577369346527072,1.2976352427128368,770632.5838603146,15.154738693054144,0.09769276722252425,Da>1: interaction/retention dominates over residence time,136.94356382856492,0.42330887172652637,442.4447496376151,579.8116223379066,544.3856917698124,0.5196423203112204,Dissociation model: bulk flow component washes out fast; bound component decays by koff.
SYNTHETIC_SIMULATED_TRAINING_DATA_NOT_EXPERIMENTAL,strong_retained_interaction,Strong binding and slow dissociation; signal remains after wash.,3,dissociation_buffer_wash,240,110,0.0,0.0,0.005,0.1,2.0,0.05,20.0,0.049999999999999996,3764.2614814579056,0.0048846383611262124,0.7577369346527072,1.2976352427128368,770632.5838603146,15.154738693054144,0.09769276722252425,Da>1: interaction/retention dominates over residence time,136.94356382856492,0.2567498092305008,421.35226318089315,558.5525768186885,546.7919920400537,0.5227112603398617,Dissociation model: bulk flow component washes out fast; bound component decays by koff.
SYNTHETIC_SIMULATED_TRAINING_DATA_NOT_EXPERIMENTAL,strong_retained_interaction,Strong binding and slow dissociation; signal remains after wash.,3,dissociation_buffer_wash,250,120,0.0,0.0,0.005,0.1,2.0,0.05,20.0,0.049999999999999996,3764.2614814579056,0.0048846383611262124,0.7577369346527072,1.2976352427128368,770632.5838603146,15.154738693054144,0.09769276722252425,Da>1: interaction/retention dominates over residence time,136.94356382856492,0.15572663117366842,401.2653101501897,538.3646006099283,546.921990876507,0.5228770578663808,Dissociation model: bulk flow component washes out fast; bound component decays by koff.
SYNTHETIC_SIMULATED_TRAINING_DATA_NOT_EXPERIMENTAL,strong_retained_interaction,Strong binding and slow dissociation; signal remains after wash.,3,dissociation_buffer_wash,260,130,0.0,0.0,0.005,0.1,2.0,0.05,20.0,0.049999999999999996,3764.2614814579056,0.0048846383611262124,0.7577369346527072,1.2976352427128368,770632.5838603146,15.154738693054144,0.09769276722252425,Da>1: interaction/retention dominates over residence time,136.94356382856492,0.09445297634059106,382.1359541643239,519.1739709692295,519.7020863201521,0.4881614175525401,Dissociation model: bulk flow component washes out fast; bound component decays by koff.
SYNTHETIC_SIMULATED_TRAINING_DATA_NOT_EXPERIMENTAL,strong_retained_interaction,Strong binding and slow dissociation; signal remains after wash.,1,association_probe_injection,0,0,200.0,0.00019999999999999998,0.05,0.1,2.0,0.05,2.0,0.5,3974.4372556056906,0.005369826574646214,0.8002572776957843,1.3510910424041582,740142.5726430546,1.6005145553915685,0.010739653149292427,Da>1: interaction/retention dominates over residence time,140.903521046275,0.0,0.0,140.903521046275,139.39491105840634,-0.002106793218013121,Association model: baseline + bulk flow wash-in + binding buildup with random noise.
SYNTHETIC_SIMULATED_TRAINING_DATA_NOT_EXPERIMENTAL,strong_retained_interaction,Strong binding and slow dissociation; signal remains after wash.,1,association_probe_injection,10,10,200.0,0.00019999999999999998,0.05,0.1,2.0,0.05,2.0,0.5,3974.4372556056906,0.005369826574646214,0.8002572776957843,1.3510910424041582,740142.5726430546,1.6005145553915685,0.010739653149292427,Da>1: interaction/retention dominates over residence time,140.903521046275,62.21847216455786,653.2101418969596,856.3321351077925,840.0870027628345,0.9764187094560711,Association model: baseline + bulk flow wash-in + binding buildup with random noise.
SYNTHETIC_SIMULATED_TRAINING_DATA_NOT_EXPERIMENTAL,strong_retained_interaction,Strong binding and slow dissociation; signal remains after wash.,1,association_probe_injection,20,20,200.0,0.00019999999999999998,0.05,0.1,2.0,0.05,2.0,0.5,3974.4372556056906,0.005369826574646214,0.8002572776957843,1.3510910424041582,740142.5726430546,1.6005145553915685,0.010739653149292427,Da>1: interaction/retention dominates over residence time,140.903521046275,62.63769693236672,653.4287064459177,856.9699244245594,870.1915366378872,1.01846007754287,Association model: baseline + bulk flow wash-in + binding buildup with random noise.
SYNTHETIC_SIMULATED_TRAINING_DATA_NOT_EXPERIMENTAL,strong_retained_interaction,Strong binding and slow dissociation; signal remains after wash.,1,association_probe_injection,30,30,200.0,0.00019999999999999998,0.05,0.1,2.0,0.05,2.0,0.5,3974.4372556056906,0.005369826574646214,0.8002572776957843,1.3510910424041582,740142.5726430546,1.6005145553915685,0.010739653149292427,Da>1: interaction/retention dominates over residence time,140.903521046275,62.640521646632926,653.4287795777615,856.9728222706694,864.3701162414561,1.0103303892145223,Association model: baseline + bulk flow wash-in + binding buildup with random noise.
SYNTHETIC_SIMULATED_TRAINING_DATA_NOT_EXPERIMENTAL,strong_retained_interaction,Strong binding and slow dissociation; signal remains after wash.,1,association_probe_injection,40,40,200.0,0.00019999999999999998,0.05,0.1,2.0,0.05,2.0,0.5,3974.4372556056906,0.005369826574646214,0.8002572776957843,1.3510910424041582,740142.5726430546,1.6005145553915685,0.010739653149292427,Da>1: interaction/retention dominates over residence time,140.903521046275,62.64054067940794,653.4287796022314,856.9728413279144,849.3373262965356,0.9893369050413738,Association model: baseline + bulk flow wash-in + binding buildup with random noise.
SYNTHETIC_SIMULATED_TRAINING_DATA_NOT_EXPERIMENTAL,strong_retained_interaction,Strong binding and slow dissociation; signal remains after wash.,1,association_probe_injection,50,50,200.0,0.00019999999999999998,0.05,0.1,2.0,0.05,2.0,0.5,3974.4372556056906,0.005369826574646214,0.8002572776957843,1.3510910424041582,740142.5726430546,1.6005145553915685,0.010739653149292427,Da>1: interaction/retention dominates over residence time,140.903521046275,62.64054080764977,653.4287796022396,856.9728414561644,833.1369443275288,0.96671286361517,Association model: baseline + bulk flow wash-in + binding buildup with random noise.
SYNTHETIC_SIMULATED_TRAINING_DATA_NOT_EXPERIMENTAL,strong_retained_interaction,Strong binding and slow dissociation; signal remains after wash.,1,association_probe_injection,60,60,200.0,0.00019999999999999998,0.05,0.1,2.0,0.05,2.0,0.5,3974.4372556056906,0.005369826574646214,0.8002572776957843,1.3510910424041582,740142.5726430546,1.6005145553915685,0.010739653149292427,Da>1: interaction/retention dominates over residence time,140.903521046275,62.640540808513855,653.4287796022396,856.9728414570285,837.6850627253458,0.9730643693537597,Association model: baseline + bulk flow wash-in + binding buildup with random noise.
SYNTHETIC_SIMULATED_TRAINING_DATA_NOT_EXPERIMENTAL,strong_retained_interaction,Strong binding and slow dissociation; signal remains after wash.,1,association_probe_injection,70,70,200.0,0.00019999999999999998,0.05,0.1,2.0,0.05,2.0,0.5,3974.4372556056906,0.005369826574646214,0.8002572776957843,1.3510910424041582,740142.5726430546,1.6005145553915685,0.010739653149292427,Da>1: interaction/retention dominates over residence time,140.903521046275,62.640540808519674,653.4287796022396,856.9728414570343,847.3618777038918,0.9865781657177697,Association model: baseline + bulk flow wash-in + binding buildup with random noise.
SYNTHETIC_SIMULATED_TRAINING_DATA_NOT_EXPERIMENTAL,strong_retained_interaction,Strong binding and slow dissociation; signal remains after wash.,1,association_probe_injection,80,80,200.0,0.00019999999999999998,0.05,0.1,2.0,0.05,2.0,0.5,3974.4372556056906,0.005369826574646214,0.8002572776957843,1.3510910424041582,740142.5726430546,1.6005145553915685,0.010739653149292427,Da>1: interaction/retention dominates over residence time,140.903521046275,62.64054080851972,653.4287796022396,856.9728414570343,860.4325806583427,1.0048315702163075,Association model: baseline + bulk flow wash-in + binding buildup with random noise.
SYNTHETIC_SIMULATED_TRAINING_DATA_NOT_EXPERIMENTAL,strong_retained_interaction,Strong binding and slow dissociation; signal remains after wash.,1,association_probe_injection,90,90,200.0,0.00019999999999999998,0.05,0.1,2.0,0.05,2.0,0.5,3974.4372556056906,0.005369826574646214,0.8002572776957843,1.3510910424041582,740142.5726430546,1.6005145553915685,0.010739653149292427,Da>1: interaction/retention dominates over residence time,140.903521046275,62.64054080851972,653.4287796022396,856.9728414570343,848.7506172981817,0.9885175583920618,Association model: baseline + bulk flow wash-in + binding buildup with random noise.
SYNTHETIC_SIMULATED_TRAINING_DATA_NOT_EXPERIMENTAL,strong_retained_interaction,Strong binding and slow dissociation; signal remains after wash.,1,association_probe_injection,100,100,200.0,0.00019999999999999998,0.05,0.1,2.0,0.05,2.0,0.5,3974.4372556056906,0.005369826574646214,0.8002572776957843,1.3510910424041582,740142.5726430546,1.6005145553915685,0.010739653149292427,Da>1: interaction/retention dominates over residence time,140.903521046275,62.64054080851972,653.4287796022396,856.9728414570343,852.1886560518998,0.9933188236546845,Association model: baseline + bulk flow wash-in + binding buildup with random noise.
SYNTHETIC_SIMULATED_TRAINING_DATA_NOT_EXPERIMENTAL,strong_retained_interaction,Strong binding and slow dissociation; signal remains after wash.,1,association_probe_injection,110,110,200.0,0.00019999999999999998,0.05,0.1,2.0,0.05,2.0,0.5,3974.4372556056906,0.005369826574646214,0.8002572776957843,1.3510910424041582,740142.5726430546,1.6005145553915685,0.010739653149292427,Da>1: interaction/retention dominates over residence time,140.903521046275,62.64054080851972,653.4287796022396,856.9728414570343,834.987193356331,0.9692967601403567,Association model: baseline + bulk flow wash-in + binding buildup with random noise.
SYNTHETIC_SIMULATED_TRAINING_DATA_NOT_EXPERIMENTAL,strong_retained_interaction,Strong binding and slow dissociation; signal remains after wash.,1,association_probe_injection,120,120,200.0,0.00019999999999999998,0.05,0.1,2.0,0.05,2.0,0.5,3974.4372556056906,0.005369826574646214,0.8002572776957843,1.3510910424041582,740142.5726430546,1.6005145553915685,0.010739653149292427,Da>1: interaction/retention dominates over residence time,140.903521046275,62.64054080851972,653.4287796022396,856.9728414570343,898.0291400500397,1.05733564813174,Association model: baseline + bulk flow wash-in + binding buildup with random noise.
SYNTHETIC_SIMULATED_TRAINING_DATA_NOT_EXPERIMENTAL,strong_retained_interaction,Strong binding and slow dissociation; signal remains after wash.,1,dissociation_buffer_wash,130,0,0.0,0.0,0.05,0.1,2.0,0.05,2.0,0.5,3974.4372556056906,0.005369826574646214,0.8002572776957843,1.3510910424041582,740142.5726430546,1.6005145553915685,0.010739653149292427,Da>1: interaction/retention dominates over residence time,140.903521046275,62.64054080851972,653.4287796022396,856.9728414570343,826.6995800785995,0.9577230017883337,Dissociation model: bulk flow component washes out fast; bound component decays by koff.
SYNTHETIC_SIMULATED_TRAINING_DATA_NOT_EXPERIMENTAL,strong_retained_interaction,Strong binding and slow dissociation; signal remains after wash.,1,dissociation_buffer_wash,140,10,0.0,0.0,0.05,0.1,2.0,0.05,2.0,0.5,3974.4372556056906,0.005369826574646214,0.8002572776957843,1.3510910424041582,740142.5726430546,1.6005145553915685,0.010739653149292427,Da>1: interaction/retention dominates over residence time,140.903521046275,0.42206864396185617,619.266230754061,760.5918204442978,723.631405878571,0.8137869731634717,Dissociation model: bulk flow component washes out fast; bound component decays by koff.
SYNTHETIC_SIMULATED_TRAINING_DATA_NOT_EXPERIMENTAL,strong_retained_interaction,Strong binding and slow dissociation; signal remains after wash.,1,dissociation_buffer_wash,150,20,0.0,0.0,0.05,0.1,2.0,0.05,2.0,0.5,3974.4372556056906,0.005369826574646214,0.8002572776957843,1.3510910424041582,740142.5726430546,1.6005145553915685,0.010739653149292427,Da>1: interaction/retention dominates over residence time,140.903521046275,0.0028438761529908613,586.8897675210808,727.7961324435088,754.3065886086472,0.856625259703216,Dissociation model: bulk flow component washes out fast; bound component decays by koff.
SYNTHETIC_SIMULATED_TRAINING_DATA_NOT_EXPERIMENTAL,strong_retained_interaction,Strong binding and slow dissociation; signal remains after wash.,1,dissociation_buffer_wash,160,30,0.0,0.0,0.05,0.1,2.0,0.05,2.0,0.5,3974.4372556056906,0.005369826574646214,0.8002572776957843,1.3510910424041582,740142.5726430546,1.6005145553915685,0.010739653149292427,Da>1: interaction/retention dominates over residence time,140.903521046275,1.9161886790815495e-05,556.2060098150919,697.1095500232536,677.248099979378,0.7490120909319776,Dissociation model: bulk flow component washes out fast; bound component decays by koff.
SYNTHETIC_SIMULATED_TRAINING_DATA_NOT_EXPERIMENTAL,strong_retained_interaction,Strong binding and slow dissociation; signal remains after wash.,1,dissociation_buffer_wash,170,40,0.0,0.0,0.05,0.1,2.0,0.05,2.0,0.5,3974.4372556056906,0.005369826574646214,0.8002572776957843,1.3510910424041582,740142.5726430546,1.6005145553915685,0.010739653149292427,Da>1: interaction/retention dominates over residence time,140.903521046275,1.2911177759899071e-07,527.1264596435717,668.0299808189585,639.3952836384697,0.696150146896734,Dissociation model: bulk flow component washes out fast; bound component decays by koff.
SYNTHETIC_SIMULATED_TRAINING_DATA_NOT_EXPERIMENTAL,strong_retained_interaction,Strong binding and slow dissociation; signal remains after wash.,1,dissociation_buffer_wash,180,50,0.0,0.0,0.05,0.1,2.0,0.05,2.0,0.5,3974.4372556056906,0.005369826574646214,0.8002572776957843,1.3510910424041582,740142.5726430546,1.6005145553915685,0.010739653149292427,Da>1: interaction/retention dominates over residence time,140.903521046275,8.699483144197098e-10,499.5672458640639,640.4707669112089,648.8259195852457,0.7093201510820362,Dissociation model: bulk flow component washes out fast; bound component decays by koff.
SYNTHETIC_SIMULATED_TRAINING_DATA_NOT_EXPERIMENTAL,strong_retained_interaction,Strong binding and slow dissociation; signal remains after wash.,1,dissociation_buffer_wash,190,60,0.0,0.0,0.05,0.1,2.0,0.05,2.0,0.5,3974.4372556056906,0.005369826574646214,0.8002572776957843,1.3510910424041582,740142.5726430546,1.6005145553915685,0.010739653149292427,Da>1: interaction/retention dominates over residence time,140.903521046275,5.861665634503744e-12,473.4488822833077,614.3524033295885,641.0766190284178,0.6984981533564769,Dissociation model: bulk flow component washes out fast; bound component decays by koff.
SYNTHETIC_SIMULATED_TRAINING_DATA_NOT_EXPERIMENTAL,strong_retained_interaction,Strong binding and slow dissociation; signal remains after wash.,1,dissociation_buffer_wash,200,70,0.0,0.0,0.05,0.1,2.0,0.05,2.0,0.5,3974.4372556056906,0.005369826574646214,0.8002572776957843,1.3510910424041582,740142.5726430546,1.6005145553915685,0.010739653149292427,Da>1: interaction/retention dominates over residence time,140.903521046275,3.949559237164691e-14,448.696038403421,589.599559449696,596.8238237411203,0.6366985565494071,Dissociation model: bulk flow component washes out fast; bound component decays by koff.
SYNTHETIC_SIMULATED_TRAINING_DATA_NOT_EXPERIMENTAL,strong_retained_interaction,Strong binding and slow dissociation; signal remains after wash.,1,dissociation_buffer_wash,210,80,0.0,0.0,0.05,0.1,2.0,0.05,2.0,0.5,3974.4372556056906,0.005369826574646214,0.8002572776957843,1.3510910424041582,740142.5726430546,1.6005145553915685,0.010739653149292427,Da>1: interaction/retention dominates over residence time,140.903521046275,2.661192080976412e-16,425.2373221539286,566.1408432002036,570.1564259784225,0.5994571931749776,Dissociation model: bulk flow component washes out fast; bound component decays by koff.
SYNTHETIC_SIMULATED_TRAINING_DATA_NOT_EXPERIMENTAL,strong_retained_interaction,Strong binding and slow dissociation; signal remains after wash.,1,dissociation_buffer_wash,220,90,0.0,0.0,0.05,0.1,2.0,0.05,2.0,0.5,3974.4372556056906,0.005369826574646214,0.8002572776957843,1.3510910424041582,740142.5726430546,1.6005145553915685,0.010739653149292427,Da>1: interaction/retention dominates over residence time,140.903521046275,1.7930971196005023e-18,403.00507398298737,543.9085950292624,533.0355418266804,0.5476174018396242,Dissociation model: bulk flow component washes out fast; bound component decays by koff.
SYNTHETIC_SIMULATED_TRAINING_DATA_NOT_EXPERIMENTAL,strong_retained_interaction,Strong binding and slow dissociation; signal remains after wash.,1,dissociation_buffer_wash,230,100,0.0,0.0,0.05,0.1,2.0,0.05,2.0,0.5,3974.4372556056906,0.005369826574646214,0.8002572776957843,1.3510910424041582,740142.5726430546,1.6005145553915685,0.010739653149292427,Da>1: interaction/retention dominates over residence time,140.903521046275,1.2081793356081e-20,381.9351717139314,522.8386927602064,537.429173863559,0.5537531653916198,Dissociation model: bulk flow component washes out fast; bound component decays by koff.
SYNTHETIC_SIMULATED_TRAINING_DATA_NOT_EXPERIMENTAL,strong_retained_interaction,Strong binding and slow dissociation; signal remains after wash.,1,dissociation_buffer_wash,240,110,0.0,0.0,0.05,0.1,2.0,0.05,2.0,0.5,3974.4372556056906,0.005369826574646214,0.8002572776957843,1.3510910424041582,740142.5726430546,1.6005145553915685,0.010739653149292427,Da>1: interaction/retention dominates over residence time,140.903521046275,8.14064832871767e-23,361.9668456043021,502.87036665057707,520.5113071227729,0.5301271472694058,Dissociation model: bulk flow component washes out fast; bound component decays by koff.
SYNTHETIC_SIMULATED_TRAINING_DATA_NOT_EXPERIMENTAL,strong_retained_interaction,Strong binding and slow dissociation; signal remains after wash.,1,dissociation_buffer_wash,250,120,0.0,0.0,0.05,0.1,2.0,0.05,2.0,0.5,3974.4372556056906,0.005369826574646214,0.8002572776957843,1.3510910424041582,740142.5726430546,1.6005145553915685,0.010739653149292427,Da>1: interaction/retention dominates over residence time,140.903521046275,5.485125697709335e-25,343.04250307395705,483.94602412023204,482.2263918723365,0.47666177155902756,Dissociation model: bulk flow component washes out fast; bound component decays by koff.
SYNTHETIC_SIMULATED_TRAINING_DATA_NOT_EXPERIMENTAL,strong_retained_interaction,Strong binding and slow dissociation; signal remains after wash.,1,dissociation_buffer_wash,260,130,0.0,0.0,0.05,0.1,2.0,0.05,2.0,0.5,3974.4372556056906,0.005369826574646214,0.8002572776957843,1.3510910424041582,740142.5726430546,1.6005145553915685,0.010739653149292427,Da>1: interaction/retention dominates over residence time,140.903521046275,3.695848623448719e-27,325.1075625967419,466.0110836430169,473.51783590170226,0.46450016133162847,Dissociation model: bulk flow component washes out fast; bound component decays by koff.
SYNTHETIC_SIMULATED_TRAINING_DATA_NOT_EXPERIMENTAL,strong_retained_interaction,Strong binding and slow dissociation; signal remains after wash.,2,association_probe_injection,0,0,200.0,0.00019999999999999998,0.05,0.1,2.0,0.05,2.0,0.5,3707.3377081720546,0.005103494191939669,0.7465710358263505,1.3765927448934792,726431.2584165042,1.493142071652701,0.010206988383879338,Da>1: interaction/retention dominates over residence time,146.38101151564638,0.0,0.0,146.38101151564638,137.2054308318417,-0.012386373659397178,Association model: baseline + bulk flow wash-in + binding buildup with random noise.
SYNTHETIC_SIMULATED_TRAINING_DATA_NOT_EXPERIMENTAL,strong_retained_interaction,Strong binding and slow dissociation; signal remains after wash.,2,association_probe_injection,10,10,200.0,0.00019999999999999998,0.05,0.1,2.0,0.05,2.0,0.5,3707.3377081720546,0.005103494191939669,0.7465710358263505,1.3765927448934792,726431.2584165042,1.493142071652701,0.010206988383879338,Da>1: interaction/retention dominates over residence time,146.38101151564638,60.44926811544365,679.5317193315873,886.3619989626773,865.3632417654962,0.9705742737416226,Association model: baseline + bulk flow wash-in + binding buildup with random noise.
SYNTHETIC_SIMULATED_TRAINING_DATA_NOT_EXPERIMENTAL,strong_retained_interaction,Strong binding and slow dissociation; signal remains after wash.,2,association_probe_injection,20,20,200.0,0.00019999999999999998,0.05,0.1,2.0,0.05,2.0,0.5,3707.3377081720546,0.005103494191939669,0.7465710358263505,1.3765927448934792,726431.2584165042,1.493142071652701,0.010206988383879338,Da>1: interaction/retention dominates over residence time,146.38101151564638,60.85657208013902,679.9206685665107,887.1582521622961,884.1445708064135,0.9959277164650349,Association model: baseline + bulk flow wash-in + binding buildup with random noise.
SYNTHETIC_SIMULATED_TRAINING_DATA_NOT_EXPERIMENTAL,strong_retained_interaction,Strong binding and slow dissociation; signal remains after wash.,2,association_probe_injection,30,30,200.0,0.00019999999999999998,0.05,0.1,2.0,0.05,2.0,0.5,3707.3377081720546,0.005103494191939669,0.7465710358263505,1.3765927448934792,726431.2584165042,1.493142071652701,0.010206988383879338,Da>1: interaction/retention dominates over residence time,146.38101151564638,60.859316472665654,679.9208911926266,887.1612191809387,852.4209371102995,0.9531030937697683,Association model: baseline + bulk flow wash-in + binding buildup with random noise.
SYNTHETIC_SIMULATED_TRAINING_DATA_NOT_EXPERIMENTAL,strong_retained_interaction,Strong binding and slow dissociation; signal remains after wash.,2,association_probe_injection,40,40,200.0,0.00019999999999999998,0.05,0.1,2.0,0.05,2.0,0.5,3707.3377081720546,0.005103494191939669,0.7465710358263505,1.3765927448934792,726431.2584165042,1.493142071652701,0.010206988383879338,Da>1: interaction/retention dominates over residence time,146.38101151564638,60.85933496423704,679.920891320053,887.1612377999364,868.206885504344,0.9744129881638872,Association model: baseline + bulk flow wash-in + binding buildup with random noise.
SYNTHETIC_SIMULATED_TRAINING_DATA_NOT_EXPERIMENTAL,strong_retained_interaction,Strong binding and slow dissociation; signal remains after wash.,2,association_probe_injection,50,50,200.0,0.00019999999999999998,0.05,0.1,2.0,0.05,2.0,0.5,3707.3377081720546,0.005103494191939669,0.7465710358263505,1.3765927448934792,726431.2584165042,1.493142071652701,0.010206988383879338,Da>1: interaction/retention dominates over residence time,146.38101151564638,60.859335088832275,679.9208913201259,887.1612379246045,899.5429477305246,1.0167144172639202,Association model: baseline + bulk flow wash-in + binding buildup with random noise.
SYNTHETIC_SIMULATED_TRAINING_DATA_NOT_EXPERIMENTAL,strong_retained_interaction,Strong binding and slow dissociation; signal remains after wash.,2,association_probe_injection,60,60,200.0,0.00019999999999999998,0.05,0.1,2.0,0.05,2.0,0.5,3707.3377081720546,0.005103494191939669,0.7465710358263505,1.3765927448934792,726431.2584165042,1.493142071652701,0.010206988383879338,Da>1: interaction/retention dominates over residence time,146.38101151564638,60.85933508967178,679.920891320126,887.1612379254441,926.8619031986022,1.05359304130668,Association model: baseline + bulk flow wash-in + binding buildup with random noise.
SYNTHETIC_SIMULATED_TRAINING_DATA_NOT_EXPERIMENTAL,strong_retained_interaction,Strong binding and slow dissociation; signal remains after wash.,2,association_probe_injection,70,70,200.0,0.00019999999999999998,0.05,0.1,2.0,0.05,2.0,0.5,3707.3377081720546,0.005103494191939669,0.7465710358263505,1.3765927448934792,726431.2584165042,1.493142071652701,0.010206988383879338,Da>1: interaction/retention dominates over residence time,146.38101151564638,60.85933508967744,679.920891320126,887.1612379254498,854.890214754153,0.9564364409027242,Association model: baseline + bulk flow wash-in + binding buildup with random noise.
SYNTHETIC_SIMULATED_TRAINING_DATA_NOT_EXPERIMENTAL,strong_retained_interaction,Strong binding and slow dissociation; signal remains after wash.,2,association_probe_injection,80,80,200.0,0.00019999999999999998,0.05,0.1,2.0,0.05,2.0,0.5,3707.3377081720546,0.005103494191939669,0.7465710358263505,1.3765927448934792,726431.2584165042,1.493142071652701,0.010206988383879338,Da>1: interaction/retention dominates over residence time,146.38101151564638,60.85933508967748,679.920891320126,887.1612379254498,873.5388386121894,0.9816107411785523,Association model: baseline + bulk flow wash-in + binding buildup with random noise.
SYNTHETIC_SIMULATED_TRAINING_DATA_NOT_EXPERIMENTAL,strong_retained_interaction,Strong binding and slow dissociation; signal remains after wash.,2,association_probe_injection,90,90,200.0,0.00019999999999999998,0.05,0.1,2.0,0.05,2.0,0.5,3707.3377081720546,0.005103494191939669,0.7465710358263505,1.3765927448934792,726431.2584165042,1.493142071652701,0.010206988383879338,Da>1: interaction/retention dominates over residence time,146.38101151564638,60.85933508967748,679.920891320126,887.1612379254498,844.8102287307694,0.9428291851148147,Association model: baseline + bulk flow wash-in + binding buildup with random noise.
SYNTHETIC_SIMULATED_TRAINING_DATA_NOT_EXPERIMENTAL,strong_retained_interaction,Strong binding and slow dissociation; signal remains after wash.,2,association_probe_injection,100,100,200.0,0.00019999999999999998,0.05,0.1,2.0,0.05,2.0,0.5,3707.3377081720546,0.005103494191939669,0.7465710358263505,1.3765927448934792,726431.2584165042,1.493142071652701,0.010206988383879338,Da>1: interaction/retention dominates over residence time,146.38101151564638,60.85933508967748,679.920891320126,887.1612379254498,870.0912226044592,0.9769567076544137,Association model: baseline + bulk flow wash-in + binding buildup with random noise.
SYNTHETIC_SIMULATED_TRAINING_DATA_NOT_EXPERIMENTAL,strong_retained_interaction,Strong binding and slow dissociation; signal remains after wash.,2,association_probe_injection,110,110,200.0,0.00019999999999999998,0.05,0.1,2.0,0.05,2.0,0.5,3707.3377081720546,0.005103494191939669,0.7465710358263505,1.3765927448934792,726431.2584165042,1.493142071652701,0.010206988383879338,Da>1: interaction/retention dominates over residence time,146.38101151564638,60.85933508967748,679.920891320126,887.1612379254498,854.8567489179542,0.9563912644320169,Association model: baseline + bulk flow wash-in + binding buildup with random noise.
SYNTHETIC_SIMULATED_TRAINING_DATA_NOT_EXPERIMENTAL,strong_retained_interaction,Strong binding and slow dissociation; signal remains after wash.,2,association_probe_injection,120,120,200.0,0.00019999999999999998,0.05,0.1,2.0,0.05,2.0,0.5,3707.3377081720546,0.005103494191939669,0.7465710358263505,1.3765927448934792,726431.2584165042,1.493142071652701,0.010206988383879338,Da>1: interaction/retention dominates over residence time,146.38101151564638,60.85933508967748,679.920891320126,887.1612379254498,852.6899168215714,0.9534661970245292,Association model: baseline + bulk flow wash-in + binding buildup with random noise.
SYNTHETIC_SIMULATED_TRAINING_DATA_NOT_EXPERIMENTAL,strong_retained_interaction,Strong binding and slow dissociation; signal remains after wash.,2,dissociation_buffer_wash,130,0,0.0,0.0,0.05,0.1,2.0,0.05,2.0,0.5,3707.3377081720546,0.005103494191939669,0.7465710358263505,1.3765927448934792,726431.2584165042,1.493142071652701,0.010206988383879338,Da>1: interaction/retention dominates over residence time,146.38101151564638,60.85933508967748,679.920891320126,887.1612379254498,888.3005946686701,1.0015380496166078,Dissociation model: bulk flow component washes out fast; bound component decays by koff.
SYNTHETIC_SIMULATED_TRAINING_DATA_NOT_EXPERIMENTAL,strong_retained_interaction,Strong binding and slow dissociation; signal remains after wash.,2,dissociation_buffer_wash,140,10,0.0,0.0,0.05,0.1,2.0,0.05,2.0,0.5,3707.3377081720546,0.005103494191939669,0.7465710358263505,1.3765927448934792,726431.2584165042,1.493142071652701,0.010206988383879338,Da>1: interaction/retention dominates over residence time,146.38101151564638,0.4100669742338292,646.0917445908262,792.8828230807064,795.6582045144165,0.8764774893432247,Dissociation model: bulk flow component washes out fast; bound component decays by koff.
SYNTHETIC_SIMULATED_TRAINING_DATA_NOT_EXPERIMENTAL,strong_retained_interaction,Strong binding and slow dissociation; signal remains after wash.,2,dissociation_buffer_wash,150,20,0.0,0.0,0.05,0.1,2.0,0.05,2.0,0.5,3707.3377081720546,0.005103494191939669,0.7465710358263505,1.3765927448934792,726431.2584165042,1.493142071652701,0.010206988383879338,Da>1: interaction/retention dominates over residence time,146.38101151564638,0.0027630095384628874,613.9457512739925,760.3295257991774,749.3675921786835,0.8139884937067176,Dissociation model: bulk flow component washes out fast; bound component decays by koff.
SYNTHETIC_SIMULATED_TRAINING_DATA_NOT_EXPERIMENTAL,strong_retained_interaction,Strong binding and slow dissociation; signal remains after wash.,2,dissociation_buffer_wash,160,30,0.0,0.0,0.05,0.1,2.0,0.05,2.0,0.5,3707.3377081720546,0.005103494191939669,0.7465710358263505,1.3765927448934792,726431.2584165042,1.493142071652701,0.010206988383879338,Da>1: interaction/retention dominates over residence time,146.38101151564638,1.861701182813053e-05,583.3991668568661,729.7801969895244,720.6642023610904,0.7752409829143408,Dissociation model: bulk flow component washes out fast; bound component decays by koff.
SYNTHETIC_SIMULATED_TRAINING_DATA_NOT_EXPERIMENTAL,strong_retained_interaction,Strong binding and slow dissociation; signal remains after wash.,2,dissociation_buffer_wash,170,40,0.0,0.0,0.05,0.1,2.0,0.05,2.0,0.5,3707.3377081720546,0.005103494191939669,0.7465710358263505,1.3765927448934792,726431.2584165042,1.493142071652701,0.010206988383879338,Da>1: interaction/retention dominates over residence time,146.38101151564638,1.2544043897929078e-07,554.3724134958492,700.753425136936,659.0648812662373,0.6920863320492731,Dissociation model: bulk flow component washes out fast; bound component decays by koff.
SYNTHETIC_SIMULATED_TRAINING_DATA_NOT_EXPERIMENTAL,strong_retained_interaction,Strong binding and slow dissociation; signal remains after wash.,2,dissociation_buffer_wash,180,50,0.0,0.0,0.05,0.1,2.0,0.05,2.0,0.5,3707.3377081720546,0.005103494191939669,0.7465710358263505,1.3765927448934792,726431.2584165042,1.493142071652701,0.010206988383879338,Da>1: interaction/retention dominates over residence time,146.38101151564638,8.452110293844759e-10,526.7898727058247,673.1708842223163,685.3590698861998,0.727581594588066,Dissociation model: bulk flow component washes out fast; bound component decays by koff.
SYNTHETIC_SIMULATED_TRAINING_DATA_NOT_EXPERIMENTAL,strong_retained_interaction,Strong binding and slow dissociation; signal remains after wash.,2,dissociation_buffer_wash,190,60,0.0,0.0,0.05,0.1,2.0,0.05,2.0,0.5,3707.3377081720546,0.005103494191939669,0.7465710358263505,1.3765927448934792,726431.2584165042,1.493142071652701,0.010206988383879338,Da>1: interaction/retention dominates over residence time,146.38101151564638,5.694987119035068e-12,500.57968836412323,646.9606998797753,707.8887188478575,0.757994999479889,Dissociation model: bulk flow component washes out fast; bound component decays by koff.
SYNTHETIC_SIMULATED_TRAINING_DATA_NOT_EXPERIMENTAL,strong_retained_interaction,Strong binding and slow dissociation; signal remains after wash.,2,dissociation_buffer_wash,200,70,0.0,0.0,0.05,0.1,2.0,0.05,2.0,0.5,3707.3377081720546,0.005103494191939669,0.7465710358263505,1.3765927448934792,726431.2584165042,1.493142071652701,0.010206988383879338,Da>1: interaction/retention dominates over residence time,146.38101151564638,3.837252136853272e-14,475.6735795159337,622.0545910315801,631.9896064747393,0.6555366593849276,Dissociation model: bulk flow component washes out fast; bound component decays by koff.
SYNTHETIC_SIMULATED_TRAINING_DATA_NOT_EXPERIMENTAL,strong_retained_interaction,Strong binding and slow dissociation; signal remains after wash.,2,dissociation_buffer_wash,210,80,0.0,0.0,0.05,0.1,2.0,0.05,2.0,0.5,3707.3377081720546,0.005103494191939669,0.7465710358263505,1.3765927448934792,726431.2584165042,1.493142071652701,0.010206988383879338,Da>1: interaction/retention dominates over residence time,146.38101151564638,2.5855201520244805e-16,452.00666249349536,598.3876740091417,576.8746102951221,0.5811353805512142,Dissociation model: bulk flow component washes out fast; bound component decays by koff.
SYNTHETIC_SIMULATED_TRAINING_DATA_NOT_EXPERIMENTAL,strong_retained_interaction,Strong binding and slow dissociation; signal remains after wash.,2,dissociation_buffer_wash,220,90,0.0,0.0,0.05,0.1,2.0,0.05,2.0,0.5,3707.3377081720546,0.005103494191939669,0.7465710358263505,1.3765927448934792,726431.2584165042,1.493142071652701,0.010206988383879338,Da>1: interaction/retention dominates over residence time,146.38101151564638,1.7421097749408348e-18,429.51728188566506,575.8982934013114,582.2106883036055,0.5883387018849175,Dissociation model: bulk flow component washes out fast; bound component decays by koff.
SYNTHETIC_SIMULATED_TRAINING_DATA_NOT_EXPERIMENTAL,strong_retained_interaction,Strong binding and slow dissociation; signal remains after wash.,2,dissociation_buffer_wash,230,100,0.0,0.0,0.05,0.1,2.0,0.05,2.0,0.5,3707.3377081720546,0.005103494191939669,0.7465710358263505,1.3765927448934792,726431.2584165042,1.493142071652701,0.010206988383879338,Da>1: interaction/retention dominates over residence time,146.38101151564638,1.1738243330140057e-20,408.14684991751574,554.5278614331621,561.1609347788386,0.5599230493414032,Dissociation model: bulk flow component washes out fast; bound component decays by koff.
SYNTHETIC_SIMULATED_TRAINING_DATA_NOT_EXPERIMENTAL,strong_retained_interaction,Strong binding and slow dissociation; signal remains after wash.,2,dissociation_buffer_wash,240,110,0.0,0.0,0.05,0.1,2.0,0.05,2.0,0.5,3707.3377081720546,0.005103494191939669,0.7465710358263505,1.3765927448934792,726431.2584165042,1.493142071652701,0.010206988383879338,Da>1: interaction/retention dominates over residence time,146.38101151564638,7.90916614208522e-23,387.83969382152765,534.220705337174,535.6956440855847,0.5255467393571699,Dissociation model: bulk flow component washes out fast; bound component decays by koff.
SYNTHETIC_SIMULATED_TRAINING_DATA_NOT_EXPERIMENTAL,strong_retained_interaction,Strong binding and slow dissociation; signal remains after wash.,2,dissociation_buffer_wash,250,120,0.0,0.0,0.05,0.1,2.0,0.05,2.0,0.5,3707.3377081720546,0.005103494191939669,0.7465710358263505,1.3765927448934792,726431.2584165042,1.493142071652701,0.010206988383879338,Da>1: interaction/retention dominates over residence time,146.38101151564638,5.329154227233148e-25,368.5429108027548,514.9239223184012,515.3354463513397,0.49806193751125555,Dissociation model: bulk flow component washes out fast; bound component decays by koff.
SYNTHETIC_SIMULATED_TRAINING_DATA_NOT_EXPERIMENTAL,strong_retained_interaction,Strong binding and slow dissociation; signal remains after wash.,2,dissociation_buffer_wash,260,130,0.0,0.0,0.05,0.1,2.0,0.05,2.0,0.5,3707.3377081720546,0.005103494191939669,0.7465710358263505,1.3765927448934792,726431.2584165042,1.493142071652701,0.010206988383879338,Da>1: interaction/retention dominates over residence time,146.38101151564638,3.5907558733049225e-27,350.20623022013154,496.5872417357779,501.4815823634224,0.4793602180349405,Dissociation model: bulk flow component washes out fast; bound component decays by koff.
SYNTHETIC_SIMULATED_TRAINING_DATA_NOT_EXPERIMENTAL,strong_retained_interaction,Strong binding and slow dissociation; signal remains after wash.,3,association_probe_injection,0,0,200.0,0.00019999999999999998,0.05,0.1,2.0,0.05,2.0,0.5,4186.1384321031055,0.005105594401072609,0.8423332808216936,1.219642991717207,819912.0618010041,1.6846665616433871,0.010211188802145218,Da>1: interaction/retention dominates over residence time,143.0017623061636,0.0,0.0,143.0017623061636,172.47174491119856,0.0411135493445394,Association model: baseline + bulk flow wash-in + binding buildup with random noise.
SYNTHETIC_SIMULATED_TRAINING_DATA_NOT_EXPERIMENTAL,strong_retained_interaction,Strong binding and slow dissociation; signal remains after wash.,3,association_probe_injection,10,10,200.0,0.00019999999999999998,0.05,0.1,2.0,0.05,2.0,0.5,4186.1384321031055,0.005105594401072609,0.8423332808216936,1.219642991717207,819912.0618010041,1.6846665616433871,0.010211188802145218,Da>1: interaction/retention dominates over residence time,143.0017623061636,60.939767258655195,655.2977528843479,859.2392824491667,849.0484947421502,0.9850052360939737,Association model: baseline + bulk flow wash-in + binding buildup with random noise.
SYNTHETIC_SIMULATED_TRAINING_DATA_NOT_EXPERIMENTAL,strong_retained_interaction,Strong binding and slow dissociation; signal remains after wash.,3,association_probe_injection,20,20,200.0,0.00019999999999999998,0.05,0.1,2.0,0.05,2.0,0.5,4186.1384321031055,0.005105594401072609,0.8423332808216936,1.219642991717207,819912.0618010041,1.6846665616433871,0.010211188802145218,Da>1: interaction/retention dominates over residence time,143.0017623061636,61.35037618058062,655.4417095307601,859.7938480175044,856.83907018641,0.9958738617135631,Association model: baseline + bulk flow wash-in + binding buildup with random noise.
SYNTHETIC_SIMULATED_TRAINING_DATA_NOT_EXPERIMENTAL,strong_retained_interaction,Strong binding and slow dissociation; signal remains after wash.,3,association_probe_injection,30,30,200.0,0.00019999999999999998,0.05,0.1,2.0,0.05,2.0,0.5,4186.1384321031055,0.005105594401072609,0.8423332808216936,1.219642991717207,819912.0618010041,1.6846665616433871,0.010211188802145218,Da>1: interaction/retention dominates over residence time,143.0017623061636,61.353142841733906,655.4417411553399,859.7966463032374,885.19209180414,1.0354291396711475,Association model: baseline + bulk flow wash-in + binding buildup with random noise.
SYNTHETIC_SIMULATED_TRAINING_DATA_NOT_EXPERIMENTAL,strong_retained_interaction,Strong binding and slow dissociation; signal remains after wash.,3,association_probe_injection,40,40,200.0,0.00019999999999999998,0.05,0.1,2.0,0.05,2.0,0.5,4186.1384321031055,0.005105594401072609,0.8423332808216936,1.219642991717207,819912.0618010041,1.6846665616433871,0.010211188802145218,Da>1: interaction/retention dominates over residence time,143.0017623061636,61.35316148335012,655.4417411622873,859.796664951801,873.297780060032,1.0188353947964162,Association model: baseline + bulk flow wash-in + binding buildup with random noise.
SYNTHETIC_SIMULATED_TRAINING_DATA_NOT_EXPERIMENTAL,strong_retained_interaction,Strong binding and slow dissociation; signal remains after wash.,3,association_probe_injection,50,50,200.0,0.00019999999999999998,0.05,0.1,2.0,0.05,2.0,0.5,4186.1384321031055,0.005105594401072609,0.8423332808216936,1.219642991717207,819912.0618010041,1.6846665616433871,0.010211188802145218,Da>1: interaction/retention dominates over residence time,143.0017623061636,61.35316160895634,655.4417411622887,859.7966650774088,913.4046789099049,1.07478849755254,Association model: baseline + bulk flow wash-in + binding buildup with random noise.
SYNTHETIC_SIMULATED_TRAINING_DATA_NOT_EXPERIMENTAL,strong_retained_interaction,Strong binding and slow dissociation; signal remains after wash.,3,association_probe_injection,60,60,200.0,0.00019999999999999998,0.05,0.1,2.0,0.05,2.0,0.5,4186.1384321031055,0.005105594401072609,0.8423332808216936,1.219642991717207,819912.0618010041,1.6846665616433871,0.010211188802145218,Da>1: interaction/retention dominates over residence time,143.0017623061636,61.35316160980267,655.4417411622887,859.796665078255,877.7067324201935,1.024986320735078,Association model: baseline + bulk flow wash-in + binding buildup with random noise.
SYNTHETIC_SIMULATED_TRAINING_DATA_NOT_EXPERIMENTAL,strong_retained_interaction,Strong binding and slow dissociation; signal remains after wash.,3,association_probe_injection,70,70,200.0,0.00019999999999999998,0.05,0.1,2.0,0.05,2.0,0.5,4186.1384321031055,0.005105594401072609,0.8423332808216936,1.219642991717207,819912.0618010041,1.6846665616433871,0.010211188802145218,Da>1: interaction/retention dominates over residence time,143.0017623061636,61.35316160980837,655.4417411622887,859.7966650782607,814.0395979211582,0.9361643519225039,Association model: baseline + bulk flow wash-in + binding buildup with random noise.
SYNTHETIC_SIMULATED_TRAINING_DATA_NOT_EXPERIMENTAL,strong_retained_interaction,Strong binding and slow dissociation; signal remains after wash.,3,association_probe_injection,80,80,200.0,0.00019999999999999998,0.05,0.1,2.0,0.05,2.0,0.5,4186.1384321031055,0.005105594401072609,0.8423332808216936,1.219642991717207,819912.0618010041,1.6846665616433871,0.010211188802145218,Da>1: interaction/retention dominates over residence time,143.0017623061636,61.35316160980841,655.4417411622887,859.7966650782607,851.1756229684777,0.9879727909944078,Association model: baseline + bulk flow wash-in + binding buildup with random noise.
SYNTHETIC_SIMULATED_TRAINING_DATA_NOT_EXPERIMENTAL,strong_retained_interaction,Strong binding and slow dissociation; signal remains after wash.,3,association_probe_injection,90,90,200.0,0.00019999999999999998,0.05,0.1,2.0,0.05,2.0,0.5,4186.1384321031055,0.005105594401072609,0.8423332808216936,1.219642991717207,819912.0618010041,1.6846665616433871,0.010211188802145218,Da>1: interaction/retention dominates over residence time,143.0017623061636,61.35316160980841,655.4417411622887,859.7966650782607,843.4345409623213,0.977173213631038,Association model: baseline + bulk flow wash-in + binding buildup with random noise.
SYNTHETIC_SIMULATED_TRAINING_DATA_NOT_EXPERIMENTAL,strong_retained_interaction,Strong binding and slow dissociation; signal remains after wash.,3,association_probe_injection,100,100,200.0,0.00019999999999999998,0.05,0.1,2.0,0.05,2.0,0.5,4186.1384321031055,0.005105594401072609,0.8423332808216936,1.219642991717207,819912.0618010041,1.6846665616433871,0.010211188802145218,Da>1: interaction/retention dominates over residence time,143.0017623061636,61.35316160980841,655.4417411622887,859.7966650782607,876.7228035162492,1.0236136423020434,Association model: baseline + bulk flow wash-in + binding buildup with random noise.
SYNTHETIC_SIMULATED_TRAINING_DATA_NOT_EXPERIMENTAL,strong_retained_interaction,Strong binding and slow dissociation; signal remains after wash.,3,association_probe_injection,110,110,200.0,0.00019999999999999998,0.05,0.1,2.0,0.05,2.0,0.5,4186.1384321031055,0.005105594401072609,0.8423332808216936,1.219642991717207,819912.0618010041,1.6846665616433871,0.010211188802145218,Da>1: interaction/retention dominates over residence time,143.0017623061636,61.35316160980841,655.4417411622887,859.7966650782607,854.359923981044,0.9924152068099381,Association model: baseline + bulk flow wash-in + binding buildup with random noise.
SYNTHETIC_SIMULATED_TRAINING_DATA_NOT_EXPERIMENTAL,strong_retained_interaction,Strong binding and slow dissociation; signal remains after wash.,3,association_probe_injection,120,120,200.0,0.00019999999999999998,0.05,0.1,2.0,0.05,2.0,0.5,4186.1384321031055,0.005105594401072609,0.8423332808216936,1.219642991717207,819912.0618010041,1.6846665616433871,0.010211188802145218,Da>1: interaction/retention dominates over residence time,143.0017623061636,61.35316160980841,655.4417411622887,859.7966650782607,896.7750442594787,1.0515885074492153,Association model: baseline + bulk flow wash-in + binding buildup with random noise.
SYNTHETIC_SIMULATED_TRAINING_DATA_NOT_EXPERIMENTAL,strong_retained_interaction,Strong binding and slow dissociation; signal remains after wash.,3,dissociation_buffer_wash,130,0,0.0,0.0,0.05,0.1,2.0,0.05,2.0,0.5,4186.1384321031055,0.005105594401072609,0.8423332808216936,1.219642991717207,819912.0618010041,1.6846665616433871,0.010211188802145218,Da>1: interaction/retention dominates over residence time,143.0017623061636,61.35316160980841,655.4417411622887,859.7966650782607,848.6893176998192,0.9845041484872651,Dissociation model: bulk flow component washes out fast; bound component decays by koff.
SYNTHETIC_SIMULATED_TRAINING_DATA_NOT_EXPERIMENTAL,strong_retained_interaction,Strong binding and slow dissociation; signal remains after wash.,3,dissociation_buffer_wash,140,10,0.0,0.0,0.05,0.1,2.0,0.05,2.0,0.5,4186.1384321031055,0.005105594401072609,0.8423332808216936,1.219642991717207,819912.0618010041,1.6846665616433871,0.010211188802145218,Da>1: interaction/retention dominates over residence time,143.0017623061636,0.41339435115321427,622.8174625217109,766.2326191790278,772.5518416526454,0.8782848160775012,Dissociation model: bulk flow component washes out fast; bound component decays by koff.
SYNTHETIC_SIMULATED_TRAINING_DATA_NOT_EXPERIMENTAL,strong_retained_interaction,Strong binding and slow dissociation; signal remains after wash.,3,dissociation_buffer_wash,150,20,0.0,0.0,0.05,0.1,2.0,0.05,2.0,0.5,4186.1384321031055,0.005105594401072609,0.8423332808216936,1.219642991717207,819912.0618010041,1.6846665616433871,0.010211188802145218,Da>1: interaction/retention dominates over residence time,143.0017623061636,0.002785429227791684,591.8170407245052,734.8215884598966,767.0546243945844,0.8706156526434403,Dissociation model: bulk flow component washes out fast; bound component decays by koff.
SYNTHETIC_SIMULATED_TRAINING_DATA_NOT_EXPERIMENTAL,strong_retained_interaction,Strong binding and slow dissociation; signal remains after wash.,3,dissociation_buffer_wash,160,30,0.0,0.0,0.05,0.1,2.0,0.05,2.0,0.5,4186.1384321031055,0.005105594401072609,0.8423332808216936,1.219642991717207,819912.0618010041,1.6846665616433871,0.010211188802145218,Da>1: interaction/retention dominates over residence time,143.0017623061636,1.8768074506563927e-05,562.3596491238415,705.3614301980796,734.4028066513885,0.8250631276227964,Dissociation model: bulk flow component washes out fast; bound component decays by koff.
SYNTHETIC_SIMULATED_TRAINING_DATA_NOT_EXPERIMENTAL,strong_retained_interaction,Strong binding and slow dissociation; signal remains after wash.,3,dissociation_buffer_wash,170,40,0.0,0.0,0.05,0.1,2.0,0.05,2.0,0.5,4186.1384321031055,0.005105594401072609,0.8423332808216936,1.219642991717207,819912.0618010041,1.6846665616433871,0.010211188802145218,Da>1: interaction/retention dominates over residence time,143.0017623061636,1.2645829130011487e-07,534.3684841780448,677.3702466106668,686.3104956475677,0.7579695827080224,Dissociation model: bulk flow component washes out fast; bound component decays by koff.
SYNTHETIC_SIMULATED_TRAINING_DATA_NOT_EXPERIMENTAL,strong_retained_interaction,Strong binding and slow dissociation; signal remains after wash.,3,dissociation_buffer_wash,180,50,0.0,0.0,0.05,0.1,2.0,0.05,2.0,0.5,4186.1384321031055,0.005105594401072609,0.8423332808216936,1.219642991717207,819912.0618010041,1.6846665616433871,0.010211188802145218,Da>1: interaction/retention dominates over residence time,143.0017623061636,8.520692643750848e-10,507.77056520258685,650.7723275096025,636.3455013023076,0.6882634587497913,Dissociation model: bulk flow component washes out fast; bound component decays by koff.
SYNTHETIC_SIMULATED_TRAINING_DATA_NOT_EXPERIMENTAL,strong_retained_interaction,Strong binding and slow dissociation; signal remains after wash.,3,dissociation_buffer_wash,190,60,0.0,0.0,0.05,0.1,2.0,0.05,2.0,0.5,4186.1384321031055,0.005105594401072609,0.8423332808216936,1.219642991717207,819912.0618010041,1.6846665616433871,0.010211188802145218,Da>1: interaction/retention dominates over residence time,143.0017623061636,5.7411975429090645e-12,482.49654408931883,625.4983063954882,632.8010916110449,0.6833186556023982,Dissociation model: bulk flow component washes out fast; bound component decays by koff.
SYNTHETIC_SIMULATED_TRAINING_DATA_NOT_EXPERIMENTAL,strong_retained_interaction,Strong binding and slow dissociation; signal remains after wash.,3,dissociation_buffer_wash,200,70,0.0,0.0,0.05,0.1,2.0,0.05,2.0,0.5,4186.1384321031055,0.005105594401072609,0.8423332808216936,1.219642991717207,819912.0618010041,1.6846665616433871,0.010211188802145218,Da>1: interaction/retention dominates over residence time,143.0017623061636,3.8683884755400985e-14,458.48052449683416,601.4822868029978,557.6521775296634,0.5784784652065761,Dissociation model: bulk flow component washes out fast; bound component decays by koff.
SYNTHETIC_SIMULATED_TRAINING_DATA_NOT_EXPERIMENTAL,strong_retained_interaction,Strong binding and slow dissociation; signal remains after wash.,3,dissociation_buffer_wash,210,80,0.0,0.0,0.05,0.1,2.0,0.05,2.0,0.5,4186.1384321031055,0.005105594401072609,0.8423332808216936,1.219642991717207,819912.0618010041,1.6846665616433871,0.010211188802145218,Da>1: interaction/retention dominates over residence time,143.0017623061636,2.6064996520062213e-16,435.6598900405379,578.6616523467015,620.5108371494786,0.6661725313567659,Dissociation model: bulk flow component washes out fast; bound component decays by koff.
SYNTHETIC_SIMULATED_TRAINING_DATA_NOT_EXPERIMENTAL,strong_retained_interaction,Strong binding and slow dissociation; signal remains after wash.,3,dissociation_buffer_wash,220,90,0.0,0.0,0.05,0.1,2.0,0.05,2.0,0.5,4186.1384321031055,0.005105594401072609,0.8423332808216936,1.219642991717207,819912.0618010041,1.6846665616433871,0.010211188802145218,Da>1: interaction/retention dominates over residence time,143.0017623061636,1.756245650835263e-18,413.9751410344675,556.9769033406311,529.561552033569,0.5392892558700447,Dissociation model: bulk flow component washes out fast; bound component decays by koff.
SYNTHETIC_SIMULATED_TRAINING_DATA_NOT_EXPERIMENTAL,strong_retained_interaction,Strong binding and slow dissociation; signal remains after wash.,3,dissociation_buffer_wash,230,100,0.0,0.0,0.05,0.1,2.0,0.05,2.0,0.5,4186.1384321031055,0.005105594401072609,0.8423332808216936,1.219642991717207,819912.0618010041,1.6846665616433871,0.010211188802145218,Da>1: interaction/retention dominates over residence time,143.0017623061636,1.1833490112702364e-20,393.36973935920724,536.3715016653708,561.8055638761111,0.5842728512023263,Dissociation model: bulk flow component washes out fast; bound component decays by koff.
SYNTHETIC_SIMULATED_TRAINING_DATA_NOT_EXPERIMENTAL,strong_retained_interaction,Strong binding and slow dissociation; signal remains after wash.,3,dissociation_buffer_wash,240,110,0.0,0.0,0.05,0.1,2.0,0.05,2.0,0.5,4186.1384321031055,0.005105594401072609,0.8423332808216936,1.219642991717207,819912.0618010041,1.6846665616433871,0.010211188802145218,Da>1: interaction/retention dominates over residence time,143.0017623061636,7.973342919359045e-23,373.7899610514222,516.7917233575859,537.1880920114199,0.5499290357406276,Dissociation model: bulk flow component washes out fast; bound component decays by koff.
SYNTHETIC_SIMULATED_TRAINING_DATA_NOT_EXPERIMENTAL,strong_retained_interaction,Strong binding and slow dissociation; signal remains after wash.,3,dissociation_buffer_wash,250,120,0.0,0.0,0.05,0.1,2.0,0.05,2.0,0.5,4186.1384321031055,0.005105594401072609,0.8423332808216936,1.219642991717207,819912.0618010041,1.6846665616433871,0.010211188802145218,Da>1: interaction/retention dominates over residence time,143.0017623061636,5.372396199617463e-25,355.1847562306738,498.1865185368374,496.9722878936571,0.4938239993316992,Dissociation model: bulk flow component washes out fast; bound component decays by koff.
SYNTHETIC_SIMULATED_TRAINING_DATA_NOT_EXPERIMENTAL,strong_retained_interaction,Strong binding and slow dissociation; signal remains after wash.,3,dissociation_buffer_wash,260,130,0.0,0.0,0.05,0.1,2.0,0.05,2.0,0.5,4186.1384321031055,0.005105594401072609,0.8423332808216936,1.219642991717207,819912.0618010041,1.6846665616433871,0.010211188802145218,Da>1: interaction/retention dominates over residence time,143.0017623061636,3.619892085111065e-27,337.5056159983064,480.50737830446997,456.26410056927887,0.437032039501983,Dissociation model: bulk flow component washes out fast; bound component decays by koff.
SYNTHETIC_SIMULATED_TRAINING_DATA_NOT_EXPERIMENTAL,strong_retained_interaction,Strong binding and slow dissociation; signal remains after wash.,1,association_probe_injection,0,0,200.0,0.00019999999999999998,0.5,0.1,2.0,0.05,0.2,5.0,3806.2501706353178,0.005301972024344336,0.7665520061514078,1.392964673012904,717893.2957697028,0.15331040123028158,0.0010603944048688673,0.1<=Da<=1: mixed flow and interaction,140.84791956134444,0.0,0.0,140.84791956134444,158.42141144664046,0.02448946410435522,Association model: baseline + bulk flow wash-in + binding buildup with random noise.
SYNTHETIC_SIMULATED_TRAINING_DATA_NOT_EXPERIMENTAL,strong_retained_interaction,Strong binding and slow dissociation; signal remains after wash.,1,association_probe_injection,10,10,200.0,0.00019999999999999998,0.5,0.1,2.0,0.05,0.2,5.0,3806.2501706353178,0.005301972024344336,0.7665520061514078,1.392964673012904,717893.2957697028,0.15331040123028158,0.0010603944048688673,0.1<=Da<=1: mixed flow and interaction,140.84791956134444,56.49290140951454,660.7912066833205,858.1320276541795,853.1748223766475,0.9926600945858659,Association model: baseline + bulk flow wash-in + binding buildup with random noise.
SYNTHETIC_SIMULATED_TRAINING_DATA_NOT_EXPERIMENTAL,strong_retained_interaction,Strong binding and slow dissociation; signal remains after wash.,1,association_probe_injection,20,20,200.0,0.00019999999999999998,0.5,0.1,2.0,0.05,0.2,5.0,3806.2501706353178,0.005301972024344336,0.7665520061514078,1.392964673012904,717893.2957697028,0.15331040123028158,0.0010603944048688673,0.1<=Da<=1: mixed flow and interaction,140.84791956134444,56.49290140951454,661.1009280674593,858.4417490383183,836.7776738609293,0.9698099187294982,Association model: baseline + bulk flow wash-in + binding buildup with random noise.
SYNTHETIC_SIMULATED_TRAINING_DATA_NOT_EXPERIMENTAL,strong_retained_interaction,Strong binding and slow dissociation; signal remains after wash.,1,association_probe_injection,30,30,200.0,0.00019999999999999998,0.5,0.1,2.0,0.05,0.2,5.0,3806.2501706353178,0.005301972024344336,0.7665520061514078,1.392964673012904,717893.2957697028,0.15331040123028158,0.0010603944048688673,0.1<=Da<=1: mixed flow and interaction,140.84791956134444,56.49290140951454,661.1010732378775,858.4418942087365,834.3803941645368,0.9664691999095792,Association model: baseline + bulk flow wash-in + binding buildup with random noise.
SYNTHETIC_SIMULATED_TRAINING_DATA_NOT_EXPERIMENTAL,strong_retained_interaction,Strong binding and slow dissociation; signal remains after wash.,1,association_probe_injection,40,40,200.0,0.00019999999999999998,0.5,0.1,2.0,0.05,0.2,5.0,3806.2501706353178,0.005301972024344336,0.7665520061514078,1.392964673012904,717893.2957697028,0.15331040123028158,0.0010603944048688673,0.1<=Da<=1: mixed flow and interaction,140.84791956134444,56.49290140951454,661.1010733059207,858.4418942767797,898.3554322337164,1.0556213393134062,Association model: baseline + bulk flow wash-in + binding buildup with random noise.
SYNTHETIC_SIMULATED_TRAINING_DATA_NOT_EXPERIMENTAL,strong_retained_interaction,Strong binding and slow dissociation; signal remains after wash.,1,association_probe_injection,50,50,200.0,0.00019999999999999998,0.5,0.1,2.0,0.05,0.2,5.0,3806.2501706353178,0.005301972024344336,0.7665520061514078,1.392964673012904,717893.2957697028,0.15331040123028158,0.0010603944048688673,0.1<=Da<=1: mixed flow and interaction,140.84791956134444,56.49290140951454,661.1010733059527,858.4418942768117,865.057120695798,1.0092186203508875,Association model: baseline + bulk flow wash-in + binding buildup with random noise.
SYNTHETIC_SIMULATED_TRAINING_DATA_NOT_EXPERIMENTAL,strong_retained_interaction,Strong binding and slow dissociation; signal remains after wash.,1,association_probe_injection,60,60,200.0,0.00019999999999999998,0.5,0.1,2.0,0.05,0.2,5.0,3806.2501706353178,0.005301972024344336,0.7665520061514078,1.392964673012904,717893.2957697028,0.15331040123028158,0.0010603944048688673,0.1<=Da<=1: mixed flow and interaction,140.84791956134444,56.49290140951454,661.1010733059527,858.4418942768117,830.6936747440351,0.9613315879027845,Association model: baseline + bulk flow wash-in + binding buildup with random noise.
SYNTHETIC_SIMULATED_TRAINING_DATA_NOT_EXPERIMENTAL,strong_retained_interaction,Strong binding and slow dissociation; signal remains after wash.,1,association_probe_injection,70,70,200.0,0.00019999999999999998,0.5,0.1,2.0,0.05,0.2,5.0,3806.2501706353178,0.005301972024344336,0.7665520061514078,1.392964673012904,717893.2957697028,0.15331040123028158,0.0010603944048688673,0.1<=Da<=1: mixed flow and interaction,140.84791956134444,56.49290140951454,661.1010733059527,858.4418942768117,836.5819656731219,0.9695371904253273,Association model: baseline + bulk flow wash-in + binding buildup with random noise.
SYNTHETIC_SIMULATED_TRAINING_DATA_NOT_EXPERIMENTAL,strong_retained_interaction,Strong binding and slow dissociation; signal remains after wash.,1,association_probe_injection,80,80,200.0,0.00019999999999999998,0.5,0.1,2.0,0.05,0.2,5.0,3806.2501706353178,0.005301972024344336,0.7665520061514078,1.392964673012904,717893.2957697028,0.15331040123028158,0.0010603944048688673,0.1<=Da<=1: mixed flow and interaction,140.84791956134444,56.49290140951454,661.1010733059527,858.4418942768117,846.0320059473787,0.9827062534431765,Association model: baseline + bulk flow wash-in + binding buildup with random noise.
SYNTHETIC_SIMULATED_TRAINING_DATA_NOT_EXPERIMENTAL,strong_retained_interaction,Strong binding and slow dissociation; signal remains after wash.,1,association_probe_injection,90,90,200.0,0.00019999999999999998,0.5,0.1,2.0,0.05,0.2,5.0,3806.2501706353178,0.005301972024344336,0.7665520061514078,1.392964673012904,717893.2957697028,0.15331040123028158,0.0010603944048688673,0.1<=Da<=1: mixed flow and interaction,140.84791956134444,56.49290140951454,661.1010733059527,858.4418942768117,848.392281467118,0.9859954052517255,Association model: baseline + bulk flow wash-in + binding buildup with random noise.
SYNTHETIC_SIMULATED_TRAINING_DATA_NOT_EXPERIMENTAL,strong_retained_interaction,Strong binding and slow dissociation; signal remains after wash.,1,association_probe_injection,100,100,200.0,0.00019999999999999998,0.5,0.1,2.0,0.05,0.2,5.0,3806.2501706353178,0.005301972024344336,0.7665520061514078,1.392964673012904,717893.2957697028,0.15331040123028158,0.0010603944048688673,0.1<=Da<=1: mixed flow and interaction,140.84791956134444,56.49290140951454,661.1010733059527,858.4418942768117,817.0604500610018,0.9423330662270151,Association model: baseline + bulk flow wash-in + binding buildup with random noise.
SYNTHETIC_SIMULATED_TRAINING_DATA_NOT_EXPERIMENTAL,strong_retained_interaction,Strong binding and slow dissociation; signal remains after wash.,1,association_probe_injection,110,110,200.0,0.00019999999999999998,0.5,0.1,2.0,0.05,0.2,5.0,3806.2501706353178,0.005301972024344336,0.7665520061514078,1.392964673012904,717893.2957697028,0.15331040123028158,0.0010603944048688673,0.1<=Da<=1: mixed flow and interaction,140.84791956134444,56.49290140951454,661.1010733059527,858.4418942768117,863.0566873574624,1.0064309250680101,Association model: baseline + bulk flow wash-in + binding buildup with random noise.
SYNTHETIC_SIMULATED_TRAINING_DATA_NOT_EXPERIMENTAL,strong_retained_interaction,Strong binding and slow dissociation; signal remains after wash.,1,association_probe_injection,120,120,200.0,0.00019999999999999998,0.5,0.1,2.0,0.05,0.2,5.0,3806.2501706353178,0.005301972024344336,0.7665520061514078,1.392964673012904,717893.2957697028,0.15331040123028158,0.0010603944048688673,0.1<=Da<=1: mixed flow and interaction,140.84791956134444,56.49290140951454,661.1010733059527,858.4418942768117,851.0150137311618,0.9896503025285369,Association model: baseline + bulk flow wash-in + binding buildup with random noise.
SYNTHETIC_SIMULATED_TRAINING_DATA_NOT_EXPERIMENTAL,strong_retained_interaction,Strong binding and slow dissociation; signal remains after wash.,1,dissociation_buffer_wash,130,0,0.0,0.0,0.5,0.1,2.0,0.05,0.2,5.0,3806.2501706353178,0.005301972024344336,0.7665520061514078,1.392964673012904,717893.2957697028,0.15331040123028158,0.0010603944048688673,0.1<=Da<=1: mixed flow and interaction,140.84791956134444,56.49290140951454,661.1010733059527,858.4418942768117,847.941232899586,0.9853668484585741,Dissociation model: bulk flow component washes out fast; bound component decays by koff.
SYNTHETIC_SIMULATED_TRAINING_DATA_NOT_EXPERIMENTAL,strong_retained_interaction,Strong binding and slow dissociation; signal remains after wash.,1,dissociation_buffer_wash,140,10,0.0,0.0,0.5,0.1,2.0,0.05,0.2,5.0,3806.2501706353178,0.005301972024344336,0.7665520061514078,1.392964673012904,717893.2957697028,0.15331040123028158,0.0010603944048688673,0.1<=Da<=1: mixed flow and interaction,140.84791956134444,1.0896067500464176e-20,626.9626801753673,767.8105997367118,746.5914230900831,0.8441312564935092,Dissociation model: bulk flow component washes out fast; bound component decays by koff.
SYNTHETIC_SIMULATED_TRAINING_DATA_NOT_EXPERIMENTAL,strong_retained_interaction,Strong binding and slow dissociation; signal remains after wash.,1,dissociation_buffer_wash,150,20,0.0,0.0,0.5,0.1,2.0,0.05,0.2,5.0,3806.2501706353178,0.005301972024344336,0.7665520061514078,1.392964673012904,717893.2957697028,0.15331040123028158,0.0010603944048688673,0.1<=Da<=1: mixed flow and interaction,140.84791956134444,2.1015788534924865e-42,594.58714893171,735.4350684930544,667.3389997563029,0.7336893825003437,Dissociation model: bulk flow component washes out fast; bound component decays by koff.
SYNTHETIC_SIMULATED_TRAINING_DATA_NOT_EXPERIMENTAL,strong_retained_interaction,Strong binding and slow dissociation; signal remains after wash.,1,dissociation_buffer_wash,160,30,0.0,0.0,0.5,0.1,2.0,0.05,0.2,5.0,3806.2501706353178,0.005301972024344336,0.7665520061514078,1.392964673012904,717893.2957697028,0.15331040123028158,0.0010603944048688673,0.1<=Da<=1: mixed flow and interaction,140.84791956134444,4.053419894157818e-64,563.8834476971625,704.7313672585069,694.5142433865672,0.7715593264906615,Dissociation model: bulk flow component washes out fast; bound component decays by koff.
SYNTHETIC_SIMULATED_TRAINING_DATA_NOT_EXPERIMENTAL,strong_retained_interaction,Strong binding and slow dissociation; signal remains after wash.,1,dissociation_buffer_wash,170,40,0.0,0.0,0.5,0.1,2.0,0.05,0.2,5.0,3806.2501706353178,0.005301972024344336,0.7665520061514078,1.392964673012904,717893.2957697028,0.15331040123028158,0.0010603944048688673,0.1<=Da<=1: mixed flow and interaction,140.84791956134444,7.818033004590811e-86,534.7652453607902,675.6131649221347,712.1110108092845,0.7960812261201766,Dissociation model: bulk flow component washes out fast; bound component decays by koff.
SYNTHETIC_SIMULATED_TRAINING_DATA_NOT_EXPERIMENTAL,strong_retained_interaction,Strong binding and slow dissociation; signal remains after wash.,1,dissociation_buffer_wash,180,50,0.0,0.0,0.5,0.1,2.0,0.05,0.2,5.0,3806.2501706353178,0.005301972024344336,0.7665520061514078,1.392964673012904,717893.2957697028,0.15331040123028158,0.0010603944048688673,0.1<=Da<=1: mixed flow and interaction,140.84791956134444,1.507902996898142e-107,507.15066883710045,647.9985883984449,675.2723043839134,0.7447448050751447,Dissociation model: bulk flow component washes out fast; bound component decays by koff.
SYNTHETIC_SIMULATED_TRAINING_DATA_NOT_EXPERIMENTAL,strong_retained_interaction,Strong binding and slow dissociation; signal remains after wash.,1,dissociation_buffer_wash,190,60,0.0,0.0,0.5,0.1,2.0,0.05,0.2,5.0,3806.2501706353178,0.005301972024344336,0.7665520061514078,1.392964673012904,717893.2957697028,0.15331040123028158,0.0010603944048688673,0.1<=Da<=1: mixed flow and interaction,140.84791956134444,2.908367676011627e-129,480.9620728594506,621.809992420795,613.9170007869279,0.6592433853881784,Dissociation model: bulk flow component washes out fast; bound component decays by koff.
SYNTHETIC_SIMULATED_TRAINING_DATA_NOT_EXPERIMENTAL,strong_retained_interaction,Strong binding and slow dissociation; signal remains after wash.,1,dissociation_buffer_wash,200,70,0.0,0.0,0.5,0.1,2.0,0.05,0.2,5.0,3806.2501706353178,0.005301972024344336,0.7665520061514078,1.392964673012904,717893.2957697028,0.15331040123028158,0.0010603944048688673,0.1<=Da<=1: mixed flow and interaction,140.84791956134444,5.6095137129305985e-151,456.12582166102226,596.9737412223667,633.3336729003107,0.6863014053793324,Dissociation model: bulk flow component washes out fast; bound component decays by koff.
SYNTHETIC_SIMULATED_TRAINING_DATA_NOT_EXPERIMENTAL,strong_retained_interaction,Strong binding and slow dissociation; signal remains after wash.,1,dissociation_buffer_wash,210,80,0.0,0.0,0.5,0.1,2.0,0.05,0.2,5.0,3806.2501706353178,0.005301972024344336,0.7665520061514078,1.392964673012904,717893.2957697028,0.15331040123028158,0.0010603944048688673,0.1<=Da<=1: mixed flow and interaction,140.84791956134444,1.0819348720966404e-172,432.5720819295048,573.4200014908492,573.9463130411409,0.6035424052320452,Dissociation model: bulk flow component washes out fast; bound component decays by koff.
SYNTHETIC_SIMULATED_TRAINING_DATA_NOT_EXPERIMENTAL,strong_retained_interaction,Strong binding and slow dissociation; signal remains after wash.,1,dissociation_buffer_wash,220,90,0.0,0.0,0.5,0.1,2.0,0.05,0.2,5.0,3806.2501706353178,0.005301972024344336,0.7665520061514078,1.392964673012904,717893.2957697028,0.15331040123028158,0.0010603944048688673,0.1<=Da<=1: mixed flow and interaction,140.84791956134444,2.086781720063256e-194,410.2346264533267,551.0825460146712,546.6344982685171,0.5654821431131314,Dissociation model: bulk flow component washes out fast; bound component decays by koff.
SYNTHETIC_SIMULATED_TRAINING_DATA_NOT_EXPERIMENTAL,strong_retained_interaction,Strong binding and slow dissociation; signal remains after wash.,1,dissociation_buffer_wash,230,100,0.0,0.0,0.5,0.1,2.0,0.05,0.2,5.0,3806.2501706353178,0.005301972024344336,0.7665520061514078,1.392964673012904,717893.2957697028,0.15331040123028158,0.0010603944048688673,0.1<=Da<=1: mixed flow and interaction,140.84791956134444,4.024879925305888e-216,389.0506479073393,529.8985674686837,530.2453781275818,0.5426431551639451,Dissociation model: bulk flow component washes out fast; bound component decays by koff.
SYNTHETIC_SIMULATED_TRAINING_DATA_NOT_EXPERIMENTAL,strong_retained_interaction,Strong binding and slow dissociation; signal remains after wash.,1,dissociation_buffer_wash,240,110,0.0,0.0,0.5,0.1,2.0,0.05,0.2,5.0,3806.2501706353178,0.005301972024344336,0.7665520061514078,1.392964673012904,717893.2957697028,0.15331040123028158,0.0010603944048688673,0.1<=Da<=1: mixed flow and interaction,140.84791956134444,7.762986544006756e-238,368.9605822543629,509.80850181570736,497.9551551374338,0.49764525366546697,Dissociation model: bulk flow component washes out fast; bound component decays by koff.
SYNTHETIC_SIMULATED_TRAINING_DATA_NOT_EXPERIMENTAL,strong_retained_interaction,Strong binding and slow dissociation; signal remains after wash.,1,dissociation_buffer_wash,250,120,0.0,0.0,0.5,0.1,2.0,0.05,0.2,5.0,3806.2501706353178,0.005301972024344336,0.7665520061514078,1.392964673012904,717893.2957697028,0.15331040123028158,0.0010603944048688673,0.1<=Da<=1: mixed flow and interaction,140.84791956134444,1.497285911649897e-259,349.9079412660463,490.75586082739073,481.44750026607375,0.4746410821520349,Dissociation model: bulk flow component washes out fast; bound component decays by koff.
SYNTHETIC_SIMULATED_TRAINING_DATA_NOT_EXPERIMENTAL,strong_retained_interaction,Strong binding and slow dissociation; signal remains after wash.,1,dissociation_buffer_wash,260,130,0.0,0.0,0.5,0.1,2.0,0.05,0.2,5.0,3806.2501706353178,0.005301972024344336,0.7665520061514078,1.392964673012904,717893.2957697028,0.15331040123028158,0.0010603944048688673,0.1<=Da<=1: mixed flow and interaction,140.84791956134444,2.8878899744532545e-281,331.8391536921288,472.6870732534732,498.4637394005506,0.4983539890799727,Dissociation model: bulk flow component washes out fast; bound component decays by koff.
SYNTHETIC_SIMULATED_TRAINING_DATA_NOT_EXPERIMENTAL,strong_retained_interaction,Strong binding and slow dissociation; signal remains after wash.,2,association_probe_injection,0,0,200.0,0.00019999999999999998,0.5,0.1,2.0,0.05,0.2,5.0,3516.9751732379323,0.004906460063181995,0.7083014947107683,1.3950795275773364,716805.0137876924,0.14166029894215368,0.000981292012636399,0.1<=Da<=1: mixed flow and interaction,141.29537392898882,0.0,0.0,141.29537392898882,144.92881134642155,0.004712003242207724,Association model: baseline + bulk flow wash-in + binding buildup with random noise.
SYNTHETIC_SIMULATED_TRAINING_DATA_NOT_EXPERIMENTAL,strong_retained_interaction,Strong binding and slow dissociation; signal remains after wash.,2,association_probe_injection,10,10,200.0,0.00019999999999999998,0.5,0.1,2.0,0.05,0.2,5.0,3516.9751732379323,0.004906460063181995,0.7083014947107683,1.3950795275773364,716805.0137876924,0.14166029894215368,0.000981292012636399,0.1<=Da<=1: mixed flow and interaction,141.29537392898882,61.05721311426607,709.4493758574122,911.801962900667,876.011335454998,0.9528123358344358,Association model: baseline + bulk flow wash-in + binding buildup with random noise.
SYNTHETIC_SIMULATED_TRAINING_DATA_NOT_EXPERIMENTAL,strong_retained_interaction,Strong binding and slow dissociation; signal remains after wash.,2,association_probe_injection,20,20,200.0,0.00019999999999999998,0.5,0.1,2.0,0.05,0.2,5.0,3516.9751732379323,0.004906460063181995,0.7083014947107683,1.3950795275773364,716805.0137876924,0.14166029894215368,0.000981292012636399,0.1<=Da<=1: mixed flow and interaction,141.29537392898882,61.05721311426607,710.0447734909937,912.3973605342486,938.8848323402085,1.0343494829311861,Association model: baseline + bulk flow wash-in + binding buildup with random noise.
SYNTHETIC_SIMULATED_TRAINING_DATA_NOT_EXPERIMENTAL,strong_retained_interaction,Strong binding and slow dissociation; signal remains after wash.,2,association_probe_injection,30,30,200.0,0.00019999999999999998,0.5,0.1,2.0,0.05,0.2,5.0,3516.9751732379323,0.004906460063181995,0.7083014947107683,1.3950795275773364,716805.0137876924,0.14166029894215368,0.000981292012636399,0.1<=Da<=1: mixed flow and interaction,141.29537392898882,61.05721311426607,710.0452731719492,912.3978602152041,926.6428894271089,1.0184735868938175,Association model: baseline + bulk flow wash-in + binding buildup with random noise.
SYNTHETIC_SIMULATED_TRAINING_DATA_NOT_EXPERIMENTAL,strong_retained_interaction,Strong binding and slow dissociation; signal remains after wash.,2,association_probe_injection,40,40,200.0,0.00019999999999999998,0.5,0.1,2.0,0.05,0.2,5.0,3516.9751732379323,0.004906460063181995,0.7083014947107683,1.3950795275773364,716805.0137876924,0.14166029894215368,0.000981292012636399,0.1<=Da<=1: mixed flow and interaction,141.29537392898882,61.05721311426607,710.0452735913011,912.397860634556,948.6402389050395,1.0470007280419433,Association model: baseline + bulk flow wash-in + binding buildup with random noise.
SYNTHETIC_SIMULATED_TRAINING_DATA_NOT_EXPERIMENTAL,strong_retained_interaction,Strong binding and slow dissociation; signal remains after wash.,2,association_probe_injection,50,50,200.0,0.00019999999999999998,0.5,0.1,2.0,0.05,0.2,5.0,3516.9751732379323,0.004906460063181995,0.7083014947107683,1.3950795275773364,716805.0137876924,0.14166029894215368,0.000981292012636399,0.1<=Da<=1: mixed flow and interaction,141.29537392898882,61.05721311426607,710.045273591653,912.3978606349078,894.6302141234241,0.9769581257773063,Association model: baseline + bulk flow wash-in + binding buildup with random noise.
SYNTHETIC_SIMULATED_TRAINING_DATA_NOT_EXPERIMENTAL,strong_retained_interaction,Strong binding and slow dissociation; signal remains after wash.,2,association_probe_injection,60,60,200.0,0.00019999999999999998,0.5,0.1,2.0,0.05,0.2,5.0,3516.9751732379323,0.004906460063181995,0.7083014947107683,1.3950795275773364,716805.0137876924,0.14166029894215368,0.000981292012636399,0.1<=Da<=1: mixed flow and interaction,141.29537392898882,61.05721311426607,710.0452735916533,912.3978606349082,921.0662895789575,1.011241604188154,Association model: baseline + bulk flow wash-in + binding buildup with random noise.
SYNTHETIC_SIMULATED_TRAINING_DATA_NOT_EXPERIMENTAL,strong_retained_interaction,Strong binding and slow dissociation; signal remains after wash.,2,association_probe_injection,70,70,200.0,0.00019999999999999998,0.5,0.1,2.0,0.05,0.2,5.0,3516.9751732379323,0.004906460063181995,0.7083014947107683,1.3950795275773364,716805.0137876924,0.14166029894215368,0.000981292012636399,0.1<=Da<=1: mixed flow and interaction,141.29537392898882,61.05721311426607,710.0452735916533,912.3978606349082,874.2990789916713,0.9505918054991735,Association model: baseline + bulk flow wash-in + binding buildup with random noise.
SYNTHETIC_SIMULATED_TRAINING_DATA_NOT_EXPERIMENTAL,strong_retained_interaction,Strong binding and slow dissociation; signal remains after wash.,2,association_probe_injection,80,80,200.0,0.00019999999999999998,0.5,0.1,2.0,0.05,0.2,5.0,3516.9751732379323,0.004906460063181995,0.7083014947107683,1.3950795275773364,716805.0137876924,0.14166029894215368,0.000981292012636399,0.1<=Da<=1: mixed flow and interaction,141.29537392898882,61.05721311426607,710.0452735916533,912.3978606349082,955.1369848341558,1.0554259971094442,Association model: baseline + bulk flow wash-in + binding buildup with random noise.
SYNTHETIC_SIMULATED_TRAINING_DATA_NOT_EXPERIMENTAL,strong_retained_interaction,Strong binding and slow dissociation; signal remains after wash.,2,association_probe_injection,90,90,200.0,0.00019999999999999998,0.5,0.1,2.0,0.05,0.2,5.0,3516.9751732379323,0.004906460063181995,0.7083014947107683,1.3950795275773364,716805.0137876924,0.14166029894215368,0.000981292012636399,0.1<=Da<=1: mixed flow and interaction,141.29537392898882,61.05721311426607,710.0452735916533,912.3978606349082,944.3827046946645,1.0414793683215737,Association model: baseline + bulk flow wash-in + binding buildup with random noise.
SYNTHETIC_SIMULATED_TRAINING_DATA_NOT_EXPERIMENTAL,strong_retained_interaction,Strong binding and slow dissociation; signal remains after wash.,2,association_probe_injection,100,100,200.0,0.00019999999999999998,0.5,0.1,2.0,0.05,0.2,5.0,3516.9751732379323,0.004906460063181995,0.7083014947107683,1.3950795275773364,716805.0137876924,0.14166029894215368,0.000981292012636399,0.1<=Da<=1: mixed flow and interaction,141.29537392898882,61.05721311426607,710.0452735916533,912.3978606349082,863.0392218879879,0.9359895220183039,Association model: baseline + bulk flow wash-in + binding buildup with random noise.
SYNTHETIC_SIMULATED_TRAINING_DATA_NOT_EXPERIMENTAL,strong_retained_interaction,Strong binding and slow dissociation; signal remains after wash.,2,association_probe_injection,110,110,200.0,0.00019999999999999998,0.5,0.1,2.0,0.05,0.2,5.0,3516.9751732379323,0.004906460063181995,0.7083014947107683,1.3950795275773364,716805.0137876924,0.14166029894215368,0.000981292012636399,0.1<=Da<=1: mixed flow and interaction,141.29537392898882,61.05721311426607,710.0452735916533,912.3978606349082,874.7553085975566,0.9511834643431675,Association model: baseline + bulk flow wash-in + binding buildup with random noise.
SYNTHETIC_SIMULATED_TRAINING_DATA_NOT_EXPERIMENTAL,strong_retained_interaction,Strong binding and slow dissociation; signal remains after wash.,2,association_probe_injection,120,120,200.0,0.00019999999999999998,0.5,0.1,2.0,0.05,0.2,5.0,3516.9751732379323,0.004906460063181995,0.7083014947107683,1.3950795275773364,716805.0137876924,0.14166029894215368,0.000981292012636399,0.1<=Da<=1: mixed flow and interaction,141.29537392898882,61.05721311426607,710.0452735916533,912.3978606349082,900.6997669146278,0.9848293917838942,Association model: baseline + bulk flow wash-in + binding buildup with random noise.
SYNTHETIC_SIMULATED_TRAINING_DATA_NOT_EXPERIMENTAL,strong_retained_interaction,Strong binding and slow dissociation; signal remains after wash.,2,dissociation_buffer_wash,130,0,0.0,0.0,0.5,0.1,2.0,0.05,0.2,5.0,3516.9751732379323,0.004906460063181995,0.7083014947107683,1.3950795275773364,716805.0137876924,0.14166029894215368,0.000981292012636399,0.1<=Da<=1: mixed flow and interaction,141.29537392898882,61.05721311426607,710.0452735916533,912.3978606349082,893.6054133131578,0.9756291185079299,Dissociation model: bulk flow component washes out fast; bound component decays by koff.
SYNTHETIC_SIMULATED_TRAINING_DATA_NOT_EXPERIMENTAL,strong_retained_interaction,Strong binding and slow dissociation; signal remains after wash.,2,dissociation_buffer_wash,140,10,0.0,0.0,0.5,0.1,2.0,0.05,0.2,5.0,3516.9751732379323,0.004906460063181995,0.7083014947107683,1.3950795275773364,716805.0137876924,0.14166029894215368,0.000981292012636399,0.1<=Da<=1: mixed flow and interaction,141.29537392898882,1.1776409051124121e-20,676.0480362046186,817.3434101336074,758.9788155877864,0.801039358980005,Dissociation model: bulk flow component washes out fast; bound component decays by koff.
SYNTHETIC_SIMULATED_TRAINING_DATA_NOT_EXPERIMENTAL,strong_retained_interaction,Strong binding and slow dissociation; signal remains after wash.,2,dissociation_buffer_wash,150,20,0.0,0.0,0.5,0.1,2.0,0.05,0.2,5.0,3516.9751732379323,0.004906460063181995,0.7083014947107683,1.3950795275773364,716805.0137876924,0.14166029894215368,0.000981292012636399,0.1<=Da<=1: mixed flow and interaction,141.29537392898882,2.2713747166916553e-42,643.6785994564136,784.9739733854025,792.5467830966872,0.8445717922007825,Dissociation model: bulk flow component washes out fast; bound component decays by koff.
SYNTHETIC_SIMULATED_TRAINING_DATA_NOT_EXPERIMENTAL,strong_retained_interaction,Strong binding and slow dissociation; signal remains after wash.,2,dissociation_buffer_wash,160,30,0.0,0.0,0.5,0.1,2.0,0.05,0.2,5.0,3516.9751732379323,0.004906460063181995,0.7083014947107683,1.3950795275773364,716805.0137876924,0.14166029894215368,0.000981292012636399,0.1<=Da<=1: mixed flow and interaction,141.29537392898882,4.380913639488117e-64,612.859023634184,754.1543975631729,737.1545669702787,0.7727367027264388,Dissociation model: bulk flow component washes out fast; bound component decays by koff.
SYNTHETIC_SIMULATED_TRAINING_DATA_NOT_EXPERIMENTAL,strong_retained_interaction,Strong binding and slow dissociation; signal remains after wash.,2,dissociation_buffer_wash,170,40,0.0,0.0,0.5,0.1,2.0,0.05,0.2,5.0,3516.9751732379323,0.004906460063181995,0.7083014947107683,1.3950795275773364,716805.0137876924,0.14166029894215368,0.000981292012636399,0.1<=Da<=1: mixed flow and interaction,141.29537392898882,8.44968651610576e-86,583.5151008081303,724.8104747371192,688.1654934301008,0.7092054933414779,Dissociation model: bulk flow component washes out fast; bound component decays by koff.
SYNTHETIC_SIMULATED_TRAINING_DATA_NOT_EXPERIMENTAL,strong_retained_interaction,Strong binding and slow dissociation; signal remains after wash.,2,dissociation_buffer_wash,180,50,0.0,0.0,0.5,0.1,2.0,0.05,0.2,5.0,3516.9751732379323,0.004906460063181995,0.7083014947107683,1.3950795275773364,716805.0137876924,0.14166029894215368,0.000981292012636399,0.1<=Da<=1: mixed flow and interaction,141.29537392898882,1.629733158328175e-107,555.5761761523172,696.871550081306,687.0732999287054,0.7077890882329155,Dissociation model: bulk flow component washes out fast; bound component decays by koff.
SYNTHETIC_SIMULATED_TRAINING_DATA_NOT_EXPERIMENTAL,strong_retained_interaction,Strong binding and slow dissociation; signal remains after wash.,2,dissociation_buffer_wash,190,60,0.0,0.0,0.5,0.1,2.0,0.05,0.2,5.0,3516.9751732379323,0.004906460063181995,0.7083014947107683,1.3950795275773364,716805.0137876924,0.14166029894215368,0.000981292012636399,0.1<=Da<=1: mixed flow and interaction,141.29537392898882,3.143347581347223e-129,528.9749778207108,670.2703517496997,647.8674806006422,0.6569452380262498,Dissociation model: bulk flow component washes out fast; bound component decays by koff.
SYNTHETIC_SIMULATED_TRAINING_DATA_NOT_EXPERIMENTAL,strong_retained_interaction,Strong binding and slow dissociation; signal remains after wash.,2,dissociation_buffer_wash,200,70,0.0,0.0,0.5,0.1,2.0,0.05,0.2,5.0,3516.9751732379323,0.004906460063181995,0.7083014947107683,1.3950795275773364,716805.0137876924,0.14166029894215368,0.000981292012636399,0.1<=Da<=1: mixed flow and interaction,141.29537392898882,6.062731169621205e-151,503.64745496881653,644.9428288978054,625.0328181970743,0.6273322322361693,Dissociation model: bulk flow component washes out fast; bound component decays by koff.
SYNTHETIC_SIMULATED_TRAINING_DATA_NOT_EXPERIMENTAL,strong_retained_interaction,Strong binding and slow dissociation; signal remains after wash.,2,dissociation_buffer_wash,210,80,0.0,0.0,0.5,0.1,2.0,0.05,0.2,5.0,3516.9751732379323,0.004906460063181995,0.7083014947107683,1.3950795275773364,716805.0137876924,0.14166029894215368,0.000981292012636399,0.1<=Da<=1: mixed flow and interaction,141.29537392898882,1.1693491821653004e-172,479.5326235309019,620.8279974598908,592.5725390426869,0.5852362985386205,Dissociation model: bulk flow component washes out fast; bound component decays by koff.
SYNTHETIC_SIMULATED_TRAINING_DATA_NOT_EXPERIMENTAL,strong_retained_interaction,Strong binding and slow dissociation; signal remains after wash.,2,dissociation_buffer_wash,220,90,0.0,0.0,0.5,0.1,2.0,0.05,0.2,5.0,3516.9751732379323,0.004906460063181995,0.7083014947107683,1.3950795275773364,716805.0137876924,0.14166029894215368,0.000981292012636399,0.1<=Da<=1: mixed flow and interaction,141.29537392898882,2.2553820573180547e-194,456.5724193814644,597.8677933104532,600.774157914292,0.5958725226631745,Dissociation model: bulk flow component washes out fast; bound component decays by koff.
SYNTHETIC_SIMULATED_TRAINING_DATA_NOT_EXPERIMENTAL,strong_retained_interaction,Strong binding and slow dissociation; signal remains after wash.,2,dissociation_buffer_wash,230,100,0.0,0.0,0.5,0.1,2.0,0.05,0.2,5.0,3516.9751732379323,0.004906460063181995,0.7083014947107683,1.3950795275773364,716805.0137876924,0.14166029894215368,0.000981292012636399,0.1<=Da<=1: mixed flow and interaction,141.29537392898882,4.350067800152747e-216,434.7115585273842,576.0069324563731,578.5970815449916,0.5671123036888603,Dissociation model: bulk flow component washes out fast; bound component decays by koff.
SYNTHETIC_SIMULATED_TRAINING_DATA_NOT_EXPERIMENTAL,strong_retained_interaction,Strong binding and slow dissociation; signal remains after wash.,2,dissociation_buffer_wash,240,110,0.0,0.0,0.5,0.1,2.0,0.05,0.2,5.0,3516.9751732379323,0.004906460063181995,0.7083014947107683,1.3950795275773364,716805.0137876924,0.14166029894215368,0.000981292012636399,0.1<=Da<=1: mixed flow and interaction,141.29537392898882,8.390192608177344e-238,413.89740399413023,555.192777923119,559.0471131517564,0.5417590351800906,Dissociation model: bulk flow component washes out fast; bound component decays by koff.
SYNTHETIC_SIMULATED_TRAINING_DATA_NOT_EXPERIMENTAL,strong_retained_interaction,Strong binding and slow dissociation; signal remains after wash.,2,dissociation_buffer_wash,250,120,0.0,0.0,0.5,0.1,2.0,0.05,0.2,5.0,3516.9751732379323,0.004906460063181995,0.7083014947107683,1.3950795275773364,716805.0137876924,0.14166029894215368,0.000981292012636399,0.1<=Da<=1: mixed flow and interaction,141.29537392898882,1.618258271741004e-259,394.0798390855041,535.3752130144929,515.3317944797806,0.48506706566158503,Dissociation model: bulk flow component washes out fast; bound component decays by koff.
SYNTHETIC_SIMULATED_TRAINING_DATA_NOT_EXPERIMENTAL,strong_retained_interaction,Strong binding and slow dissociation; signal remains after wash.,2,dissociation_buffer_wash,260,130,0.0,0.0,0.5,0.1,2.0,0.05,0.2,5.0,3516.9751732379323,0.004906460063181995,0.7083014947107683,1.3950795275773364,716805.0137876924,0.14166029894215368,0.000981292012636399,0.1<=Da<=1: mixed flow and interaction,141.29537392898882,3.121215395586813e-281,375.21114671175656,516.5065206407454,536.5471651578995,0.5125801019231448,Dissociation model: bulk flow component washes out fast; bound component decays by koff.
SYNTHETIC_SIMULATED_TRAINING_DATA_NOT_EXPERIMENTAL,strong_retained_interaction,Strong binding and slow dissociation; signal remains after wash.,3,association_probe_injection,0,0,200.0,0.00019999999999999998,0.5,0.1,2.0,0.05,0.2,5.0,4070.933540474744,0.0045504064430608926,0.8187371145380097,1.1177795947339964,894630.7525303994,0.16374742290760194,0.0009100812886121785,0.1<=Da<=1: mixed flow and interaction,139.99662701043746,0.0,0.0,139.99662701043746,126.8465943467514,-0.0172755340127035,Association model: baseline + bulk flow wash-in + binding buildup with random noise.
SYNTHETIC_SIMULATED_TRAINING_DATA_NOT_EXPERIMENTAL,strong_retained_interaction,Strong binding and slow dissociation; signal remains after wash.,3,association_probe_injection,10,10,200.0,0.00019999999999999998,0.5,0.1,2.0,0.05,0.2,5.0,4070.933540474744,0.0045504064430608926,0.8187371145380097,1.1177795947339964,894630.7525303994,0.16374742290760194,0.0009100812886121785,0.1<=Da<=1: mixed flow and interaction,139.99662701043746,68.22306013402789,692.778184025714,900.9978711701795,930.3361983522266,1.038289295204943,Association model: baseline + bulk flow wash-in + binding buildup with random noise.
SYNTHETIC_SIMULATED_TRAINING_DATA_NOT_EXPERIMENTAL,strong_retained_interaction,Strong binding and slow dissociation; signal remains after wash.,3,association_probe_injection,20,20,200.0,0.00019999999999999998,0.5,0.1,2.0,0.05,0.2,5.0,4070.933540474744,0.0045504064430608926,0.8187371145380097,1.1177795947339964,894630.7525303994,0.16374742290760194,0.0009100812886121785,0.1<=Da<=1: mixed flow and interaction,139.99662701043746,68.22306013402789,692.9708762071402,901.1905633516055,881.8684018333191,0.9746159121269368,Association model: baseline + bulk flow wash-in + binding buildup with random noise.
SYNTHETIC_SIMULATED_TRAINING_DATA_NOT_EXPERIMENTAL,strong_retained_interaction,Strong binding and slow dissociation; signal remains after wash.,3,association_probe_injection,30,30,200.0,0.00019999999999999998,0.5,0.1,2.0,0.05,0.2,5.0,4070.933540474744,0.0045504064430608926,0.8187371145380097,1.1177795947339964,894630.7525303994,0.16374742290760194,0.0009100812886121785,0.1<=Da<=1: mixed flow and interaction,139.99662701043746,68.22306013402789,692.9709298033383,901.1906169478036,901.5793958335639,1.0005107487394547,Association model: baseline + bulk flow wash-in + binding buildup with random noise.
SYNTHETIC_SIMULATED_TRAINING_DATA_NOT_EXPERIMENTAL,strong_retained_interaction,Strong binding and slow dissociation; signal remains after wash.,3,association_probe_injection,40,40,200.0,0.00019999999999999998,0.5,0.1,2.0,0.05,0.2,5.0,4070.933540474744,0.0045504064430608926,0.8187371145380097,1.1177795947339964,894630.7525303994,0.16374742290760194,0.0009100812886121785,0.1<=Da<=1: mixed flow and interaction,139.99662701043746,68.22306013402789,692.9709298182457,901.1906169627111,874.0481683132847,0.9643422714738823,Association model: baseline + bulk flow wash-in + binding buildup with random noise.
SYNTHETIC_SIMULATED_TRAINING_DATA_NOT_EXPERIMENTAL,strong_retained_interaction,Strong binding and slow dissociation; signal remains after wash.,3,association_probe_injection,50,50,200.0,0.00019999999999999998,0.5,0.1,2.0,0.05,0.2,5.0,4070.933540474744,0.0045504064430608926,0.8187371145380097,1.1177795947339964,894630.7525303994,0.16374742290760194,0.0009100812886121785,0.1<=Da<=1: mixed flow and interaction,139.99662701043746,68.22306013402789,692.9709298182499,901.1906169627152,865.0621904345177,0.9525371626614357,Association model: baseline + bulk flow wash-in + binding buildup with random noise.
SYNTHETIC_SIMULATED_TRAINING_DATA_NOT_EXPERIMENTAL,strong_retained_interaction,Strong binding and slow dissociation; signal remains after wash.,3,association_probe_injection,60,60,200.0,0.00019999999999999998,0.5,0.1,2.0,0.05,0.2,5.0,4070.933540474744,0.0045504064430608926,0.8187371145380097,1.1177795947339964,894630.7525303994,0.16374742290760194,0.0009100812886121785,0.1<=Da<=1: mixed flow and interaction,139.99662701043746,68.22306013402789,692.9709298182499,901.1906169627152,883.4151012136601,0.9766478506350665,Association model: baseline + bulk flow wash-in + binding buildup with random noise.
SYNTHETIC_SIMULATED_TRAINING_DATA_NOT_EXPERIMENTAL,strong_retained_interaction,Strong binding and slow dissociation; signal remains after wash.,3,association_probe_injection,70,70,200.0,0.00019999999999999998,0.5,0.1,2.0,0.05,0.2,5.0,4070.933540474744,0.0045504064430608926,0.8187371145380097,1.1177795947339964,894630.7525303994,0.16374742290760194,0.0009100812886121785,0.1<=Da<=1: mixed flow and interaction,139.99662701043746,68.22306013402789,692.9709298182499,901.1906169627152,853.2538758798396,0.9370242780215841,Association model: baseline + bulk flow wash-in + binding buildup with random noise.
SYNTHETIC_SIMULATED_TRAINING_DATA_NOT_EXPERIMENTAL,strong_retained_interaction,Strong binding and slow dissociation; signal remains after wash.,3,association_probe_injection,80,80,200.0,0.00019999999999999998,0.5,0.1,2.0,0.05,0.2,5.0,4070.933540474744,0.0045504064430608926,0.8187371145380097,1.1177795947339964,894630.7525303994,0.16374742290760194,0.0009100812886121785,0.1<=Da<=1: mixed flow and interaction,139.99662701043746,68.22306013402789,692.9709298182499,901.1906169627152,859.7357076980962,0.9455396261507292,Association model: baseline + bulk flow wash-in + binding buildup with random noise.
SYNTHETIC_SIMULATED_TRAINING_DATA_NOT_EXPERIMENTAL,strong_retained_interaction,Strong binding and slow dissociation; signal remains after wash.,3,association_probe_injection,90,90,200.0,0.00019999999999999998,0.5,0.1,2.0,0.05,0.2,5.0,4070.933540474744,0.0045504064430608926,0.8187371145380097,1.1177795947339964,894630.7525303994,0.16374742290760194,0.0009100812886121785,0.1<=Da<=1: mixed flow and interaction,139.99662701043746,68.22306013402789,692.9709298182499,901.1906169627152,923.7805738771455,1.0296770037764569,Association model: baseline + bulk flow wash-in + binding buildup with random noise.
SYNTHETIC_SIMULATED_TRAINING_DATA_NOT_EXPERIMENTAL,strong_retained_interaction,Strong binding and slow dissociation; signal remains after wash.,3,association_probe_injection,100,100,200.0,0.00019999999999999998,0.5,0.1,2.0,0.05,0.2,5.0,4070.933540474744,0.0045504064430608926,0.8187371145380097,1.1177795947339964,894630.7525303994,0.16374742290760194,0.0009100812886121785,0.1<=Da<=1: mixed flow and interaction,139.99662701043746,68.22306013402789,692.9709298182499,901.1906169627152,918.3531977406631,1.0225469210273503,Association model: baseline + bulk flow wash-in + binding buildup with random noise.
SYNTHETIC_SIMULATED_TRAINING_DATA_NOT_EXPERIMENTAL,strong_retained_interaction,Strong binding and slow dissociation; signal remains after wash.,3,association_probe_injection,110,110,200.0,0.00019999999999999998,0.5,0.1,2.0,0.05,0.2,5.0,4070.933540474744,0.0045504064430608926,0.8187371145380097,1.1177795947339964,894630.7525303994,0.16374742290760194,0.0009100812886121785,0.1<=Da<=1: mixed flow and interaction,139.99662701043746,68.22306013402789,692.9709298182499,901.1906169627152,913.1605428672138,1.0157251976007442,Association model: baseline + bulk flow wash-in + binding buildup with random noise.
SYNTHETIC_SIMULATED_TRAINING_DATA_NOT_EXPERIMENTAL,strong_retained_interaction,Strong binding and slow dissociation; signal remains after wash.,3,association_probe_injection,120,120,200.0,0.00019999999999999998,0.5,0.1,2.0,0.05,0.2,5.0,4070.933540474744,0.0045504064430608926,0.8187371145380097,1.1177795947339964,894630.7525303994,0.16374742290760194,0.0009100812886121785,0.1<=Da<=1: mixed flow and interaction,139.99662701043746,68.22306013402789,692.9709298182499,901.1906169627152,843.5606794255818,0.9242900780906763,Association model: baseline + bulk flow wash-in + binding buildup with random noise.
SYNTHETIC_SIMULATED_TRAINING_DATA_NOT_EXPERIMENTAL,strong_retained_interaction,Strong binding and slow dissociation; signal remains after wash.,3,dissociation_buffer_wash,130,0,0.0,0.0,0.5,0.1,2.0,0.05,0.2,5.0,4070.933540474744,0.0045504064430608926,0.8187371145380097,1.1177795947339964,894630.7525303994,0.16374742290760194,0.0009100812886121785,0.1<=Da<=1: mixed flow and interaction,139.99662701043746,68.22306013402789,692.9709298182499,901.1906169627152,905.5789613721611,1.0057650802126286,Dissociation model: bulk flow component washes out fast; bound component decays by koff.
SYNTHETIC_SIMULATED_TRAINING_DATA_NOT_EXPERIMENTAL,strong_retained_interaction,Strong binding and slow dissociation; signal remains after wash.,3,dissociation_buffer_wash,140,10,0.0,0.0,0.5,0.1,2.0,0.05,0.2,5.0,4070.933540474744,0.0045504064430608926,0.8187371145380097,1.1177795947339964,894630.7525303994,0.16374742290760194,0.0009100812886121785,0.1<=Da<=1: mixed flow and interaction,139.99662701043746,1.3158521686113952e-20,662.1446162075371,802.1412432179745,828.9724973163421,0.9051252103936069,Dissociation model: bulk flow component washes out fast; bound component decays by koff.
SYNTHETIC_SIMULATED_TRAINING_DATA_NOT_EXPERIMENTAL,strong_retained_interaction,Strong binding and slow dissociation; signal remains after wash.,3,dissociation_buffer_wash,150,20,0.0,0.0,0.5,0.1,2.0,0.05,0.2,5.0,4070.933540474744,0.0045504064430608926,0.8187371145380097,1.1177795947339964,894630.7525303994,0.16374742290760194,0.0009100812886121785,0.1<=Da<=1: mixed flow and interaction,139.99662701043746,2.53794967015222e-42,632.6895889956278,772.6862160060653,798.4374824770256,0.8650105809530475,Dissociation model: bulk flow component washes out fast; bound component decays by koff.
SYNTHETIC_SIMULATED_TRAINING_DATA_NOT_EXPERIMENTAL,strong_retained_interaction,Strong binding and slow dissociation; signal remains after wash.,3,dissociation_buffer_wash,160,30,0.0,0.0,0.5,0.1,2.0,0.05,0.2,5.0,4070.933540474744,0.0045504064430608926,0.8187371145380097,1.1177795947339964,894630.7525303994,0.16374742290760194,0.0009100812886121785,0.1<=Da<=1: mixed flow and interaction,139.99662701043746,4.8950700404461695e-64,604.5448474929394,744.5414745033769,695.1672778554209,0.7293418736527192,Dissociation model: bulk flow component washes out fast; bound component decays by koff.
SYNTHETIC_SIMULATED_TRAINING_DATA_NOT_EXPERIMENTAL,strong_retained_interaction,Strong binding and slow dissociation; signal remains after wash.,3,dissociation_buffer_wash,170,40,0.0,0.0,0.5,0.1,2.0,0.05,0.2,5.0,4070.933540474744,0.0045504064430608926,0.8187371145380097,1.1177795947339964,894630.7525303994,0.16374742290760194,0.0009100812886121785,0.1<=Da<=1: mixed flow and interaction,139.99662701043746,9.441365596283278e-86,577.6521045817099,717.6487315921473,710.8718035574666,0.7499733104603459,Dissociation model: bulk flow component washes out fast; bound component decays by koff.
SYNTHETIC_SIMULATED_TRAINING_DATA_NOT_EXPERIMENTAL,strong_retained_interaction,Strong binding and slow dissociation; signal remains after wash.,3,dissociation_buffer_wash,180,50,0.0,0.0,0.5,0.1,2.0,0.05,0.2,5.0,4070.933540474744,0.0045504064430608926,0.8187371145380097,1.1177795947339964,894630.7525303994,0.16374742290760194,0.0009100812886121785,0.1<=Da<=1: mixed flow and interaction,139.99662701043746,1.8210032458403137e-107,551.9556660047058,691.9522930151433,731.118419129047,0.7765718068211089,Dissociation model: bulk flow component washes out fast; bound component decays by koff.
SYNTHETIC_SIMULATED_TRAINING_DATA_NOT_EXPERIMENTAL,strong_retained_interaction,Strong binding and slow dissociation; signal remains after wash.,3,dissociation_buffer_wash,190,60,0.0,0.0,0.5,0.1,2.0,0.05,0.2,5.0,4070.933540474744,0.0045504064430608926,0.8187371145380097,1.1177795947339964,894630.7525303994,0.16374742290760194,0.0009100812886121785,0.1<=Da<=1: mixed flow and interaction,139.99662701043746,3.5122597335563056e-129,527.4023150236862,667.3989420341237,700.0946500050493,0.7358150883846659,Dissociation model: bulk flow component washes out fast; bound component decays by koff.
SYNTHETIC_SIMULATED_TRAINING_DATA_NOT_EXPERIMENTAL,strong_retained_interaction,Strong binding and slow dissociation; signal remains after wash.,3,dissociation_buffer_wash,200,70,0.0,0.0,0.5,0.1,2.0,0.05,0.2,5.0,4070.933540474744,0.0045504064430608926,0.8187371145380097,1.1177795947339964,894630.7525303994,0.16374742290760194,0.0009100812886121785,0.1<=Da<=1: mixed flow and interaction,139.99662701043746,6.774270427106515e-151,503.9412022087516,643.9378292191891,644.4631274475793,0.6627305353117261,Dissociation model: bulk flow component washes out fast; bound component decays by koff.
SYNTHETIC_SIMULATED_TRAINING_DATA_NOT_EXPERIMENTAL,strong_retained_interaction,Strong binding and slow dissociation; signal remains after wash.,3,dissociation_buffer_wash,210,80,0.0,0.0,0.5,0.1,2.0,0.05,0.2,5.0,4070.933540474744,0.0045504064430608926,0.8187371145380097,1.1177795947339964,894630.7525303994,0.16374742290760194,0.0009100812886121785,0.1<=Da<=1: mixed flow and interaction,139.99662701043746,1.3065873056348154e-172,481.52374013033364,621.5203671407711,649.8785008012396,0.6698448496982596,Dissociation model: bulk flow component washes out fast; bound component decays by koff.
SYNTHETIC_SIMULATED_TRAINING_DATA_NOT_EXPERIMENTAL,strong_retained_interaction,Strong binding and slow dissociation; signal remains after wash.,3,dissociation_buffer_wash,220,90,0.0,0.0,0.5,0.1,2.0,0.05,0.2,5.0,4070.933540474744,0.0045504064430608926,0.8187371145380097,1.1177795947339964,894630.7525303994,0.16374742290760194,0.0009100812886121785,0.1<=Da<=1: mixed flow and interaction,139.99662701043746,2.5200800670947353e-194,460.1035027357373,600.1001297461748,604.9487762058146,0.6108195221359102,Dissociation model: bulk flow component washes out fast; bound component decays by koff.
SYNTHETIC_SIMULATED_TRAINING_DATA_NOT_EXPERIMENTAL,strong_retained_interaction,Strong binding and slow dissociation; signal remains after wash.,3,dissociation_buffer_wash,230,100,0.0,0.0,0.5,0.1,2.0,0.05,0.2,5.0,4070.933540474744,0.0045504064430608926,0.8187371145380097,1.1177795947339964,894630.7525303994,0.16374742290760194,0.0009100812886121785,0.1<=Da<=1: mixed flow and interaction,139.99662701043746,4.8606040462658705e-216,439.63612920184426,579.6327562122817,566.7982000042684,0.5607001350872315,Dissociation model: bulk flow component washes out fast; bound component decays by koff.
SYNTHETIC_SIMULATED_TRAINING_DATA_NOT_EXPERIMENTAL,strong_retained_interaction,Strong binding and slow dissociation; signal remains after wash.,3,dissociation_buffer_wash,240,110,0.0,0.0,0.5,0.1,2.0,0.05,0.2,5.0,4070.933540474744,0.0045504064430608926,0.8187371145380097,1.1177795947339964,894630.7525303994,0.16374742290760194,0.0009100812886121785,0.1<=Da<=1: mixed flow and interaction,139.99662701043746,9.374889315248101e-238,420.0792320648599,560.0758590752973,567.7493381168372,0.5619496695359052,Dissociation model: bulk flow component washes out fast; bound component decays by koff.
SYNTHETIC_SIMULATED_TRAINING_DATA_NOT_EXPERIMENTAL,strong_retained_interaction,Strong binding and slow dissociation; signal remains after wash.,3,dissociation_buffer_wash,250,120,0.0,0.0,0.5,0.1,2.0,0.05,0.2,5.0,4070.933540474744,0.0045504064430608926,0.8187371145380097,1.1177795947339964,894630.7525303994,0.16374742290760194,0.0009100812886121785,0.1<=Da<=1: mixed flow and interaction,139.99662701043746,1.8081816341463333e-259,401.39230943684265,541.3889364472801,557.3578766656128,0.5482981410314883,Dissociation model: bulk flow component washes out fast; bound component decays by koff.
SYNTHETIC_SIMULATED_TRAINING_DATA_NOT_EXPERIMENTAL,strong_retained_interaction,Strong binding and slow dissociation; signal remains after wash.,3,dissociation_buffer_wash,260,130,0.0,0.0,0.5,0.1,2.0,0.05,0.2,5.0,4070.933540474744,0.0045504064430608926,0.8187371145380097,1.1177795947339964,894630.7525303994,0.16374742290760194,0.0009100812886121785,0.1<=Da<=1: mixed flow and interaction,139.99662701043746,3.4875300519508884e-281,383.53666112721777,523.5332881376553,529.6857374719849,0.5119445444990686,Dissociation model: bulk flow component washes out fast; bound component decays by koff.
